25000
686579303 686593896
26855092 26952289
295310485 295342584
239670711 239689001
790779946 790793381
726600539 726697620
957970516 958041999
93349856 93427254
453035110 453039276
31994523 32006804
234760738 234791234
542621108 542700016
28492780 28566344
213500298 213594149
697808098 697900023
585126461 585181449
236696312 236755191
632719211 632755675
869119330 869120182
814763202 814784129
749621470 749676863
365341213 365377635
166944844 166973066
819795579 819839698
109747451 109759608
407943839 407956516
385451171 385496254
648245888 648280560
866647391 866653087
783543540 783603758
575770529 575786891
990307112 990356728
84611066 84683424
314797776 314880174
664130526 664177927
619927151 619952355
756528252 756537369
49203558 49290232
244703907 244741838
85675980 85706493
930379756 930392995
408157429 408193864
486845604 486928925
895619255 895667075
174648506 174697027
381469012 381496473
719595113 719630107
753573823 753663417
695822698 695832057
654049436 654132664
183758720 183828731
782893941 782926029
175452091 175512681
407437181 407472564
993631208 993715095
738908273 738981274
235809993 235899727
348195935 348203267
245938494 245942702
864411347 864452695
430747414 430782508
71069472 71097126
980472440 980546782
940992571 941086670
337882805 337910675
703771909 703837345
424806516 424890776
492688426 492707153
284412919 284431221
264814270 264911918
602764446 602835091
282116655 282214568
627694430 627750586
964029981 964106466
428853029 428900477
235493870 235512002
547099690 547164377
97613238 97712300
50590821 50605193
164112119 164194360
171779360 171868553
453290810 453368983
68212356 68262789
409760584 409838689
502564736 502634089
269953851 270026364
924255163 924256668
730448745 730543212
122998994 123088348
950034367 950104749
806248900 806283874
825276600 825360613
365260635 365275257
315143362 315200348
169820594 169880065
3484630 3579277
940439931 940534261
282811832 282877445
818150683 818174100
545119047 545132995
934712197 934794157
320452650 320536399
545098869 545178688
213579170 213599203
401486939 401586883
173461957 173532655
836043811 836113326
986224887 986224962
643111853 643154341
524636385 524638938
120117054 120164631
943520428 943560735
257109965 257117558
258633898 258708263
84564737 84575964
785879795 785943495
876198296 876207368
816690353 816760176
822308461 822324945
137859287 137945762
510330567 510402631
177303722 177338464
566585408 566664916
454340903 454368664
997413271 997483958
810959828 811055502
740739735 740766101
765523129 765563987
428414718 428502758
697801251 697850196
470406376 470474216
484779555 484795416
266186631 266216083
68747287 68791601
22585366 22662477
594768704 594798866
631832764 631861629
7721109 7730415
760038427 760121147
63215224 63245232
72370545 72374663
923026480 923069790
76082500 76149892
255555531 255592032
718309417 718373042
230035022 230105701
142068763 142163575
947451608 947526456
618702544 618764498
260916298 260978292
867043303 867096658
204451095 204463459
104078666 104165041
462837684 462884123
454814084 454867968
501463916 501559478
58165865 58254125
701642483 701727180
105675387 105683332
432311310 432406759
364323393 364337716
266992705 267017818
204235259 204305552
481695135 481713509
452991960 453016011
299085574 299146212
268227631 268237512
475808013 475880146
105128697 105135328
700235246 700306102
897677788 897679723
100140141 100238913
911280105 911311088
178575192 178628462
521453189 521516282
229509408 229561974
968990653 968998339
176777762 176827435
2314313 2365487
284759615 284819254
306284028 306339473
747959430 748055179
841128035 841200881
710678904 710773068
522559454 522579744
203901283 203940174
233754555 233762221
621890096 621986531
582177668 582185658
803132646 803173751
61380746 61387319
627255918 627318412
539931481 540001097
169042105 169049561
545276696 545287197
914122100 914146457
73574218 73652211
72972420 73060922
925371323 925402152
433550699 433566413
955938726 956013395
264371717 264447598
638360085 638365295
665055833 665066579
450139320 450225484
626713347 626787433
561333669 561375137
279995032 280021805
719112790 719206663
337352358 337383644
285201412 285253289
140529481 140617521
693101194 693140516
490941149 490982591
997525838 997624387
77892576 77893797
492080329 492161746
604509817 604522922
78663096 78733565
228872698 228939006
284756779 284774141
374745382 374754399
944109232 944141251
396776692 396814046
169379374 169436808
895226828 895298029
755420240 755459892
656783995 656869713
567945747 567946773
717112652 717185345
321455482 321542434
111225158 111242760
283968123 283983253
955321749 955335779
797163846 797236359
166910922 166946620
302533494 302612771
226161867 226255926
368164906 368191592
738194420 738277551
915808162 915842763
542678844 542742877
269639388 269646047
99104722 99187859
454811020 454847286
47337803 47338268
358153605 358170752
684095277 684129613
173497327 173594482
474417266 474489576
757704655 757760713
602269164 602270432
120123666 120133529
948228268 948318842
970585914 970605451
585823118 585827841
896139578 896187972
625464884 625537305
159014493 159070827
136843584 136849067
330989881 331037677
965274018 965279248
965212976 965259875
225567963 225657363
267930513 268017930
110373808 110420166
837643439 837716825
949332407 949385672
666430218 666528454
165950383 165981413
928363301 928384601
858872154 858895361
946413444 946467485
26614158 26637668
790880074 790923615
840081098 840135063
861393416 861481223
927781681 927878027
870535450 870567978
286480450 286501317
845436943 845528861
116066793 116116934
936481956 936487032
921907485 921969180
238836384 238862543
876803188 876863521
375442872 375482874
881044229 881074061
239362341 239365443
708705238 708730552
427849588 427892614
299147754 299156854
830353157 830389743
377040284 377124365
546970178 547022565
729627019 729697302
355569462 355573080
123847257 123881495
191735734 191811834
285042337 285047352
116396351 116474545
466609283 466654593
782269302 782310417
468574364 468653822
549136331 549151489
413600440 413676015
204095531 204128918
47659674 47752576
468213197 468213419
558260221 558330797
737507241 737601539
796662826 796759432
720081872 720107698
391079829 391136361
75133802 75220865
988670177 988713457
669108025 669149171
712306873 712323208
772830248 772869612
544518647 544559186
716070802 716124331
350236225 350288969
748621833 748660586
595295870 595312554
205986733 206041842
713962536 714012232
727264603 727362663
969380073 969402884
660904107 660978701
323142470 323195696
588343096 588343150
326283245 326320852
225681936 225738283
843702118 843778138
651397897 651483711
346012478 346073425
474364121 474422076
725449223 725477234
548868899 548930921
852266893 852363357
182204745 182291102
91048514 91085711
553462378 553549391
679615069 679696237
359905654 359917895
878775497 878873951
252188235 252276420
333310361 333339806
866040317 866066418
158220114 158223316
49621604 49653697
510173760 510253881
912398903 912408449
488999385 489053707
951482263 951564808
618121922 618147408
771318048 771409321
412293741 412358541
429123992 429155972
158453521 158539512
738328947 738329674
958486184 958584615
923891022 923904993
835822550 835878275
234978881 235001935
863406382 863497597
556152900 556213790
53921577 53994638
267574609 267590516
490122159 490139637
860514523 860575425
716806128 716875745
600141462 600219510
340696084 340795077
957161300 957219309
657830420 657924697
957799499 957865662
458209399 458281210
478796089 478816951
798493949 798556166
483258726 483292699
807214179 807246586
901795907 901879487
297760792 297829120
520332086 520414236
256888294 256924287
472309605 472319761
766162966 766200417
251785565 251821180
360613550 360655455
958880263 958951062
86519602 86537739
161953189 161983501
411281012 411371970
164073400 164165992
229730155 229738574
445461013 445514438
355281184 355352306
500282414 500336911
66857303 66884414
894310083 894365153
418197538 418274095
746812123 746814684
919909014 919984471
408431021 408493540
6330865 6376971
320632895 320731655
418744974 418799896
577909930 578007909
788807316 788878899
858851904 858930974
964017593 964046500
524232414 524261175
293062061 293119187
521454127 521457932
417532243 417576301
718197581 718286598
856998797 857051792
777583839 777605472
902486082 902547344
987350298 987367027
668143326 668213335
28955006 29006652
635540030 635614006
711890569 711894122
90137896 90222143
460219456 460237243
930774552 930835068
195130056 195136647
279340713 279390403
351492250 351519993
488229686 488272527
362388455 362488231
944506245 944555938
298775766 298874334
893271900 893327156
270874491 270885227
504988121 504990662
804258674 804329377
55926488 55972359
240756713 240841929
73678414 73763841
43226844 43325703
33318206 33350618
214061901 214064573
667154083 667174057
256135680 256152225
508482316 508570064
122824732 122898653
234037646 234098599
751044796 751078383
823450567 823498919
180162221 180241637
652027025 652125058
771330207 771345220
835147672 835169138
333975497 333989666
621358005 621361371
997385005 997425894
618257024 618345806
974985653 975034846
425904456 425998175
212954978 212964940
635760237 635850758
891819497 891901711
260757540 260770897
748605284 748644814
912995414 913085102
644687060 644702927
854942461 855016639
840348305 840353689
372807202 372877030
459967386 460054093
397897455 397906494
543271261 543356136
366394187 366395846
912224883 912279941
882971099 883035351
113321496 113378319
388896443 388979751
957321378 957381637
759466878 759486931
467600762 467623849
787906704 787975091
698423334 698458735
661330848 661401388
831764920 831828293
499154414 499211506
886625773 886721591
636164778 636199958
346071904 346104082
891990632 892001992
299496923 299556011
261846370 261944737
498976917 499051609
655338677 655426258
406936666 406980759
30816384 30881174
913703651 913746252
195249057 195312962
227761953 227808461
856665975 856699838
365436049 365472705
945236377 945314517
752890318 752926530
596776072 596777403
554724287 554749330
91926217 91957853
773174285 773227557
524606470 524679239
814073098 814104598
741536135 741598538
693532952 693626255
527015393 527074137
851405188 851407449
99915275 99953842
237937327 237990333
742800803 742832694
328786222 328873249
624440558 624488927
508159580 508232125
570073085 570118142
456881239 456979011
590975123 591018481
377753674 377845799
487205269 487240779
329233929 329266881
247538338 247554153
774473159 774498402
338817025 338832696
797662466 797732703
818394863 818485325
198803134 198828240
232341238 232438049
519904272 519940514
778017216 778094495
816267011 816335777
640799178 640836272
107939087 107964531
318092217 318122034
387493096 387516616
324557359 324559214
760229059 760299070
135917419 135953374
48872110 48879257
594164665 594202956
748846217 748862769
684907325 685005995
527076988 527090435
937075684 937077292
616396766 616434035
504011128 504073875
472949775 472994433
197958983 197965718
271096600 271159217
122500131 122508696
430256336 430320791
79545125 79620757
675862179 675952154
57562304 57582192
160199682 160273455
326240903 326252068
266493008 266508534
599226355 599280904
651028618 651106754
849051496 849132554
242329714 242398209
408427798 408486848
975499151 975557180
319280490 319357630
460452529 460492556
610561240 610642640
64671796 64751702
794664845 794677852
818982730 819009966
671641650 671669310
284161612 284248176
87174381 87194967
257553274 257576057
592697161 592707000
168075622 168075973
438642403 438701452
740206617 740284450
504564682 504602858
35046782 35077123
309350265 309442928
303566540 303658682
922995699 923055210
76428684 76518781
250636897 250671573
845923902 846005830
633281747 633368410
863187150 863213079
456489494 456504538
584719405 584748872
695392488 695412017
975399366 975434183
887588450 887607094
76675731 76683548
178158234 178198554
638923667 639021835
885021282 885095890
989122949 989160778
471537429 471553729
503260608 503350875
326515425 326607141
432190231 432225915
537377910 537448687
530208579 530265957
86373782 86452168
42800191 42856818
788699799 788742047
648232591 648265408
27772220 27784191
245805719 245894101
897603725 897679118
630418447 630421167
821155204 821243322
881994345 882029671
618740490 618745764
819382051 819481177
188109614 188171284
557233178 557318573
474840200 474876659
194872482 194949203
468027936 468111139
874288855 874353307
97970787 98032393
373620340 373673864
357887167 357929249
719550381 719564092
920983900 921004980
354123990 354177946
744826434 744891377
309471503 309558350
429982328 430082009
590661740 590666550
488365604 488377147
337710224 337743307
347112584 347127779
829517022 829569999
928690670 928758120
885758835 885758986
706157458 706228577
496043327 496097493
58201193 58225780
556670062 556717482
668548027 668647176
535252889 535334863
474637858 474737472
55417727 55444408
286749454 286821442
140674381 140712134
470423569 470515091
520455331 520471247
30998324 31080903
653770973 653802339
762123506 762144265
333665422 333737622
14682844 14755229
438076670 438088888
241270488 241285360
495475899 495491296
695472980 695493162
535126623 535220550
313383963 313450662
757429971 757465810
446129354 446192597
507042130 507074077
490470737 490542993
155308128 155358406
204666325 204744887
545719501 545817320
944169379 944187272
927741858 927751009
296618390 296672778
364938258 365004809
286874458 286874795
303696046 303791211
320571903 320648835
622687986 622774486
525747313 525766790
479476614 479547207
520057604 520102841
356954682 357027023
819128302 819199531
405026213 405085896
345505799 345530527
748933239 748964540
613963047 614013244
250785761 250839603
46865930 46907635
799621068 799683062
757232668 757282637
414548900 414635892
850826208 850911670
163321843 163386767
39749508 39766056
539331014 539408371
356476596 356489751
938654765 938712477
107064620 107133558
977579311 977639202
16479358 16574051
154785699 154839436
935157154 935242978
165744099 165753907
504111692 504146430
363527356 363609048
743785903 743838002
697756796 697767324
914576023 914619089
915194536 915282926
922711647 922781590
408031980 408073486
673020489 673114693
952880024 952979561
523929617 524000530
38546365 38627297
73466219 73496991
677703980 677793686
988840091 988877759
244261532 244359413
97044071 97100953
105702499 105802163
680481547 680573808
936924823 936937997
476396216 476418022
745178074 745217326
970044206 970048001
49382425 49424942
854852540 854859896
315001254 315048239
402482554 402539005
156304376 156336384
570335494 570389503
607660630 607749995
850961305 850984906
182518553 182541500
84791618 84871506
935056899 935107040
665408938 665498478
258589021 258654252
980142695 980219131
153671484 153701918
495155950 495239562
272706093 272766330
274154962 274242367
10090412 10151394
967666251 967703952
727579147 727650791
169625036 169634718
474303740 474349034
630900313 630939524
686055206 686110822
741218491 741251272
490523712 490563312
213907621 213958044
916261972 916325308
114518079 114549171
409486794 409561758
385429460 385504802
317690559 317782215
317001612 317004488
891246046 891332322
424993183 425029160
8695125 8769303
928859046 928948936
835705734 835803340
52660856 52740339
800122509 800187617
894253959 894291472
832945529 832975692
651831074 651877254
235154329 235237772
204152670 204234052
269108475 269197311
811294971 811389465
824065468 824151869
731062591 731080519
674576271 674589007
970022337 970104580
694002948 694008116
331714152 331771932
35824891 35900857
391766764 391862756
141102355 141114169
976705430 976744111
350811990 350909964
446143048 446166070
215601773 215619096
844511703 844582405
941092399 941140353
569998399 570064171
980849170 980884891
891713190 891734758
275919523 275982680
865960427 865999112
801611993 801656390
863538119 863553215
502866993 502876863
151136695 151235544
242251928 242340576
777621770 777710166
426717340 426790389
392747974 392759811
848988297 849040015
14945047 14979711
576140134 576156334
488322781 488371093
722443971 722542146
721920438 721954801
627666622 627716564
883063850 883147546
398866784 398880986
724600232 724630880
506244434 506247715
665233376 665306961
352194058 352274023
237691219 237776109
67878777 67962061
884607950 884668803
976447539 976539431
324474225 324559323
438404342 438419635
150084428 150090372
39956218 39996112
528951656 528966877
104359116 104389892
952687430 952757888
145668163 145719104
487096273 487144903
719929088 720026493
747843987 747914792
450033924 450110908
797005281 797100518
165917699 165972079
703217037 703230016
895171130 895235270
661051532 661105025
300368694 300372983
741183219 741231786
233291547 233349663
477488537 477519485
918532650 918580188
106681214 106771088
394422907 394494272
968188935 968273454
385123110 385131047
427499187 427535348
203805386 203821398
910568697 910628298
98433586 98520457
227746886 227830996
686650291 686728561
22932394 22939024
844814262 844857976
261530104 261546610
845011302 845085303
220337809 220346802
891010113 891082755
222433532 222510391
231875999 231906539
352788129 352807470
846799779 846877896
3044648 3080991
921706559 921725524
139577989 139648797
269137895 269160767
118032515 118119162
930341337 930344717
141522640 141524588
384659715 384690902
632276010 632318448
16944811 16967650
284936197 284943066
136105947 136203166
452002959 452071915
122030010 122127746
68244921 68307344
481331845 481379299
551085057 551162870
117095851 117155097
540992677 541021716
660465943 660471627
780871219 780957583
559903980 559943516
491819409 491903733
33447745 33455718
514302907 514355548
457707813 457797742
115923129 115987390
764935082 764993221
78910051 78920641
345864933 345944664
159272239 159280849
135497187 135533234
670355806 670438785
628530544 628602419
764668242 764710865
408992977 409071279
569681065 569719718
487173220 487239484
650072069 650128457
106492059 106584043
122851168 122936983
698916441 698988706
773995963 774024147
461784080 461843267
953580472 953610422
444328940 444373365
888434627 888494069
428133274 428187799
783415470 783427934
335596237 335652174
335569630 335656808
273685835 273734896
163894795 163984819
991047637 991109801
72083844 72095802
893108266 893119455
100105056 100161663
103685265 103782860
793276164 793325008
871630639 871647694
597398528 597406390
629712082 629785691
603102938 603146146
719421270 719437292
441102414 441148761
938028775 938115983
805611583 805667019
932106843 932201354
55239803 55277504
644685429 644726383
377577220 377590800
620535283 620601791
228426553 228446834
705165232 705228434
240781088 240795273
375932035 376004946
394665673 394680732
818841563 818878076
616435189 616464833
866747347 866803592
907478447 907551974
824024405 824105896
658819288 658907759
690092970 690165943
28189836 28269659
997596658 997682882
890626742 890717637
287169808 287173603
193720285 193756104
754517058 754616989
331769776 331814318
376908532 376909333
194782734 194801511
608082645 608168805
430338918 430348039
152336745 152433866
679863265 679867284
98524063 98621858
569601448 569629646
403935666 403990695
487098457 487143139
169016920 169065424
334618074 334712656
348303473 348377869
640190407 640201543
948481449 948488345
167052653 167073286
810069356 810150338
53432064 53520403
87597497 87633163
475788930 475875692
455282394 455346051
651842899 651900839
444726404 444762209
231465414 231564366
550127661 550142580
370626529 370682879
119066986 119104112
728230915 728319846
636873048 636936832
565791188 565878631
331162800 331168753
236779871 236831679
643520276 643527457
8253947 8280742
323646570 323674257
823935280 823953268
820511515 820545007
310791488 310834496
128832213 128833227
534063428 534161341
462412302 462435331
138712095 138761930
571855941 571948173
247079497 247145068
599924859 600012422
865650861 865697283
77390472 77442517
925312439 925409700
45421708 45478885
20123575 20183836
989090635 989100841
925683580 925724614
618216692 618272960
615683222 615736231
761818706 761902611
448495473 448533421
123666470 123719559
22394554 22437123
184547422 184628441
494025283 494115672
987595250 987642679
94628740 94685981
906758176 906772052
261259074 261316179
632295732 632348220
562600500 562610809
424951250 424991919
800801837 800846338
237911187 237954843
836571442 836593480
82011731 82078642
679919809 679934755
569732591 569799432
208202515 208248309
376990466 377085806
879339361 879423961
875139327 875158686
253691745 253705220
157243284 157276835
211818984 211841725
646820987 646841024
816274954 816374458
703847447 703857324
190209201 190291508
530554118 530614930
810080036 810153926
815911873 815987826
482008349 482097627
992303073 992377063
690407222 690490492
670575153 670617517
927978015 928060226
339451556 339471343
472191734 472200685
503500181 503558143
677944609 677984301
855052486 855088489
635032128 635039491
377895080 377961578
79661615 79702301
495792218 495851452
40380477 40387934
395928981 395966609
82389284 82473782
927981407 927993243
660360225 660438093
544459924 544510319
496832859 496908924
595192667 595289519
961940357 961945734
482897882 482972811
699905142 699929815
345236735 345316035
510702777 510768493
161985842 161993952
483745511 483759078
870768982 870813998
766990485 767001539
541755366 541840056
185283722 185288853
266012797 266105547
470039364 470096960
562714327 562782845
654773573 654794381
390732457 390781328
985627126 985664206
415985367 416038946
831575232 831619583
728960875 729039242
56227043 56309735
695038832 695082696
70772317 70815531
101474984 101548118
728404274 728454942
305100495 305133525
777103091 777189149
973178063 973257061
937676901 937696611
357944766 357955449
625711790 625798771
151857566 151903418
333108786 333194777
749987147 750073935
420861681 420878583
638920648 639013557
90966348 91006926
600138002 600187375
690945624 690988679
873150512 873167263
719532005 719624127
890087914 890184747
735958147 736027143
100344359 100429035
719896690 719952187
545985356 546032782
19574893 19622420
331642423 331666051
229987621 230032413
822653967 822717704
206164050 206193744
147709679 147729988
82855381 82894152
906698073 906711330
545127678 545198427
896703082 896799898
948846500 948915514
40531056 40617817
361597989 361678996
140712839 140791122
404499880 404520099
174211616 174235320
892649957 892740770
827959968 828041854
868704078 868725776
774364348 774421715
46914391 46968244
391163514 391252167
772649234 772680368
476954730 477034762
305939035 306037653
803734960 803793802
251258749 251328743
256805216 256845779
868253265 868314740
970635050 970660481
394966219 395055127
612483158 612540908
495725097 495762030
835504321 835554374
539991949 540061085
449533634 449554876
877130288 877156463
860345542 860424797
148604290 148637059
56027635 56111676
516030284 516078940
595433590 595447037
763860982 763928604
913932588 913948930
306084084 306095078
819390458 819411471
292907427 292966321
972065142 972132429
158214411 158271752
98476695 98505798
876928440 876987571
949863985 949909806
999086627 999090123
445492166 445499147
425689202 425755002
401538092 401568996
414642708 414653405
402559419 402588850
30266145 30307916
999466711 999479699
901058675 901152353
697889971 697933919
849738493 849757636
147746438 147751459
308034406 308096332
747401602 747419794
814799481 814891958
503703167 503761967
660725160 660725849
972657073 972667458
20405269 20438814
231557515 231577113
589274064 589369385
653780028 653849205
454466340 454480914
833409017 833446780
255164255 255203728
130833665 130839924
256022467 256077495
686069196 686150830
490822013 490830246
119032752 119098266
640743666 640813928
17647321 17730153
553380476 553455849
259779090 259873272
154164462 154202640
460891752 460891958
660146764 660193009
258303887 258378686
447286055 447310607
713363254 713450839
91927283 91995898
387195336 387204207
564852025 564923339
544738967 544805503
595016134 595018800
419246503 419308125
46744734 46828053
415410649 415459579
272354893 272452846
17439966 17486772
846666926 846675782
370228863 370260468
786989426 787075554
674585778 674599366
828393291 828469563
789401015 789500195
357039137 357056624
47605080 47651257
586277792 586322167
873498494 873582747
188000513 188090256
498885034 498976181
513818935 513901738
195719504 195737180
67753684 67847538
833428091 833488080
39711044 39749507
216456682 216462424
849447049 849473194
951110186 951115679
338868427 338909070
553388913 553441110
875535611 875606788
508309128 508342331
39321248 39419984
694604127 694629176
307209235 307256025
925714196 925720462
929643817 929729766
356401418 356437230
133654018 133702256
469172971 469225403
798120571 798178209
960609692 960660371
364037804 364062291
532794158 532884869
534211672 534259821
992470805 992538868
286389162 286399991
780697625 780753266
84747224 84803665
646879296 646902949
585698675 585737180
344898148 344911596
85973340 86016322
709656613 709695364
329097422 329155870
647060047 647154113
457538651 457560494
740629322 740687506
377470703 377529310
45478504 45573770
934195297 934241508
660191749 660248758
294801573 294885390
849842840 849850359
80574838 80662812
684523874 684577117
390102359 390169611
860170255 860268546
729511584 729532554
33436988 33455703
911251731 911331367
728092377 728149810
37365109 37381655
72191273 72222206
835924516 836009079
393342201 393389669
411086777 411161127
34773472 34852783
164752975 164841982
483100677 483149301
399446327 399504516
819355714 819365792
616243819 616261867
568503222 568551319
427385805 427427013
697460535 697497064
268018471 268033341
27824235 27920662
199767568 199832979
555924752 555975476
980908797 980982417
126444910 126479222
832111777 832145894
755954847 756013341
230393232 230473432
306635834 306726796
984061731 984126114
214939857 214955932
145737277 145746984
485377142 485399773
964949256 965042759
477934499 477946006
870281936 870371318
907871490 907913380
717087513 717133051
761863296 761871808
590554938 590626002
311774120 311813436
914143043 914163688
764299201 764392205
995707053 995798833
684725186 684748005
852225000 852272382
546272321 546301713
130311939 130338282
850474042 850492245
254193540 254258293
28222260 28269564
594875990 594951000
396115351 396176615
862925204 862997510
139340792 139421002
949452394 949463695
70596494 70637034
427521016 427614986
771880418 771943158
564461415 564515259
825884151 825937817
884053945 884129299
79189225 79205652
340405868 340490061
79634081 79693061
500184588 500273732
555511084 555556241
137798236 137870497
686973497 687050540
195381429 195398342
464520346 464586258
977869850 977877114
892699085 892715360
556307931 556327988
326551245 326572827
173910700 173952992
761639583 761669136
371539452 371607465
960919391 960956622
908314405 908324742
269085407 269111137
681887358 681959558
294689553 294705960
671112648 671152340
659737342 659807267
100317984 100383858
688255012 688277116
635449477 635525584
165564833 165587273
707309035 707390887
773773537 773852854
362516271 362590146
44232045 44235764
87212377 87218336
688755699 688831298
284172112 284257457
226353775 226428767
447306651 447387668
686111573 686115543
534764290 534846494
585809361 585847329
689242701 689282298
518558050 518590147
864027324 864117108
436038528 436077514
486989309 486998874
739393192 739401045
169737590 169795210
446270451 446333923
498690974 498717716
365278987 365358504
154263081 154304052
925012552 925106710
342863363 342959597
924252660 924297929
428118701 428135841
816757816 816806384
552955706 553029323
114014134 114055962
259564054 259625196
131556899 131591958
482750043 482782539
151266214 151278904
54337019 54375058
412477736 412558395
448968760 449001302
929116851 929137784
873465185 873508103
620286733 620381253
335775088 335799970
819395339 819416225
535008544 535076011
501238919 501304293
943900305 943940747
534047267 534050305
96689473 96741017
542716859 542776790
258480413 258508613
626360971 626407226
52246275 52252900
302104065 302168932
641580895 641666651
722113500 722175181
306819991 306890337
8780419 8794509
462705171 462722727
947529631 947564296
781155839 781203783
820184955 820237811
392922240 392928171
430121245 430127951
612335251 612408890
209009538 209057055
594018597 594056425
78954113 79004753
541440255 541499284
820772671 820844742
300347789 300429479
730572478 730652569
127572362 127589227
103810954 103862584
400718660 400763105
598967370 599015291
810637681 810656591
213736772 213815739
546666136 546718747
536954564 536959841
48644109 48649210
147141682 147235214
357599735 357661830
557629251 557689150
159923818 160003282
958992851 959060420
150088694 150131682
658276886 658318637
174485243 174536749
661962359 662059264
904736933 904776155
637506993 637551083
544725317 544792127
571595541 571659747
761003571 761077355
321897671 321959917
875903641 875905822
395521185 395564602
723494111 723508478
447256709 447333217
330366556 330461626
936409293 936499477
675663302 675666795
640926818 640989024
285111130 285197060
840636753 840712575
620230209 620260034
774597473 774604205
626553348 626616322
183085932 183154645
675410705 675505232
665436255 665486088
158672959 158762184
260056579 260060718
614792641 614884460
117999418 118024425
20333847 20391655
336824737 336879628
162598077 162652205
741419015 741445740
440639384 440705159
832120169 832200317
988401844 988463659
937180874 937277322
781042056 781050220
757820386 757838485
556931857 556959034
602247585 602290190
711060614 711123316
564226794 564276186
336889280 336911980
493559955 493629834
367570835 367642437
380412754 380501342
828917719 829012213
730945329 731029649
862915335 863006209
283856728 283936692
519884429 519909630
264697908 264734478
599240979 599280104
241449138 241488147
828042067 828079948
756881618 756908787
741139461 741231866
525063062 525104618
515185000 515230719
601818966 601913556
293622794 293660516
130861323 130936490
726517607 726588805
407693523 407745236
878726109 878771347
830071496 830090695
311871167 311876681
308840720 308934324
84857208 84902607
992147789 992205773
704344630 704378243
802448600 802511394
229766590 229793076
889006374 889076967
291126537 291200202
747508242 747543844
147395716 147410033
661078179 661175290
630104453 630135817
260337343 260343997
719228743 719298348
242313086 242396703
250006353 250013234
107586738 107640911
354650074 354744100
507239833 507253012
731424323 731442342
5563528 5635664
997613190 997633892
436913550 436999126
945588000 945650351
512656440 512741708
214164216 214263295
308427014 308469111
306462391 306547051
63525343 63537069
700400428 700475681
249344539 249414683
793158610 793253391
913038210 913043099
980572948 980595895
448700579 448723620
987450363 987455127
897866344 897918379
846066287 846131218
200050585 200148759
936614991 936652933
941395813 941400724
9950544 9989655
609844411 609923419
115213239 115257154
305545745 305605298
688603957 688675169
562982736 563047475
954835612 954853202
913818435 913884524
502533479 502569241
207029662 207044427
355069350 355090649
785033297 785093448
696091085 696124806
771588919 771613325
15122787 15219337
361971444 362010114
609650444 609738840
813126162 813151481
188436227 188516307
919280306 919364026
963192334 963245483
887973565 888029625
553278397 553321380
93133974 93186513
718608005 718620508
198407302 198425733
512662437 512704853
266338529 266339425
280016058 280066334
252889019 252947574
809340042 809375038
353932473 353972050
625412469 625507219
615122372 615123871
280840558 280926238
386066116 386156919
253727962 253736105
717029885 717045381
499714064 499754278
171494637 171547776
736665942 736731809
991177529 991269746
826610534 826651295
741193655 741209045
685811060 685849732
394647257 394727818
237135066 237163788
143418388 143481065
164481748 164541383
802874167 802953563
401176618 401231124
753703117 753775107
980108198 980169911
813198930 813269384
861135562 861222607
886485022 886513650
818040539 818072975
730511568 730610494
639750911 639761642
564258474 564317031
567121569 567213814
388463544 388473782
984884002 984957949
120483278 120491373
889889367 889961149
969468776 969535032
217064188 217139254
576234459 576254101
176670424 176713432
917497363 917565566
474422684 474437920
730461452 730488375
769784803 769861238
524875038 524886958
965175095 965241991
478333394 478340687
486869229 486886524
551095672 551150123
490483627 490557540
61994392 62067635
496474925 496563107
866418765 866459158
776616079 776618933
425146690 425180043
876659977 876660373
800801470 800830031
620956992 620966565
48629555 48685090
369935052 370026853
68461684 68532616
64698991 64708038
506882594 506886754
308261300 308314892
193253475 193271226
822301213 822385299
783068639 783153296
451360199 451409281
957062174 957112307
481613078 481662558
403346325 403356844
733076128 733162871
939044904 939115592
142796714 142882375
923725686 923771269
127381397 127404790
576876906 576928425
567840357 567857049
781531720 781560909
896382881 896383337
811941471 811944451
320364823 320425510
723164961 723259215
584593732 584649324
571159367 571209080
884076542 884106645
265764028 265824404
371686188 371706521
295976645 296001350
939747623 939842654
821938559 821953350
34593072 34679606
450156166 450236766
822543647 822545698
258413465 258440477
72253060 72266285
637742679 637747080
479362443 479440796
721579885 721672067
936530957 936537338
262781292 262878357
47498828 47551554
471332733 471363449
579562681 579591159
810015485 810022884
150469429 150535476
310594268 310624961
875943821 876039703
618593766 618635566
620058859 620137230
829506584 829594735
878731508 878773539
254373770 254413323
940875214 940893992
708897689 708966011
237342839 237397046
322660441 322696506
65452764 65525735
635297732 635394098
978799064 978822020
672155012 672243978
458703133 458775990
532168774 532174920
369812603 369896924
720848547 720898506
843751263 843820006
342238518 342329785
447025173 447078685
160221190 160260497
404221050 404245152
810048118 810118626
508436962 508468547
911972883 912002420
322913264 323006008
154996504 155057194
982195860 982203413
603857319 603911410
447221915 447294960
569074377 569091953
417061783 417093615
273799489 273826141
354617185 354701951
84901228 84960183
909602544 909651182
99282456 99352663
778016905 778041872
55337035 55372223
404981031 405069331
649580994 649660021
42463863 42473403
202038796 202138634
630913181 631008118
720964511 721037761
233019716 233082552
224292944 224336587
325545658 325547668
227426863 227451770
796152940 796168317
801955461 802054333
514237373 514269171
746923032 747002253
755665764 755692570
425880424 425911794
592790631 592832786
832701695 832738797
408732434 408793547
573002461 573087491
385752015 385792441
280849661 280896801
550632566 550697746
500368062 500380987
862017778 862112467
504111500 504211329
901654494 901696468
981754902 981781527
398041381 398082397
444454140 444460133
604006325 604035328
795913682 795932809
17415986 17450167
594113766 594190317
621849977 621944351
448371040 448409732
163650505 163676221
354190155 354220305
407849850 407924534
894816400 894848609
536120880 536193054
702879944 702969709
362456889 362490618
819652226 819716271
776914430 776998539
794133105 794197409
494811370 494833421
786808192 786854353
181747678 181766023
773430762 773502399
524325659 524349783
984513216 984584275
689137659 689145358
562581035 562585469
900942933 900952676
878316418 878404003
52091933 52092770
442802779 442820801
904675498 904758166
248499712 248508621
759317542 759337338
9815572 9844241
543026584 543086355
400721199 400729123
663395529 663479118
715922437 716003246
980059410 980122745
707901168 707965113
16891857 16892724
571458801 571531107
441671360 441672914
17959560 18028952
775448533 775484544
575244407 575281984
18406723 18472550
873120912 873212382
723737375 723793812
865615974 865639471
114908010 114920635
563054538 563074055
258738317 258763474
665484610 665553614
271031968 271078426
287037751 287089774
84846271 84895168
435968611 436028773
606666479 606698357
748651792 748681396
322095317 322184976
889124880 889135447
701943382 702028565
815599098 815603251
100395400 100448521
407231644 407281081
593458652 593521043
60252954 60336414
10147040 10239164
184021712 184032550
536718857 536775731
692463878 692507299
607583925 607596425
960774744 960843971
986932176 986937754
246709900 246737611
967734470 967825210
953004176 953078466
510564546 510600079
49995533 50005278
734899763 734936513
965628533 965699710
605064109 605150369
35328023 35351532
997255280 997296501
16812751 16839904
630325223 630344123
807727084 807820501
881437228 881489434
997371877 997381962
321346113 321367406
605545509 605577029
608485104 608536112
726960759 727031612
356192204 356242516
811329267 811426227
150270803 150361153
777564713 777574993
537722224 537819933
371363809 371370848
104889313 104946604
249262723 249272687
365708674 365787995
825713533 825793994
639529933 639581930
830598266 830641045
31810311 31893427
293482659 293541714
526781451 526811354
382049366 382121854
403111666 403168270
199434489 199523578
629078621 629165217
408099975 408111208
829108437 829189521
317161302 317193605
765694462 765704097
88087644 88122768
165593497 165643305
764157523 764240610
165653546 165750495
418353415 418394923
387298927 387312893
98269319 98270000
330999662 331057955
386458467 386558259
289659515 289672915
142278314 142289757
201210399 201266889
481942228 482015234
595647539 595714706
438134097 438147636
28198506 28210253
380012570 380085213
99926988 100005229
642144634 642187158
927410329 927460823
13250637 13288891
444325176 444376006
836626463 836637565
778295151 778368491
971959231 971991048
614137833 614206136
182088279 182178105
408807900 408830117
149078381 149113629
323337234 323372415
529487801 529506929
67932588 67954505
466730092 466766263
452155193 452194483
519939412 519949495
387754927 387787918
264774064 264868554
671124810 671189796
637594763 637675592
209968304 210028317
114860711 114878470
327124037 327124925
424871030 424914575
903675491 903756781
407903732 407946926
472685761 472729636
462370643 462455976
638224541 638242384
322589929 322631960
647693166 647784300
215662642 215725427
337351729 337375013
427606494 427648325
312940071 313036393
746205223 746288179
527215082 527290564
839638591 839670367
349917685 349966976
300969989 301021492
391932454 391947382
605429879 605456068
635898931 635970448
193195372 193284726
824223452 824295555
28900946 28996264
495663087 495755935
225108249 225165719
856508307 856546493
892582047 892672859
74258554 74312182
722604249 722669694
149442440 149525453
325164079 325195802
271314895 271401228
165510032 165603780
454330180 454379593
79419456 79478317
642026586 642089401
625179752 625232287
573772626 573839029
991596011 991686675
449146950 449218207
39476288 39523413
753374076 753444450
637609304 637692952
981830869 981842008
117434526 117467063
706094391 706181514
381187819 381209622
694710793 694791098
47563208 47637031
692596980 692685778
694435663 694488042
808186980 808230444
854946593 855003014
113757100 113758483
105877984 105911898
238371847 238438783
801927335 801995335
599140867 599216957
738374035 738449433
237331022 237389452
401707828 401759095
497210335 497299406
631993655 632084152
537371044 537390803
370405910 370409130
518371508 518385212
317217932 317272455
988430392 988441646
124628497 124724200
152122560 152168217
334889710 334934677
488909690 488936805
559542785 559606084
373984594 374047006
104821934 104879366
775235090 775326417
485811477 485853278
72127903 72167260
47978060 48071224
123571865 123574826
911800092 911845060
695752405 695766740
727072823 727094366
998496618 998593676
261899532 261967165
187317728 187390068
171944408 171987792
601133236 601189122
496126873 496157263
856583753 856636844
676199993 676224170
200131434 200215383
705778992 705835633
424753348 424757175
791764728 791845221
948218591 948244455
482727494 482805116
461228852 461279818
4778194 4870566
230635563 230662536
298870482 298969091
755656265 755664466
619922596 619935933
858459117 858529489
200746596 200794542
350023635 350049466
491291025 491305962
281699808 281787719
926248939 926313097
566629680 566713450
336515102 336593349
417298229 417378355
421490916 421567856
122655758 122701362
377940931 378000944
662888128 662910742
873744799 873833088
758049231 758088218
986427907 986508449
633688460 633699569
721672704 721690261
336280635 336296084
256165519 256205546
125572934 125596927
400834337 400925228
151782582 151849537
417109257 417164077
640407346 640425417
617193289 617243583
454234434 454258782
522558165 522641462
577006598 577097488
986941600 987026176
999326075 999348782
595832844 595854716
525749126 525786985
150642261 150666785
337777716 337836830
665086407 665093434
929347423 929394483
10290140 10353659
146603034 146628610
875331448 875381773
602994164 603060413
701228319 701293196
439304662 439394407
527986647 528041125
762509565 762567742
524737111 524759034
88766909 88841017
33136428 33236182
236791759 236830044
35106082 35142108
241423782 241494248
309957384 309979432
838313402 838373345
607362554 607459878
829516706 829581628
590263993 590330946
121559383 121634450
122628457 122663570
832271276 832342463
883993176 884041262
582014641 582113835
44678958 44778574
771999153 772057004
586642360 586671005
456506372 456519796
790261845 790347524
806751081 806783526
319662531 319666756
482896428 482930876
374281674 374293076
471447714 471463101
832828137 832859194
225354965 225451646
631278472 631368799
376486996 376580156
655263618 655346557
459740884 459762640
661587312 661605562
842725534 842752617
873521043 873548168
864835149 864842930
612112671 612158654
571532152 571568995
640871060 640941678
180793819 180836241
755971970 756010327
310669201 310744271
287057426 287124852
966534376 966623414
875293837 875306319
145587477 145685794
843629337 843683286
986520398 986528169
297773877 297859847
136245128 136337066
929945027 929962420
268088898 268108067
763854401 763896619
889575564 889608012
817626034 817714670
421659217 421723372
152655630 152731315
679036456 679071678
674108885 674163179
402838221 402897465
81084980 81168031
853193777 853205980
432557724 432625307
805094179 805130647
745932321 745980696
488225728 488289697
351424185 351500464
2655449 2751489
100010094 100105899
492256138 492339348
713118992 713210388
384638726 384647027
854352670 854422719
427044165 427072717
461325766 461353534
531196129 531231327
346673808 346710980
362661837 362733575
620551525 620568643
607890457 607954072
846434607 846479662
960091255 960180719
818464025 818470371
49330844 49343896
672355141 672415380
17481970 17498255
997970944 997991652
473827182 473887019
725768 781841
217237515 217327771
976468564 976485855
947198944 947284141
324125621 324146459
938904940 938940857
100223044 100308843
387014547 387047367
88498371 88547110
713510897 713595952
177731206 177737994
425568516 425650516
328038048 328133205
751019450 751118440
251410032 251466293
703821904 703833858
755590022 755602498
1166414 1194388
511967311 511977527
142485313 142563128
242870588 242938673
730125895 730184231
9971784 9972841
746891707 746936740
877364141 877379948
923783352 923838706
745210115 745227440
512926731 512936015
245829826 245880036
95918514 96014297
865389567 865402993
110811807 110852879
394666352 394705576
147241457 147291622
830496866 830595584
938984321 939001773
688887139 688975893
153387313 153396280
569628927 569702759
9099680 9179676
697953888 697975400
472553155 472599186
775705487 775733413
674395804 674493882
162536735 162590699
661506578 661596568
475006056 475034531
93080561 93093730
150337960 150436585
132239057 132316334
783841357 783891693
377458516 377514797
337695739 337714067
266058599 266094902
692156071 692167114
266467312 266539847
645317824 645396469
774360740 774440379
305931388 306021891
28802482 28888781
940412287 940451825
220595661 220663524
651682766 651749551
202557660 202655682
420639451 420678189
693819512 693826665
841600554 841631925
531381642 531432221
121057584 121089184
536422667 536506302
637727239 637736547
567243311 567244893
387726245 387767726
141715543 141766247
924291998 924366497
451898779 451946675
586645526 586735041
185510711 185610684
505748101 505757669
17920106 17997093
72512549 72514357
281519299 281547577
42763764 42771690
847493681 847545845
543968992 544006543
674922644 675016050
537997228 538051680
454810443 454902431
431942087 431952891
687771674 687842003
577303044 577383791
163939376 163975745
89761677 89802298
84848753 84915771
988835540 988862174
867647911 867668277
575944565 575987393
419544755 419621621
681068259 681153435
731277972 731362272
70990535 71031190
750197517 750254860
783786839 783818118
62176039 62208084
92570281 92627230
124539647 124599072
657448675 657528476
59086532 59127072
715197502 715294718
706578337 706675417
188598352 188614008
13598909 13691695
147330045 147421992
12187618 12209092
533019326 533064770
561572729 561640523
840725996 840820469
278364310 278386195
399291766 399308404
805066256 805101484
786983862 786999336
828316966 828320814
359715348 359771621
292036942 292105605
68582026 68616492
764851260 764926843
673808249 673818351
532734398 532794062
548447868 548495071
59527291 59592776
922730540 922804843
179187532 179235726
168910304 168943743
830355646 830369134
960213407 960288631
723831302 723926039
123838514 123868452
795406424 795473117
2757916 2763689
922010299 922011910
262585121 262591148
506553372 506601080
411221078 411240750
192157835 192162471
593634042 593727631
795283876 795369821
450294365 450323793
345532283 345564824
446952114 447046524
343527737 343563292
886907524 886917733
613682070 613730935
128205773 128271577
722977979 722984883
192569534 192598788
863651372 863718976
49315449 49368000
74009197 74070158
929895031 929932034
830568802 830609526
351436694 351448017
593877361 593937228
8556837 8605192
215469014 215507234
605382875 605422710
794113665 794195286
260472583 260533391
395430792 395508347
529741991 529767606
786476517 786548156
816561565 816593695
161669421 161670257
440272920 440276054
250179421 250250403
371969615 372052970
901485722 901576616
941884845 941886103
359722166 359722358
814893975 814980130
404022022 404118764
780841206 780881513
111614410 111641306
568883968 568915186
450773824 450838316
64311845 64330507
764131026 764167704
99886596 99892351
989210860 989241200
963455083 963523209
443516366 443608228
961619489 961668313
492265554 492363583
91163279 91239402
102625025 102691273
143359401 143442923
880428452 880480141
80348617 80426198
609692870 609701034
467059305 467146133
140346956 140377991
313184748 313218957
913661632 913702921
994329973 994381479
752398388 752494773
350309958 350351647
486145040 486180686
250838144 250847934
217661025 217678866
837450959 837527598
117008688 117029058
113449146 113470691
482718617 482779704
337190678 337243961
129640083 129710328
384708210 384735426
485242269 485282680
497514616 497549352
915345778 915361496
97088689 97109348
867150570 867240493
326648350 326740718
748267035 748346112
43303806 43331990
897567367 897610332
159261469 159273425
763599447 763631982
381975879 382027816
551323128 551329545
727120114 727159284
279351967 279374757
33374137 33427142
917621165 917680436
596950800 597048853
590687810 590720559
101710492 101771053
109422179 109440502
130409444 130411012
66216779 66245915
140354421 140380391
884412594 884465100
399689381 399779334
676776838 676861339
90236646 90312973
629340221 629374146
985081432 985091261
23407763 23416214
212332805 212417476
476130756 476147637
98761306 98804763
131563076 131568673
494989531 494996169
180377032 180452253
465098113 465193066
424126612 424191641
31656371 31706537
733594284 733650208
185550328 185596721
230549659 230574190
295259429 295296111
478901124 478920606
37204552 37285045
664835755 664916624
263909394 263994235
316866759 316932150
442373256 442445436
514355545 514363538
94190297 94226968
411259527 411277515
450149967 450176111
690042893 690111813
267520363 267603038
861321417 861392676
853459662 853462222
410704185 410797688
385593692 385656566
584671539 584735067
369403820 369477962
539440654 539482808
417021222 417056669
193075824 193079241
342392183 342470449
235171142 235174983
961820109 961856932
62911855 62973680
568473595 568520445
823390510 823467055
249926429 249947352
107518427 107550915
705302800 705334409
286181187 286251139
876479512 876576120
60031457 60060216
618144695 618195607
380968571 380991340
189086333 189117339
636212983 636254665
865661638 865758383
749070816 749117843
981378552 981456090
30286569 30378772
752221438 752267534
609511014 609584888
152581172 152654980
202114356 202178874
582101860 582142369
188502642 188566925
40763261 40775092
60309911 60340402
646030501 646059181
21397518 21466521
513236768 513236858
356196659 356277155
216320731 216337835
365887237 365981208
190546084 190588498
63947730 63950603
158604568 158681457
756661933 756680500
831469703 831484242
908901933 908970916
924136806 924184633
77880216 77929184
756491925 756578713
424767500 424844311
108482467 108526581
324017866 324060151
146513857 146534502
786356993 786414255
850234433 850318223
523127037 523212127
340680449 340703283
759331874 759405534
744704803 744785244
845026004 845072774
239699130 239786363
632380409 632403393
406286844 406327060
788121101 788211344
316235507 316252199
190812817 190908347
1930485 2022499
615076673 615128001
913493328 913567710
34770706 34794572
646809909 646851619
988957253 989037388
237184468 237268308
607254955 607268601
532774653 532793088
355589390 355687084
83544242 83575437
372384530 372426410
180267742 180351129
950605378 950617008
882252644 882345570
719433407 719517176
783064819 783108827
479565240 479566734
284769690 284797174
267942460 268033316
72794091 72840030
275584366 275598527
773538202 773538370
51697938 51748524
470535289 470631311
450599217 450621020
949780478 949834745
529442753 529492392
377131597 377203166
403026384 403039679
889924715 889987563
846892378 846968145
698973247 699072632
737832868 737862436
174651099 174710251
79144854 79149234
316655712 316658344
342219677 342253904
112447665 112457391
367013765 367036062
953408941 953458154
172769884 172865827
80533234 80604937
964353483 964365687
362871672 362949533
658896006 658959280
756456108 756460171
463129902 463215576
177164387 177243990
955365302 955422214
168688902 168695922
108724746 108768144
220708138 220733040
439460908 439552291
594973692 595068331
993827082 993922762
579955265 579990034
709311588 709348488
319331516 319362652
102988942 102995448
421875543 421950487
590195758 590260108
164915937 164923082
387437109 387437610
459138405 459149891
316270056 316356829
671186296 671264968
515748688 515774860
104138894 104142268
222214072 222236464
685252000 685290249
87978213 88040285
905990145 906005285
331091936 331144033
505672755 505736862
960867381 960954025
284546308 284558254
689198776 689270096
416104074 416128307
398380251 398430248
396642020 396666476
478647558 478653407
282711894 282769532
499352182 499386707
242925794 242960995
605855162 605863242
162275325 162373922
747829989 747917476
103833652 103844886
717411121 717456183
867776836 867847805
444514776 444613927
633213949 633243770
594425527 594433521
902799086 902849825
878755907 878824403
449502766 449572957
737733572 737795809
614947283 614978170
511382735 511421907
84777341 84829089
969349638 969443264
37289436 37355248
613342728 613410469
859477004 859551910
727497537 727578838
158320719 158336485
813025234 813084091
185627380 185649291
227515325 227540586
135491190 135496784
454595339 454605611
733500385 733557453
216809172 216891384
158783057 158861052
276903372 276945283
977968869 978064172
981586784 981595568
93445007 93495876
597391512 597443595
592763677 592806424
919793210 919829413
558010933 558070985
984795099 984796720
844552318 844644123
669003354 669080369
561096687 561151685
120816186 120870508
160677223 160696648
608375597 608452659
625644753 625744156
107593219 107607065
604177085 604190323
843687944 843725443
931444476 931514683
945038601 945083673
942631035 942684892
283614547 283664754
703072911 703136558
614205272 614285090
507929943 507934854
184898049 184934149
432689999 432708855
663834967 663914745
731017246 731108166
431343461 431348545
424979220 425022670
741433502 741464642
52925780 53023527
510261646 510296850
963180090 963228907
21724902 21769187
877661452 877701175
333879270 333916016
904999611 905064049
921522577 921613828
735354265 735367139
932974300 933004179
144295352 144334737
798567178 798625258
831109347 831151404
289287503 289383029
447506309 447585605
693159203 693170907
201794412 201852309
226978821 227032190
795583423 795646923
815499713 815567412
931137066 931186076
881560713 881568081
553266624 553287461
70455681 70496461
761894343 761960770
433131502 433149282
838073130 838141850
944176181 944250719
31082848 31105621
206978174 207004484
898696871 898704425
267888133 267892468
490108029 490114656
985728359 985775595
756594938 756621036
294181098 294229379
884233149 884293996
542375317 542427346
682266083 682282320
731405402 731409408
259779054 259827874
524830763 524908626
478999915 479023192
934671611 934733816
630157871 630230136
375551835 375596957
175571407 175605311
804190892 804281182
97057590 97094955
29474736 29525404
53312407 53333760
916783664 916858672
837336224 837364316
920316134 920345147
695118868 695148374
727669728 727696825
288926290 289011695
439705006 439772283
21531054 21620472
9554136 9616277
978732255 978749598
695109916 695132618
645471251 645472361
240271240 240304322
653204271 653244309
765299271 765392250
690137154 690173249
455059083 455108429
914383690 914429397
492845370 492878400
234300190 234361362
324425818 324514580
559030686 559112424
426439295 426515905
109856785 109857749
549233665 549320482
905469241 905518293
602859986 602944835
637558411 637638241
303521991 303561113
734883010 734897180
517262695 517271063
361081823 361118063
687833374 687875991
925019561 925055853
280404354 280490353
763531123 763616513
320824516 320849205
160985353 161053156
821921869 821953366
966031608 966039050
864823687 864902335
433897383 433983961
343152572 343241801
150248163 150342704
27332385 27418290
534050001 534088747
278556835 278611698
434434754 434485646
791060070 791064700
626016935 626109744
614225883 614250776
368472812 368568043
765974442 766003588
736928463 736998539
685383997 685446353
973375420 973463484
384933362 384999857
322331737 322354018
902628927 902715122
941129111 941202282
194493146 194531653
104800493 104862200
137378973 137476087
277725308 277820360
867952618 868025892
819177195 819201191
729835592 729879585
702693852 702705557
238642889 238689457
239796534 239894080
935693232 935733483
451478978 451522405
399090969 399125122
628751749 628790291
497959181 497974619
505234798 505241834
930282799 930365951
626608478 626684541
666422911 666432246
507042021 507067521
537383490 537399195
931468622 931557843
409814203 409883650
320357050 320411197
58048598 58068361
147494816 147521070
367938988 367992622
611392447 611452422
153785761 153827231
925988445 926082250
193656603 193667196
523535947 523579546
677566277 677589454
336525794 336608960
62291621 62292239
485388459 485424311
224822604 224922376
830584689 830606789
618774770 618795537
525679392 525690932
138948590 139029132
465694083 465777116
461075177 461128051
460662565 460725139
411582876 411583488
40507249 40577213
214119421 214215190
400614581 400616427
957784570 957826804
812659064 812728668
204630191 204632540
726652789 726653330
672899961 672996116
267171793 267201451
744666527 744711662
335106513 335123413
110282113 110332386
540453426 540530585
328688580 328710472
70101400 70107393
320192227 320230347
489547144 489642543
558655427 558733595
562767039 562811320
465644493 465734511
143655310 143700233
967853460 967917709
385742696 385841016
202320914 202342526
973770270 973823144
20535029 20564969
240863230 240958542
140881133 140908815
788208775 788211648
633177858 633244002
181445989 181462133
393624575 393717782
698512415 698517313
402859804 402943733
274651533 274721622
669085879 669092248
637721108 637727395
710784787 710798958
701762883 701765471
51791998 51882405
124328383 124383011
477078832 477128673
132709191 132780925
271375678 271437859
753625262 753645333
220648482 220739603
736307746 736390363
9990686 10030154
451907286 451994012
108426285 108513118
558677789 558713176
668724016 668803398
752399189 752417168
449710722 449724474
549309976 549404187
663248135 663263567
303554082 303569026
842629710 842643639
534443249 534469287
653910715 653936897
835327024 835361496
892815061 892883631
216544937 216591851
755309458 755363166
317130941 317151962
42311558 42383404
532956813 532984036
738953322 739016324
354982932 355013670
2939907 2941579
721160591 721172257
973755033 973769508
896823706 896898962
718356830 718421594
160142678 160154486
837009907 837076978
80582403 80677242
776934082 776947359
971499471 971533012
691851361 691881660
490432899 490471700
283602087 283662941
53773200 53786283
873143678 873166577
938601161 938606332
915095060 915133146
386777550 386866256
335766697 335822534
793001503 793016695
102003827 102103207
955943775 955949790
10385578 10403718
712272035 712356865
183086166 183129245
383892122 383949495
667660223 667695391
943255923 943352008
99805719 99854560
875061242 875106164
196354549 196369470
430331581 430384043
490204687 490240317
897335002 897385559
740777094 740839779
858885115 858940394
696693603 696715464
121393557 121410926
747506709 747601922
62971085 62991978
111361103 111415633
978422280 978499711
518268171 518342744
728419083 728476514
194627041 194707169
407754288 407801291
656441105 656444883
926183684 926273399
944839377 944934703
957523022 957540148
518702826 518766806
121265692 121319600
473185010 473191036
68006560 68040851
703272515 703313703
13271672 13364022
932364679 932453537
563518937 563616406
619172154 619267021
606677256 606706615
719239897 719284239
557379037 557447602
738993835 739085662
663829091 663841575
464766900 464853633
780236611 780269193
517468048 517513367
712653878 712742522
688702788 688753235
159616499 159689683
957844148 957924484
58589922 58591449
690844104 690864673
542849045 542910556
914689681 914754672
933527930 933549610
80385942 80484434
527902980 527945007
258655621 258698993
298668947 298675547
544311226 544340417
591090113 591174434
406559022 406611881
877357994 877388796
84643708 84703883
476944168 477019277
481142194 481153731
919755675 919821009
480035742 480077169
127460504 127525696
800194244 800279883
19079456 19092910
433190034 433244081
38474240 38547265
589590340 589590363
886812783 886824697
850170825 850250020
664717221 664800785
327059567 327126196
603800000 603827113
702867083 702955095
489849525 489894202
390136011 390143125
876805431 876834650
906578948 906638515
356452891 356526312
824007087 824088320
644192644 644254659
769505738 769591875
390084550 390178387
485903027 485917973
104622201 104721727
707499502 707528567
2358958 2403701
381327572 381410628
858899743 858938014
588078280 588146698
401461715 401553741
114162630 114168631
963014479 963035996
528734252 528752661
882442542 882536502
797264993 797359570
439386707 439400727
273041065 273121131
210369078 210393660
129649816 129701314
231487470 231547376
885358270 885383250
769645166 769689460
115712585 115811827
445034151 445040246
994957657 995040658
899222522 899310621
632231115 632247266
829084565 829143614
491116494 491202800
632773408 632839495
144564312 144629695
4657489 4727005
790503688 790510055
594022242 594078972
900671940 900748633
518544245 518610874
838679870 838703097
742833609 742909442
186455552 186551300
875361748 875378576
111190223 111241002
706008664 706087379
650860170 650902355
541284117 541334536
449537843 449617666
983451128 983541898
818593554 818626092
293771337 293823487
368141835 368180393
486239368 486256850
148369653 148423753
646955700 647047453
951804321 951902419
550072167 550111347
905244278 905336225
588202182 588243327
764369269 764465846
594403676 594486590
233369794 233396125
225177291 225259102
767064555 767102642
737243267 737288526
989122121 989210251
142455183 142548297
698024936 698048243
541051458 541122564
745511804 745595281
346154387 346247495
123915446 124015163
378212463 378286163
515793279 515869669
612718094 612805540
762489444 762544164
723963430 724061455
959781306 959851286
307012827 307068191
867910655 867912329
561277051 561291007
27135757 27185679
156043375 156050331
719679947 719687367
214643586 214678580
805505027 805526122
307751103 307840677
269037833 269057026
901279360 901287491
741520570 741559255
219044298 219143074
581079105 581083340
385132332 385191655
110037068 110117823
932045886 932134429
794024006 794097654
928616476 928645877
797159606 797244426
602659666 602710639
255116198 255183166
842143413 842234656
308849655 308940480
713494536 713500694
994805491 994855506
416133637 416188238
846228305 846318109
335709651 335782020
57769665 57771365
798509546 798542490
218063243 218144582
932920538 932978612
891187981 891217545
978701040 978784112
756589701 756682703
695389979 695438180
810790724 810867845
586923535 587020326
647881832 647907584
833381221 833476237
207766587 207805146
481911354 481934610
732999366 733009127
200764570 200787350
789285590 789352941
128155179 128204620
43630672 43686838
299694490 299767445
283725108 283742157
172796036 172872581
908400826 908434252
6061417 6104745
500719456 500812477
166221352 166226588
165037749 165080037
640895381 640902047
830712117 830794086
661004783 661091539
323362525 323426823
848157453 848232515
590729993 590776928
78255153 78347911
341298507 341367372
236182414 236206515
558996745 559005682
844238354 844304564
171122762 171177279
583127878 583198269
433165776 433177828
375168561 375197554
948540027 948567992
712249975 712293476
355479984 355527275
315223070 315251703
808157894 808238934
569618855 569681096
602728525 602827109
697180693 697181847
123181755 123269435
371522500 371580915
258071565 258155748
658956535 659037948
261807423 261812650
732883943 732926009
409495719 409510580
414331133 414364765
580075399 580170292
303685324 303688563
978539503 978607250
882732880 882782027
552235149 552301830
478413078 478476885
47085363 47124218
964522532 964607930
206708606 206750591
551790232 551801026
103032434 103054375
830344435 830414949
572525395 572526356
673164268 673172850
226324885 226412748
675936026 675963968
928733904 928823742
455491430 455505052
220739381 220809866
889862107 889954217
943429538 943526712
832371896 832428944
694239754 694249207
801967913 802057835
165092727 165095841
493089342 493183304
356176676 356181642
93974854 93984455
58269903 58293233
852781636 852814655
599238353 599247586
617361056 617390894
978164385 978198287
437692362 437743223
484392493 484475097
434272756 434329514
339736473 339738687
418224445 418312696
127029844 127099946
6333920 6417993
773400862 773481911
67900845 67999931
800958822 801035579
48873346 48965213
910802832 910812347
384077593 384143501
113962171 114000161
844918740 845008640
323572858 323652362
92884274 92921174
821706952 821764320
409539711 409591500
882747173 882833776
33091814 33153941
167851051 167920974
236079027 236096903
801820909 801872158
855525741 855597271
316730716 316813822
154699931 154738998
727233573 727329168
695720929 695769836
11972445 12044997
939273839 939346594
151799039 151815192
44853569 44854229
614951911 615030116
423142000 423212406
587900972 587912130
327159637 327187170
803477338 803574519
970175532 970270683
369207896 369235649
443084388 443169052
914246976 914314158
152960017 152981114
197560682 197589622
662375136 662408264
208656189 208671213
194731649 194819596
858628444 858702801
915097685 915104814
914170607 914269048
589324397 589384856
692213989 692286035
78538388 78576485
721216549 721225379
269173782 269186654
211975522 212070627
623409836 623473694
355248480 355295291
137669962 137757951
703808754 703839495
107422565 107459939
665200007 665209157
966494980 966520343
341220048 341283731
483877436 483920473
661792646 661879078
328216558 328307451
627247693 627267668
607256840 607331140
391371841 391413304
459891563 459913667
5188198 5229252
264328543 264357579
764717990 764814960
688095145 688152309
297082704 297129823
144209787 144298861
787023544 787067003
942622731 942685640
496979657 497038031
385195859 385235898
522881542 522953851
116858154 116881193
693155758 693235270
88018583 88055364
922036763 922055114
957022906 957093504
210917183 210951686
787637532 787719665
82100852 82196198
80960086 80962528
912237391 912303868
678203785 678207874
872568129 872644399
621589989 621643091
825922483 825999821
228450041 228454846
592269551 592303711
583545743 583616480
506917752 507003462
832361696 832381178
392794766 392846212
239773681 239850962
787296307 787334449
143753906 143814816
538076911 538143812
97231642 97283650
390697670 390763491
11372730 11459589
256496309 256576792
734612989 734634727
813043828 813111217
150721880 150780368
170963770 170987251
608121468 608195631
708039640 708058803
790187877 790283823
519157832 519204861
43400463 43429145
817624738 817688655
248839570 248847810
283851293 283899716
251275639 251281250
717888322 717915425
556075031 556122381
416711804 416773366
985589704 985649296
946559235 946565322
42847338 42932342
347968711 347982241
755631043 755699381
680287364 680323212
896437267 896534511
282733476 282809319
584491424 584566157
186669820 186719190
701878526 701928140
392234424 392311453
701514770 701524973
554762561 554795537
404079950 404109166
554449982 554503177
378921345 378966570
522763616 522826808
952593617 952672813
7084208 7149985
947077059 947095274
472337634 472359341
246950710 246960815
552484481 552568823
301516912 301544636
161319410 161343909
168961168 169008646
646414349 646508368
877198832 877214342
709861078 709891270
445188049 445231333
773368624 773383480
517024564 517113068
514123310 514186097
226241647 226319084
173136853 173221691
894818854 894872712
24101254 24133193
46325879 46342642
615776454 615854095
173011097 173028756
675963880 676031074
42080866 42155875
157695200 157702529
178607682 178641533
990469789 990493387
554738715 554791859
643555234 643629107
684642175 684644616
943291833 943386146
781656471 781743208
881867712 881904865
92071758 92100148
482328432 482407931
506176343 506239477
183144690 183173443
891596102 891649943
645145663 645164369
853212504 853288873
880954894 880978734
669168506 669254968
548472597 548507269
180089806 180184727
736147907 736192822
990367859 990427297
640522822 640600233
73919503 73949626
406101350 406151874
141962842 141977073
17783990 17810513
561257031 561323139
734834366 734889390
887462850 887482454
650162509 650175132
190505619 190567993
968094454 968175031
644045166 644050283
942479718 942549374
540445621 540544238
126182283 126194498
517802256 517888684
139939527 140018626
579053918 579054076
963113072 963202013
697107270 697163828
560540722 560595862
397689759 397695453
749088260 749157705
460588284 460618364
861463274 861526467
847778851 847828821
376365632 376442840
863955258 864052434
974806047 974905864
898926466 899017785
618605023 618617831
456865760 456883309
273286650 273349190
822334721 822365197
977196709 977207696
304155269 304233689
941420660 941491928
438781057 438814849
202959775 202960492
761442766 761540238
847635936 847636869
620608968 620677459
126517500 126585627
7724556 7773712
702813548 702840473
738483906 738525312
438994061 439041545
114442861 114463149
457490881 457576285
628536453 628569698
280571840 280642109
454795749 454869762
392607356 392687557
295880875 295970084
426763137 426862093
218714407 218768570
592818173 592891254
518045811 518069237
397513146 397586428
595831533 595894941
272491666 272531860
620248205 620293341
831284997 831377468
427488567 427585008
148249943 148336357
127867365 127965383
246715058 246773595
840857164 840948825
173726191 173739335
230272673 230339303
430098998 430143358
859910144 859982310
659304715 659396080
735045478 735138119
55891270 55912339
417796891 417880237
5680775 5692715
883963824 883982873
506450366 506529042
467482967 467494520
68805869 68840353
238123991 238172598
85942015 86021842
40539484 40634445
412666911 412719425
659240529 659326536
559425442 559462991
764080940 764159252
61700457 61723431
687507560 687572358
471342650 471344054
216581500 216667600
999394291 999462207
307097155 307122681
36087763 36166343
548196577 548264186
749954690 749985056
660555221 660577436
723728171 723732898
386267885 386299245
703321425 703321463
169055029 169066412
296284956 296337311
379167941 379255715
424281692 424334836
629298787 629325043
555921993 555924008
791267770 791359996
73677125 73688944
590120616 590157906
779685499 779758784
982483402 982559809
373764425 373809970
875652436 875688679
242982954 243062432
208869838 208929445
998272632 998325580
617301394 617302004
280362052 280384995
437157475 437223829
114315878 114389099
77723844 77789796
315950492 315995053
125637455 125704733
276696166 276766671
873110318 873185671
268587379 268678369
475419205 475468630
604697685 604761076
826745981 826777868
813330750 813375271
832792876 832853019
731856709 731917097
962635127 962712044
925590448 925594033
517511527 517526767
276831869 276840724
410892271 410975327
846812945 846841831
726829775 726921680
246885603 246926987
442839009 442885291
554592182 554662391
10440194 10532052
893543297 893577815
266564581 266602237
99868119 99920408
723377624 723475770
881622236 881667062
81635326 81708013
191647610 191710074
337018334 337064673
234683594 234758792
288917924 288941882
801179178 801268715
998853978 998878904
535796460 535893075
214390318 214421102
789660946 789692673
937100120 937134908
222026871 222056914
217718930 217751659
898007554 898088635
382281482 382301929
836378830 836392814
128718546 128728834
725647741 725734698
528994865 529075321
7112115 7183088
45379683 45442898
398569245 398650598
338676325 338740858
964350290 964425594
932833438 932869448
526998235 527022205
820620417 820687413
300933997 300986148
238470307 238568634
619189534 619206344
58141154 58210064
858209543 858265010
513592269 513663149
34963873 35029734
372898686 372950292
923847605 923937565
833120538 833143450
490910502 490926279
749734394 749802317
493997037 494038411
740034196 740035300
12691606 12779963
226293650 226343383
623852830 623866036
349434459 349481855
657965465 657999505
200953401 201025303
282232003 282263086
289274886 289336667
658293983 658338954
392908067 392932173
535550230 535605798
226057528 226112460
752384450 752483042
399764420 399812272
917325653 917378160
300249927 300309005
193154584 193229480
140809604 140885088
736599683 736629642
874230575 874243666
773969707 774005090
863382466 863413374
596291839 596348491
919454505 919504429
210521278 210540395
859033676 859130479
160576006 160638002
865079822 865081099
189630619 189685869
536439085 536456711
959141798 959224459
555132014 555202005
773695765 773737149
843244821 843308604
322159250 322192146
603591560 603665988
51227475 51279695
106273380 106363891
175387012 175394882
231356272 231389603
511680307 511762865
103403365 103462329
799500884 799544749
278924968 278972281
386876247 386949694
598601921 598635701
369517811 369520411
442124908 442140799
376980538 377069613
650232313 650258391
619392003 619467487
697787747 697872830
578143675 578166553
837850514 837887819
381295430 381338041
722835305 722902210
523442423 523538961
479887555 479897833
409171868 409252303
307652347 307713132
678295798 678314784
932284555 932306520
687818236 687862459
452922001 453004744
657463001 657537927
434621392 434630744
84945787 84967021
368965063 368994976
336598800 336640334
701167479 701205668
762822145 762857204
650027161 650111656
424616925 424652479
953151819 953210133
838564480 838612081
803046674 803123603
559350437 559409458
444517369 444539300
197446299 197449327
134260583 134355974
251929030 252015803
270203915 270301417
752367594 752465864
85968857 85996458
179218750 179270792
110605413 110617938
68496565 68558587
588876249 588883305
28309105 28361143
562622237 562633149
111592272 111626673
663682156 663702509
90528528 90614359
950767585 950818683
332184213 332214276
265639987 265736665
305130880 305188966
672678518 672695088
140957723 141026765
900351610 900373972
30678197 30682805
712480457 712527229
923813981 923856606
927971861 928034272
501645174 501716030
292502766 292574665
477648615 477666325
749066860 749137546
190091645 190169087
641651145 641710986
677582116 677680278
682739957 682813880
467053396 467122007
686965530 687049355
573146349 573186937
975948807 975994312
517169553 517240289
243877311 243889050
474443895 474484248
392756851 392810880
278965689 278986100
325958941 325960325
99158 167751
875507381 875606773
910475615 910493481
369243620 369281207
503797467 503867604
8930425 9020573
990084878 990149357
811182636 811245167
321704344 321705542
822345794 822402213
856808156 856846550
641027901 641058207
855522471 855523418
588638365 588687340
202476546 202530514
947214305 947287778
469339388 469391129
268323917 268345318
767658814 767755430
693627337 693678419
889516564 889566157
236859315 236893785
85050803 85106147
671435478 671466878
554705830 554786206
867126986 867217941
735126913 735162547
305669440 305754435
797711678 797781401
868451673 868486909
443352165 443376807
916419348 916428322
195858216 195876124
310950586 310965051
683858343 683918026
663281908 663341254
292201792 292293605
668676781 668741268
201637382 201679410
20825650 20845593
53292024 53362144
23762858 23787230
109815321 109852299
289046078 289062468
767935795 767993260
780725278 780726354
249978373 249990196
161795387 161797318
529977010 530005478
367126134 367181217
334552915 334618241
398784578 398845355
748328041 748332201
354601784 354612300
905750942 905849321
156860613 156867959
286156035 286207471
76648733 76719931
504816257 504840061
206364903 206397682
877516280 877566295
889328868 889330522
130955221 131048896
267321301 267371738
828096889 828154949
265388382 265485064
35981405 36007512
494817420 494913801
827850618 827862934
559568869 559656164
223818407 223880382
417817593 417906912
335124877 335167222
170307732 170390198
781938614 781944144
799641923 799713958
559340310 559356320
271992483 272055559
685605643 685644810
213377873 213425115
952966891 952973719
927345354 927432740
233848350 233863152
253366389 253449346
466177523 466220058
16178827 16200764
852970198 853006387
627813474 627829157
424995927 425027790
9588354 9593859
623926702 624017241
510318004 510408235
640178067 640198383
398786278 398798007
267063493 267084163
536784164 536796145
736527450 736608538
363377959 363477517
671230728 671238600
64183056 64229655
692107026 692127201
753045356 753115657
849830412 849844489
135106204 135170147
249832483 249873999
599524216 599608712
812497781 812543305
864926282 864983786
787255513 787280806
22927426 23017768
405626309 405673255
777817678 777835338
269183038 269188214
521089199 521181818
469762050 469835323
316447391 316518529
748438614 748502852
203770248 203844527
200388921 200460175
373302105 373344531
786411102 786472496
295627385 295705856
981908980 981981663
172167429 172176457
570304472 570324792
482522615 482561370
879843968 879878486
581544961 581593080
487563596 487563691
833135507 833219135
543267978 543317660
787759003 787783322
948041416 948043870
665434962 665482683
833241446 833322737
256395115 256437150
774171682 774179985
706832877 706903520
879447956 879498746
203870775 203939466
733606377 733671592
822200725 822273007
165497448 165577801
304007541 304049825
440024260 440108265
345770698 345785177
103354415 103422992
707478862 707487602
47005473 47022483
191811951 191816051
216980704 216994736
521162378 521187494
106035856 106040027
613119661 613203777
897969776 898020711
706437569 706501783
564596387 564678173
753030195 753107567
274811907 274818341
393369637 393398568
650637748 650731838
76100340 76102056
998806492 998833852
704105516 704169926
996865898 996876379
502574675 502658420
65176331 65223639
599169292 599266742
956092586 956147106
882644252 882692627
852818991 852911847
62599172 62680035
285417366 285486706
43650990 43747237
75578677 75618511
83682466 83710765
557793068 557805798
108689641 108784691
248053691 248123377
413746107 413770940
207360430 207429400
705315791 705348397
612062546 612144509
192090149 192163343
804441314 804514471
445801065 445898859
113294985 113378691
619080517 619127436
724230874 724291000
754357762 754444957
458568278 458581923
179110141 179133786
590520920 590573553
541909751 541953990
706019487 706040220
573271266 573349899
475680693 475726873
969035860 969077168
590645339 590687893
907155093 907203816
442750235 442833236
462340417 462435558
347302779 347382525
258473878 258547691
585861719 585889759
402720908 402793029
994442682 994540276
272826122 272873310
485764529 485823184
426372748 426372774
779872949 779877493
305460403 305538491
17504619 17572464
145047170 145086733
7053228 7092594
238249032 238277190
918822815 918864091
23301671 23392074
882978122 883014293
986889081 986961651
548973579 549046498
612750316 612825239
166123743 166136102
40519046 40579388
381882460 381902922
148614668 148649401
394152254 394228559
268281808 268312348
275139723 275179085
98682372 98757147
429280096 429354685
985568086 985596586
788412068 788422187
776938677 776981236
851374399 851437646
185652633 185716633
886594254 886684641
754677179 754752707
879947812 879960312
639124632 639208814
322544802 322549701
784679098 784754633
409682018 409692305
837649523 837656853
989851983 989895813
373587211 373644137
447236783 447252583
933926159 933955876
802813840 802899402
912120239 912199184
997133750 997135249
680631093 680713956
410692249 410699344
327258676 327327408
44219109 44260963
579745130 579819175
160610323 160653162
539449617 539541075
237079167 237099247
54245232 54333527
785526510 785578006
478476787 478575464
639018322 639093722
541949014 541960822
238462628 238519243
311152157 311203842
158927104 158944431
360957835 360968655
510945043 511019943
800275928 800282392
588574163 588626486
281919481 281930633
427915151 427980926
466531276 466622748
139989275 140089157
144816382 144879418
600539700 600565667
523836867 523888683
700346424 700421310
210560020 210633574
661421566 661517992
562906773 562939049
260183853 260193244
285891368 285947738
347260600 347350350
992285711 992361211
96201527 96216277
721283444 721337654
454773258 454821135
373992719 374017687
344390192 344435350
637670731 637756637
25991885 26031839
181736451 181782290
661662253 661720215
669136744 669155857
472944000 472949883
992366368 992396972
214410364 214500196
401387022 401407469
813610452 813705937
915648531 915659779
120658235 120755174
58559749 58591606
666796289 666815646
932815732 932853440
14746008 14791002
744956951 744971537
327618008 327676999
505936741 505939723
356349916 356377312
794582888 794653406
227499388 227526101
586718533 586787119
805687707 805721610
589269569 589332881
668986243 669081916
151770634 151861739
750282713 750370304
19744516 19793879
625996789 626083759
565646221 565651921
274294163 274316488
64542674 64579901
215495749 215587045
663534625 663570183
56999852 57060796
703040905 703041998
71508836 71559777
709069927 709105489
711871111 711957632
386782357 386796499
20485196 20523534
931374868 931459988
415026155 415056455
408774805 408841461
762022549 762035605
970525233 970566581
520402022 520480286
570758903 570770441
200164147 200190214
537569722 537629752
602033662 602127047
23073060 23078271
265635280 265704672
327413432 327457154
526061386 526112950
799283454 799304033
19727026 19772480
734773724 734819850
381584364 381666315
324620301 324651261
538214657 538250817
871763327 871771455
671939435 671973210
943472542 943523290
956061953 956065816
595861587 595898313
242217581 242237466
366990085 367041577
705375110 705393102
94269176 94364845
410391769 410460021
727991473 728071748
937056069 937138058
737148793 737178603
448108259 448139764
615145139 615165161
457913296 457954241
976820940 976900287
353566796 353625670
582219061 582236333
222003929 222089450
148795415 148871572
581274244 581363904
859106271 859132789
926196453 926214556
331784498 331874746
757134424 757203081
976635528 976653256
461778017 461797043
704623475 704697511
984741643 984762359
340908961 340917850
598439590 598509447
772493367 772508885
197713683 197755312
901430426 901449500
780695706 780699571
821879587 821921359
945034428 945088698
441578219 441617980
475672443 475770172
882292061 882375534
792786126 792822014
163162642 163187275
114644955 114662197
198370042 198373476
818671750 818751964
662441268 662476247
650262890 650337214
657518717 657548984
640337419 640367852
247940275 248030371
28008008 28055098
85336088 85426285
837332060 837394530
143974416 144040257
908534013 908613274
503330974 503424300
697468922 697517938
197543237 197594023
527685695 527747804
147653166 147674634
207511166 207540825
34606221 34659776
820917342 820919310
993678354 993713725
443502646 443531817
797110135 797198129
217790892 217890216
219646891 219655560
190136266 190193844
931072676 931153556
526072176 526162336
348854016 348913988
953039198 953071545
459084418 459137485
833454210 833459693
652759821 652856203
885116006 885165863
773309842 773350855
423216102 423296254
797218787 797293752
637594123 637664399
563961987 564046056
940364803 940457093
844948773 844953821
559042709 559057038
484912105 484971992
887995334 888000894
942509028 942541236
556952733 557023233
424784283 424880644
42146105 42219204
415965279 416032929
821584159 821666820
52930584 52955469
312651461 312709075
427392079 427431998
830729364 830766840
495367749 495389571
453615317 453653908
658347916 658355066
740831347 740899108
970314341 970332985
497764108 497848794
485007134 485018989
775936087 776001710
121517071 121540634
836156197 836232933
960277395 960368637
586700164 586717899
422052175 422106382
347313528 347372627
26749178 26772624
487135978 487213352
962735718 962829125
961852458 961878926
947629180 947688777
96829676 96862455
347972640 348063305
696403636 696496890
855220572 855242068
771348981 771445092
132654592 132666545
122583664 122676231
482537877 482620987
389707503 389718685
562444547 562537252
412410679 412505952
849401282 849468348
657207875 657228834
406603082 406675217
408673666 408679421
824913247 824935646
979523964 979567899
607191953 607278399
926287522 926307195
174079423 174098377
192056726 192150056
55094221 55149217
330779274 330819844
784005207 784063699
310075739 310157850
194020880 194036289
964802032 964819278
217810361 217810825
668469061 668502237
13107987 13168103
534323575 534388934
583579921 583580675
652817769 652882449
255419939 255448366
632286107 632372546
510791858 510851331
440396677 440454595
85260383 85339186
644354734 644355596
262758762 262830504
298621490 298702724
674992147 675065227
880598636 880625852
52526165 52550393
159188853 159196071
701450705 701496452
39428930 39447985
916792220 916796471
716182084 716257856
899811151 899890225
320449171 320492571
988255544 988267040
52647028 52661301
447704086 447727450
173232379 173320472
305351281 305431378
709662392 709753031
751454793 751532777
614483748 614557434
190502484 190562167
804592121 804668008
386749612 386754310
99993584 100032814
346627326 346675636
963715263 963764932
880752567 880761437
814370885 814426896
905496819 905568971
69713616 69751999
505535739 505553375
131021447 131112493
922782251 922818220
353484964 353554046
444269173 444337940
225319746 225410950
224466780 224547004
62475224 62489551
613500721 613596368
675360627 675429958
94134670 94198065
777468683 777558947
649375452 649468095
308365022 308420997
653741918 653783401
278807844 278876709
617554752 617636442
379947133 379964135
659588843 659662589
533002137 533070256
782956156 783038975
534445451 534510005
867562309 867585890
948826653 948906530
249882959 249975835
311909178 311934548
1697496 1712990
25755631 25816565
671583357 671598814
791850638 791877814
858525681 858606331
445207819 445262089
48846868 48890619
375433873 375507328
865482632 865566191
227996120 227997601
687858676 687885047
740900181 740937095
273178728 273187620
330468261 330507620
544053844 544125933
347810569 347811373
122231288 122321182
357859780 357904523
425254727 425349676
610874853 610955593
31264549 31287570
208322646 208365968
895313101 895357396
990290356 990378499
514438586 514500780
856045379 856050040
693263796 693281590
517001884 517022251
673451395 673511770
957840329 957910711
961996011 962039935
496573456 496627714
996206898 996304231
60153467 60221766
321417903 321491952
778424329 778513222
338768594 338841363
575402650 575405104
223620127 223695808
736042826 736086306
858494527 858540874
71095709 71115279
301141657 301145743
364162131 364211315
672710898 672780927
904526316 904548070
613086866 613166255
418293601 418318162
639082402 639097718
928350403 928448909
331014655 331107096
921076653 921117876
762184916 762189062
291518128 291572375
93198413 93263563
941723910 941755059
398984826 399044059
890623169 890662836
232078427 232147253
324611800 324634740
120507410 120556460
842827184 842832086
835146073 835172563
980706224 980718362
476498805 476565127
26773507 26836771
971688893 971754437
165439752 165464684
365196671 365260041
786452604 786521237
333245127 333288032
153861882 153874761
882764505 882832158
726619655 726637051
220317979 220412950
39247989 39308200
416169674 416263218
928582881 928651346
124377946 124378485
333913647 333919419
737716816 737794711
936168753 936180167
357867151 357928346
954756069 954762117
110705823 110774057
822679709 822766084
800533293 800574251
24137992 24213694
814426538 814467452
685960873 685988378
344542674 344568962
206744311 206781872
297050178 297119945
342684477 342742295
720613955 720629376
292760228 292779800
169110063 169145930
122900917 122902917
668882058 668955410
551968433 551981852
221810768 221881879
376151232 376223239
341970569 342006097
151995483 152087805
863291475 863328604
616416868 616448958
183905107 183914445
334339109 334419491
958038736 958083136
580440242 580498392
54466824 54483874
31130659 31192360
969902833 969991372
54176732 54190617
411886978 411894030
92470197 92526095
420817418 420840878
756641801 756719936
957000205 957077899
675889004 675979461
750937987 750996424
661763552 661810165
335480597 335524157
877721640 877747612
765469134 765568540
720341458 720411383
84337702 84436759
820798622 820859662
609659120 609676395
99767978 99859545
502807424 502820173
489179779 489220463
734952627 735037093
762588517 762649518
505244785 505275154
240297471 240316309
924595080 924675944
277082043 277129682
420989391 421013424
751205475 751292662
354686942 354729510
486708987 486772886
32495867 32504435
510386386 510401183
377356707 377419445
495254481 495276869
303071541 303117235
649012758 649088083
136788265 136854843
110522618 110575793
877840731 877934353
855512146 855526169
349899956 349972852
697343144 697352441
850866243 850905843
572031195 572091616
430373413 430450816
443929865 443961136
666659283 666691225
588355778 588376622
517945843 517996151
70931315 70975974
223594003 223684975
634549420 634605932
842150718 842207781
609038381 609083234
584681287 584772269
253568773 253591460
711474491 711562258
83638479 83735390
999506811 999600123
616529978 616593762
122753236 122830853
640031190 640091865
349372065 349444822
104855083 104913439
189165396 189205771
435717670 435726794
642375910 642390164
736059336 736137509
828223643 828273308
351551922 351616711
692551787 692638317
66016032 66027899
233658861 233677070
952689817 952765940
969863748 969962706
683042414 683042439
812906014 812925246
709615999 709635558
486377578 486447211
312999235 313050351
660965579 661041330
480134151 480159798
220827549 220916877
942128296 942169794
321838360 321913108
852923229 853012301
327008211 327065192
770722451 770767575
95871622 95948002
8717978 8798128
548063464 548116443
910143031 910159750
915370464 915409024
67012825 67061220
967522662 967594606
57045020 57045131
755220739 755294144
881277125 881324212
117787669 117824659
929516435 929520523
252588284 252644870
754005004 754082358
423342384 423424333
341586594 341679888
411017218 411070438
409702344 409759386
585316847 585344532
711340600 711363330
509889300 509907529
202107025 202179826
412955792 413003016
901903067 901957755
165643247 165681058
937092815 937180642
134807378 134824979
12458366 12467770
696202652 696204711
154614401 154708949
950141991 950205784
706443412 706500656
145788098 145799196
147339141 147423322
865373223 865427731
923581992 923641765
959476868 959568015
649001242 649057040
669207967 669231534
487902225 487968996
455400410 455472769
880544989 880603978
413084285 413130856
242387465 242411818
456095308 456174551
7977894 8053646
534891964 534987767
254208336 254301677
538727202 538762494
441133739 441205327
618853630 618901730
35929409 35934373
610045960 610109303
756861869 756910180
121509314 121585371
517042023 517132528
85967108 85985732
784030674 784126527
565226339 565324720
836305099 836341724
499221581 499289339
84003766 84072364
955539471 955619435
94968544 95000687
507291015 507373678
796379397 796466395
718029567 718039802
734518883 734601942
578958595 579034569
335544022 335624375
56665940 56710970
574487589 574489003
503444049 503503561
550467819 550529323
616290544 616386727
355960435 356015619
378939097 378977714
310535202 310557158
37931259 38022361
990918230 990996564
804689266 804729122
780579928 780653815
279648695 279656746
675705787 675767806
620774271 620796433
615103737 615110503
704718104 704756345
868545231 868641881
670355280 670358859
307965966 308029505
88594622 88611245
542879692 542889767
914232378 914268797
270637678 270655051
661207811 661244639
295512122 295545802
15250362 15347543
119775258 119854403
187490184 187567749
793460026 793479836
707762976 707821520
397034107 397057097
280517824 280609676
253613398 253676958
194142387 194211513
925580949 925585287
368130224 368141287
155767997 155846057
882319181 882339386
899381416 899446421
808271285 808325411
827176115 827226338
255494114 255580709
472645050 472740209
684590590 684612517
226405706 226481434
788514234 788559464
58331864 58416047
283892497 283991520
879964724 879979928
56396358 56418326
498232236 498284501
511350152 511389653
511386978 511484778
807913252 807983051
250891920 250941702
733913230 734005716
418834994 418897200
281991615 282010641
569557898 569614880
12737840 12775693
995597606 995656434
410173769 410262701
338968079 339037581
733232853 733238230
104544138 104613776
684428973 684475350
906495028 906551624
655503884 655589352
921652388 921688117
359668515 359703948
286783352 286796234
274173441 274259208
627255103 627306373
495111580 495200092
804330243 804361936
788463067 788551133
632137889 632163439
558294552 558338777
727694333 727784810
193184033 193225094
587994511 587995898
722415501 722416612
893019801 893028708
12843471 12897375
104903246 104972094
111569592 111659442
478826794 478872868
235596484 235691545
304187859 304220876
207317573 207322035
25448191 25529377
98721207 98728663
637951442 638037505
959889714 959918134
643584714 643668349
130771153 130863962
128824444 128835767
919596328 919675586
139486853 139536131
704798365 704883288
607811749 607835967
962074430 962088959
746952406 746976558
272017183 272055793
501389735 501476306
81297478 81381205
486881528 486917755
826093073 826149039
743267161 743354662
826652901 826695291
276313067 276334297
838303850 838313549
297735164 297743342
411027302 411078236
357185297 357193170
277281586 277316277
191050332 191108080
74516050 74580501
997061945 997088248
655306663 655358127
191600816 191685421
528342500 528356713
154482024 154552886
825393205 825449731
234490716 234571190
690779098 690793025
979906691 979964570
768155245 768189193
110903699 110908269
78296722 78305952
613476544 613571905
269075781 269134224
20148538 20213773
159831058 159916631
687554766 687554880
40625696 40712808
419278813 419313736
162787284 162879042
354153192 354204485
617015275 617015761
553388287 553481035
827844881 827909196
513398300 513455455
433698014 433793404
838524752 838533941
579958795 579988398
3551249 3601637
740088692 740151878
130141431 130215781
574778368 574825413
358028166 358117536
325159172 325211682
59264825 59347699
694790862 694802746
392297332 392367407
916269077 916313650
86389815 86450061
816530277 816568283
695561982 695588606
189642463 189715140
42231531 42281885
709457825 709482861
320909585 321000796
418871756 418885751
677119907 677210195
385753689 385817456
91120392 91203334
470281466 470377847
203435957 203454300
38330751 38356061
27235036 27329374
636670305 636701564
525309452 525360409
67637817 67708669
690853694 690894029
536531772 536601757
895769426 895828318
17629000 17633856
364304610 364311958
362622584 362717089
45971754 46024905
126902446 126930192
866621002 866706704
716525550 716594117
492171427 492260305
934370160 934440489
159937739 160034871
622067721 622098259
993013417 993022859
39597095 39693494
152031615 152095696
702046257 702048756
505968226 506049278
49179197 49211006
753011714 753096752
140163827 140165710
184950962 185033887
53641985 53682269
881262028 881274781
489824472 489904587
183276335 183353805
68673962 68687900
122599500 122664662
638852124 638932816
236837948 236846220
863775406 863801967
457641077 457685294
871364069 871460791
728424128 728476821
348144622 348160456
734534311 734609805
586139340 586157341
345304509 345332458
820583443 820589419
636820440 636843175
360244389 360252676
129649486 129685386
151651862 151751156
445768567 445790594
747641906 747690394
594217027 594238655
471008888 471040823
993936529 994012812
43700111 43717593
107339659 107422523
657604060 657653361
835007826 835028504
16782928 16846756
86675240 86676073
7756709 7780226
994431991 994443675
758857635 758943062
637513293 637550483
446915228 447006127
866951820 867014212
743414103 743430736
221362854 221381609
687007622 687043136
561660243 561719281
442415269 442446629
187420491 187500516
742678841 742683773
640242156 640265750
770086298 770151820
657183487 657195025
673441905 673481384
373504921 373559813
4907047 4980148
253015458 253040612
126173057 126242552
102739753 102820877
388588565 388688328
579522971 579589496
235445955 235506801
827136912 827219024
707947148 707974426
296810789 296817745
208004185 208018955
855356664 855376223
735774878 735837061
534202492 534225604
171540556 171628393
990712636 990718288
58011705 58096229
391049332 391086696
225045286 225102260
269919135 269962952
662304734 662404141
486563564 486569242
112121299 112218347
56324816 56395249
188857880 188878596
843415633 843419443
520830707 520898197
124623936 124633224
961083946 961114788
774600661 774658965
636413935 636489926
350010107 350065035
213407685 213505608
726764882 726807571
247028515 247042951
350181809 350211665
105295567 105326647
792150738 792204818
934033311 934059520
403224831 403253754
78951929 79013663
628238027 628301520
58346438 58403568
155629507 155657841
996311203 996391083
488542730 488566069
415892751 415941705
146463340 146523337
772902148 772927597
678627510 678674512
289582299 289608804
360660580 360677254
34461310 34552040
610600292 610608111
301296420 301314312
119302664 119363683
492395371 492450189
183826012 183925672
368911928 368940745
951774388 951813076
648149205 648169756
847769596 847853220
656623287 656645561
620753175 620825626
918053578 918083686
92851105 92905067
920168573 920236963
525288882 525317252
635205122 635267184
898710123 898770779
299757448 299759350
783850598 783906712
790466024 790498354
266106987 266149887
466271010 466346962
238807279 238884844
159954997 160030194
964490521 964491187
448579110 448584907
43012678 43074368
787564180 787630269
36099794 36155592
570287614 570339299
514611532 514702844
881854842 881867687
485805219 485870138
258247252 258258143
599670808 599769516
13339084 13429938
785749538 785802835
234082685 234100080
384835170 384873940
256691289 256776177
97420069 97422157
515163018 515250710
327315813 327337021
755167444 755227644
921186855 921261616
802392977 802469479
26213767 26273384
497959196 497977366
938664070 938756232
435252390 435276632
848104335 848152887
673033141 673093998
755809082 755892104
1464202 1546425
75912037 75962484
959317922 959408461
357455242 357524831
35126580 35165455
457309058 457407741
289684139 289775635
657668199 657739298
617647827 617674979
845777677 845867418
86929107 87010432
945802531 945846532
790017125 790024310
552694084 552782513
390831844 390838603
119149420 119199615
392550199 392611194
664789481 664794839
392529027 392577057
188191943 188276901
599996680 600089070
71947052 72020552
761644944 761671777
148612097 148655997
256229918 256300649
121931627 122016698
513778444 513875094
807751428 807827466
935370195 935462319
225264561 225363281
799955602 800055333
242061379 242103383
378721270 378756314
540699840 540788999
454116688 454153014
58475978 58484284
400305748 400350998
485772239 485835970
538427940 538496974
890733087 890749171
504834590 504927629
571128082 571216990
886243970 886313813
965778370 965816678
485308092 485389482
395293592 395381844
744342619 744351221
202243117 202303132
93747059 93757568
419492143 419515581
309637808 309647894
117429693 117451290
296291256 296305940
748486223 748505616
532928920 532948647
939516730 939543503
559084094 559166313
24363495 24401922
447252828 447342272
581361352 581378658
508851530 508896973
451111120 451169298
792109271 792193772
23066440 23104650
203002339 203010590
23661636 23692088
896518070 896586178
692211324 692255349
442050628 442126480
368070623 368156575
693692221 693734991
521997861 522075634
714956730 715048070
569261655 569333544
478090317 478150349
326505925 326580276
141684797 141724970
184401329 184435409
243505251 243568722
399327067 399364835
826512485 826518688
159277073 159323358
305352880 305412640
178630985 178712071
992278799 992299875
764302503 764372669
306281188 306305080
188290663 188383477
743951973 744039314
853042013 853062131
173145929 173177112
125539035 125544429
339974407 340049712
135799902 135857691
279610097 279658551
198101702 198128593
603966077 604058763
37247123 37334359
340315774 340360843
158853889 158902768
481497073 481567835
174587852 174657798
323797338 323813262
988308458 988311725
434395495 434460955
825190102 825209158
491817492 491859464
167560926 167561489
792952947 793024532
544826299 544869721
694972902 695065367
317351774 317413891
962048466 962086455
809774911 809850111
716065251 716084530
858538383 858612470
782267928 782325876
363659637 363749965
120597977 120693875
514302181 514307435
149704623 149793491
591588789 591604109
330800749 330804000
431246845 431327785
902884714 902913598
478859534 478906379
99300858 99343636
59091919 59171631
688604221 688629800
626454737 626523738
238525147 238561576
210148111 210151067
89753594 89824165
912091480 912149868
726991279 727079302
93820269 93887351
423509129 423534616
526633172 526674822
647650867 647730176
549278898 549286245
975437485 975524880
387690454 387742563
158855742 158949585
916765136 916821188
396887155 396937764
400324401 400325999
305641007 305686217
377264595 377304977
478433629 478507165
94058316 94086588
781526591 781584816
796209276 796263751
862950738 863008738
309918418 309939887
865084562 865179983
963923384 963978937
782334208 782388498
149859658 149936621
642028580 642039863
154231505 154258740
325591954 325654163
931498757 931567610
360150990 360159656
634236627 634335733
403482553 403494147
7106953 7160622
685912716 685948542
445081036 445103960
596800574 596861145
762621919 762696357
810936792 810954740
213951180 213975561
893657840 893707880
310808710 310881307
526762303 526767839
883473934 883513517
896129032 896205737
326325581 326390344
600523461 600620436
497627622 497657051
28819242 28819563
165381977 165416407
322304445 322388404
895761677 895845113
507387223 507403500
702026333 702113616
958514860 958552568
447918677 447942188
528159105 528249262
692333529 692365609
30539998 30555643
821110081 821146417
529408646 529417392
643054662 643152385
388436316 388512478
515917815 515991946
468224996 468258801
674305616 674395520
511144821 511235818
878622319 878637994
400722831 400790009
787006874 787082275
18838880 18872899
174855885 174932124
62825060 62844215
343254980 343315410
943085980 943176850
145489216 145536060
175351550 175358483
292777562 292824901
450449730 450533125
979364873 979411533
52307230 52345223
313171942 313241360
686063606 686073676
551759949 551785353
822961300 823043618
196760502 196772890
642916320 643014969
179460824 179532090
346396476 346437923
887793353 887883134
858861610 858901073
291476850 291566693
749436905 749527128
389255767 389268329
573829455 573905483
377559154 377577992
13848767 13866718
556381604 556418490
400520940 400584497
442375728 442420334
988816765 988838134
109970339 109998897
165952075 166018055
237418815 237443512
853739357 853812582
658663681 658754076
892726322 892795221
908460479 908530222
765091650 765163886
754051178 754150309
861764023 861778961
448122132 448182490
983580971 983590985
125161415 125178616
991503672 991505950
514878782 514924423
334549462 334640040
389305032 389323253
877288628 877346554
955336426 955414762
561697010 561741843
184906027 184999075
327152234 327156004
799358066 799373611
238754922 238771793
919998326 920089322
152857173 152947357
243282447 243322743
134587291 134614796
139820778 139831081
456130975 456221522
819290447 819305091
83467647 83470112
831819535 831883008
813181224 813237749
45652216 45677953
115768032 115772331
851536517 851622997
551344082 551421831
63635565 63697049
127691754 127724917
46473159 46481843
323889716 323977218
11029898 11128799
103619948 103636174
987947780 988026659
220547840 220624859
967629144 967655362
198407974 198495871
377456401 377460237
97473548 97492627
908236894 908334700
297829845 297905835
373486641 373532805
172397121 172462741
838379910 838475404
658156958 658188655
542142157 542216899
73376339 73389329
880024307 880100085
819527047 819528880
567836278 567864721
768596889 768621996
302641424 302663939
968150364 968249195
576735181 576735749
778837937 778850872
992386663 992414715
988354840 988420926
914072990 914165758
509721894 509769928
749614502 749691754
198777291 198834919
723192710 723206778
194184632 194231140
407608561 407664148
230074958 230142362
244334478 244387901
121166907 121266707
337455876 337472079
500258136 500272596
558053247 558071062
532378393 532478306
387889723 387982094
309528911 309601936
775388247 775393570
88313058 88356065
530120085 530135253
413155580 413192754
490641779 490720474
790461268 790502164
737710623 737768814
242529746 242602349
437315952 437354041
918441894 918497988
202706330 202715454
960735483 960797831
729211472 729259634
192518998 192520674
723872620 723937062
721657025 721670811
425598787 425656205
561204449 561290767
726406387 726417529
128009184 128027976
423925579 423978090
746290420 746367826
109223328 109320509
993522905 993545020
69482279 69529952
213767380 213811766
215031290 215109273
906269768 906322759
131814874 131845397
899912828 899968495
778678109 778743529
299056778 299150298
822456351 822532625
637426805 637462585
812074097 812158486
429749624 429796299
510914579 511001962
647643947 647696959
520263193 520330226
299456538 299475855
824633240 824692830
116003492 116019508
269176186 269240325
533943662 533973917
674708255 674725899
31915385 31928441
792204952 792211880
891541224 891550167
534868281 534957162
28721392 28744867
410849034 410928279
729290130 729332985
163999734 164039417
667831721 667913410
103437444 103537082
82159778 82246428
807034823 807102974
824174273 824238786
851188873 851249956
216822569 216861047
710917196 710982457
526402312 526468477
280960951 281032050
368954488 369025337
586928797 586931114
820301073 820305215
462145358 462160974
411919441 411978439
337755361 337804689
475191040 475251289
38634432 38638739
189911827 189984791
708037197 708076918
949939633 950032178
176248538 176312958
462440328 462457956
335501022 335594834
417771996 417835888
820350718 820365055
610803644 610892121
526728039 526814557
594620935 594710769
579168164 579243165
504463645 504526024
603717150 603737638
544048929 544056235
420246255 420280779
531170553 531248023
405657194 405738058
726373230 726419468
822991714 823028996
344115773 344123824
30222592 30299986
48445575 48462379
898651200 898699227
374603593 374700856
627029775 627033301
821620818 821702759
366421402 366471285
104528821 104584940
370594501 370641342
442306042 442352084
60611912 60698583
262238769 262271225
251923547 252008493
335114318 335191983
91205492 91295669
70330343 70370309
122912620 122956870
182299078 182301662
578120648 578163393
40133915 40194328
706272779 706328154
609938401 610005872
967881453 967936657
286279849 286282524
747279721 747341286
631348637 631351552
339854673 339904184
612412455 612463613
346197308 346272352
104932137 104996148
107435042 107525595
724895234 724922223
360742313 360807421
539843588 539931064
364577685 364599526
660166400 660205659
390127233 390184380
216636672 216701809
682303013 682312886
902351672 902421905
229866763 229904428
284708123 284714354
319245200 319320373
431673580 431703188
670629385 670726757
98738972 98833044
906438760 906514545
101719440 101797017
361677118 361712949
72230370 72304613
860266563 860336171
510315526 510371508
225205711 225251235
854324560 854334609
699582326 699621890
541852570 541891880
464834095 464921056
579764298 579805370
214831026 214885331
431967365 432000299
671049849 671117400
486650508 486738531
819739832 819811603
193918682 193921121
674142288 674234476
554291422 554315873
619380774 619446206
228656334 228742948
884664477 884761760
501754527 501789646
684968212 685038037
868585704 868666238
915659802 915716652
607862900 607958139
672976789 672984638
560782698 560808998
391136945 391197565
158638580 158670087
161568779 161666616
735842393 735881751
906369092 906426160
440513606 440555373
923617629 923626074
680674456 680701137
908350135 908404195
286619011 286656635
693683022 693704071
275357476 275447504
645568239 645599190
435795238 435826497
121932595 121952251
206068248 206071880
263696611 263737315
498387685 498451306
601107527 601164692
453139585 453224379
972440326 972445177
216885657 216906545
292822240 292840123
31290846 31324715
847901530 847937939
707242295 707314478
188962695 189047144
915387478 915393014
775750551 775814232
839917094 839919704
59407206 59418207
337052680 337131533
319952703 319961037
966984914 967038262
962902943 962950580
721202394 721288565
951033912 951045749
426162812 426257739
904896211 904914635
253447260 253461932
613077996 613174266
537137765 537153578
560447662 560534723
890112199 890188276
832274313 832343160
270376840 270441911
949794290 949806120
255633079 255711699
131293747 131334827
353568052 353644641
791601510 791652622
865265838 865363929
798819864 798850789
454052132 454080707
154917225 154931226
188070455 188098519
294792954 294850557
438489918 438523251
926531746 926609011
60049440 60113713
572809021 572858135
751208813 751223620
339828493 339900025
455031725 455093966
733084825 733117115
298214359 298233353
389766149 389828438
768446134 768494335
881934350 881974743
22628256 22712850
971982701 972062107
37376338 37473260
711056998 711064165
741614639 741702667
257349965 257383124
593487068 593537491
332074523 332158272
752281566 752329127
969757548 969847365
131054233 131124345
930883624 930914608
920891606 920949593
417117581 417118613
976878604 976930113
995903482 995936976
323076194 323088024
883375690 883474868
252823740 252862724
225900773 225921775
983430261 983487782
677909802 677951376
944320764 944405231
436249294 436253735
294244475 294254974
883901883 883966331
505830413 505927006
443413836 443457447
770287372 770342733
941415196 941428356
885193689 885214706
749989538 750023744
543672548 543681247
377802873 377858038
646517065 646612647
873411714 873483506
792191168 792233999
486686097 486777220
29367792 29467666
55940680 56024747
688904718 688928802
676625216 676683334
849350526 849434557
146127912 146128316
430207385 430233610
674627988 674668037
336856223 336931696
88295994 88310521
169460558 169493275
554443651 554537180
824212122 824297212
819439714 819456766
909416835 909494694
736322083 736375864
851093177 851135042
484783589 484846290
937919753 938016114
143355059 143389227
186271681 186361789
636750819 636793756
858487371 858524307
213313546 213324609
445062150 445110333
195302103 195353680
941016612 941066069
896229807 896304570
241041227 241043945
24663947 24737155
694825515 694905732
672836002 672865980
973717169 973728832
496524942 496550930
281087533 281179449
914646433 914668553
53454051 53506616
663576795 663633013
644666787 644700887
160257262 160268936
395051256 395073555
609072427 609087809
15155764 15249951
564613933 564670971
830388241 830447710
888260922 888349214
530588481 530604015
241037805 241131334
218125679 218150655
925497505 925532397
309196813 309294651
530609022 530659102
139800466 139856999
919485633 919512714
644333988 644362243
884858711 884895801
780296841 780385602
203327154 203381986
193670676 193724223
850901243 850920373
30894901 30932938
281105036 281135902
663229105 663288216
974236279 974268827
396895499 396971902
734726187 734811022
491949970 491961208
11081272 11142730
143027709 143070078
744128379 744180488
737502201 737530017
765938642 765988908
760695792 760751274
790385760 790464036
275120138 275129714
102305498 102378506
63084820 63091651
357408429 357439211
505659835 505706275
651089619 651177541
861407774 861486186
761890648 761988722
869572989 869578955
5756315 5789563
541747843 541829063
409028714 409068365
423802474 423890458
398252144 398269477
958020313 958093656
44157616 44233702
192599457 192633574
182392760 182458788
529182734 529227191
942634457 942695810
141647522 141659273
340716951 340810046
569538219 569594964
152252010 152286142
125458204 125499265
47418754 47435515
536023317 536060149
802969226 803016490
994539454 994595827
303788949 303823450
658130257 658230077
995054678 995089250
555095194 555136221
467910238 467931863
338811626 338908209
527502276 527522103
596651173 596737343
683600081 683657752
57146895 57171658
159580383 159587536
246810881 246834886
38506797 38568434
279413359 279434797
758021852 758083081
468613005 468628213
961187065 961251934
43799764 43857635
382810555 382903489
602212957 602276554
491515743 491580360
120786160 120880501
930804567 930823973
132772727 132818551
100478487 100505191
932193776 932231016
193976787 193998846
805238350 805305032
883229699 883265455
604782275 604869194
628866327 628894167
626579237 626579778
564804742 564879557
193884326 193938907
988286147 988296218
264309534 264374823
726824988 726837349
952803809 952846887
27876667 27913929
731553554 731642767
130986778 131038443
401105178 401182555
997665538 997679441
898697433 898739840
165115158 165118943
87040987 87101311
891956502 892049263
708174957 708237853
487538394 487620754
289178469 289256353
706528895 706529656
353719460 353725208
704560130 704641705
486514567 486557155
785490692 785586941
973753230 973827831
138856506 138884211
926938605 926944986
860666308 860750672
303819555 303861914
857003791 857011071
798649166 798658436
587504515 587583459
409515396 409527527
428271054 428304499
191137642 191169110
827723397 827775684
95765217 95767906
915199371 915226664
174956229 175007151
836973744 837026487
305947579 306032405
808053607 808139337
165500839 165516647
320562039 320626376
860175026 860231697
790155099 790195745
970377284 970467064
648017800 648035009
385520835 385608067
103198935 103247099
550457212 550483410
525728730 525787116
950705009 950755877
511573219 511608410
604577929 604656617
454268579 454280405
812275640 812331023
870798567 870846833
659135517 659159944
466117682 466200348
457432377 457444560
43420070 43487355
366945733 367006489
726321952 726351343
695366600 695456547
766260270 766280596
999296743 999361666
566161206 566243724
694952969 695021740
90162210 90200314
502746506 502803832
85022239 85084841
322544807 322564286
137213199 137302894
969485382 969524758
903594500 903627092
561665819 561721883
317270985 317345505
51247840 51320060
82176167 82182078
551274642 551288750
548307963 548363658
443476209 443488594
498921108 499007728
773426975 773501487
872763942 872797154
381669733 381703139
628748729 628759447
825328186 825394174
17468377 17483311
795123177 795209892
497012485 497036020
844151226 844175109
905067531 905119037
48596177 48607095
446946709 447039034
319596584 319637734
630510203 630605112
488550540 488649808
719686053 719745029
669811308 669846052
366504998 366529534
226632940 226657200
83988650 84086565
648596832 648630822
935890335 935978601
114171676 114228535
573781871 573784220
6278247 6330012
125282335 125284079
184399429 184485387
512303560 512363875
742821285 742874382
932845979 932932188
799128948 799207839
779441435 779505231
325129005 325210073
873094351 873175189
387329582 387420109
723490609 723581088
724885563 724937337
863976413 864016083
94097510 94113906
145077501 145079320
204872179 204886848
876139210 876141293
747359140 747383811
922357145 922360660
224658446 224721507
696453883 696472909
697652827 697684518
467924311 468006370
921473804 921544398
204992835 205004120
323108101 323168844
159091651 159153778
452989372 452992232
125046707 125068479
968961093 968981072
793260250 793352341
478100665 478164242
506257674 506260247
923199404 923258323
628381921 628413723
216185483 216224128
611421299 611472645
54677276 54721035
8454944 8468401
676897455 676990922
463628778 463683263
911194771 911259744
791431808 791507655
639777846 639873670
595179948 595218061
39746932 39810830
429153534 429217249
551211504 551288973
778048553 778128703
728714124 728778075
249006937 249100561
65181159 65250406
20422206 20477519
618908388 618949788
594053774 594062099
287600528 287685503
447897930 447959972
125564160 125629013
668615479 668700176
372335133 372393896
748950428 749007606
22341268 22362415
309249220 309344406
206374574 206436079
369203324 369260749
249218819 249285356
235903593 235980619
976106644 976196425
364162756 364241675
916389026 916482769
705403426 705464829
140830436 140868892
776309973 776403216
419157914 419212553
894513638 894601864
700616743 700713027
386821471 386883380
858730450 858751688
667698175 667725335
303286126 303376658
804505683 804516981
716246415 716309709
138616374 138639088
214194552 214215041
650418046 650482558
108344550 108399074
530133267 530173068
252027504 252054955
597892214 597898381
19467577 19514604
945865728 945899913
383372937 383461664
170301326 170324227
889003129 889069121
34327534 34335879
362639932 362696375
122373596 122454542
243406810 243422629
603422986 603452359
522230767 522264561
365420342 365466905
826108943 826115061
826883089 826956100
287216523 287236339
916340017 916430475
938123585 938191138
648850893 648938644
111821641 111914231
54140252 54197639
857905637 857965555
903657871 903756931
119111087 119124967
839292867 839372896
654612980 654626333
884344748 884418473
45064341 45130835
113184291 113206187
676378019 676393494
935088982 935115903
978163526 978210927
168612410 168707877
313664671 313757492
474076243 474176116
543202356 543267682
786571603 786584618
165673777 165758593
390559533 390603391
879567192 879585251
132052491 132078954
471489117 471543611
825942935 825943799
263406114 263468199
366489637 366527223
542264030 542286478
91519166 91554034
399900489 399994232
810508874 810563271
387237904 387320407
714033220 714065392
162791297 162890022
809072160 809141583
452820774 452850683
148170281 148226488
443894981 443948630
964290231 964350361
915247310 915314964
853203137 853292555
388452267 388456169
475215255 475234338
826944269 826945573
770544763 770612573
74712233 74723346
363250759 363292022
431269332 431290871
466081562 466089619
422266433 422365942
39829091 39915622
990547082 990631161
162083579 162158888
62072829 62155616
765974687 766061242
940397405 940465534
317531682 317586642
431647235 431736479
752467956 752540519
937963269 938003158
774759532 774856879
336827691 336872801
8484954 8521626
966591543 966660722
655413145 655432395
751936102 751989047
479091840 479176235
220260494 220331853
670401096 670482124
700119488 700177441
748903745 748948998
953133661 953218695
434334693 434360553
945939364 945978887
90495952 90500798
577064820 577108663
418752374 418847415
771892101 771989102
944759248 944775764
558850084 558920967
304865220 304893235
99664255 99731321
592475544 592516472
559780124 559824782
812872297 812955618
171828050 171831120
29947975 30018746
636195900 636229808
259136615 259176454
780083367 780138778
542534457 542548933
785964167 785972025
903643340 903692228
278911373 278993554
544923310 544969772
132943217 132949474
812350050 812435373
133949085 134007902
319933307 320008338
791196000 791196684
486563056 486607487
253507570 253605319
624481610 624555744
767346496 767428776
714597247 714667147
906770431 906848491
251081528 251127448
321265286 321302581
716102443 716196141
615002525 615090663
150293240 150386872
405515484 405583598
791897827 791930285
112986551 113029523
554535921 554612254
206754637 206801990
487811213 487824057
157360353 157453630
457083443 457137452
87990100 88002192
66779947 66835638
954029593 954046641
511372846 511400999
479065046 479075280
396526646 396615359
565062651 565115441
631617307 631690573
557212948 557264693
936318754 936353317
627391402 627456785
683394952 683450451
472532253 472622564
999691865 999756031
785675101 785729748
884561220 884582565
154990533 155056828
136498330 136561870
763592104 763652098
138926282 139018626
551028717 551098073
126763976 126855002
228323191 228382886
508261670 508265944
801544309 801564867
600250339 600298749
989664999 989680566
645963305 646016864
118472553 118488396
396839906 396914849
310945513 310950793
561328067 561348161
126424741 126473430
327410286 327459368
325623035 325661568
521758578 521762246
849548505 849567232
152621455 152698739
452858103 452864480
960196773 960236772
954617911 954655068
231478831 231502828
879528847 879625796
524838194 524838468
131348586 131420353
374358952 374367808
934613381 934619238
448367904 448430973
615317515 615358109
607484447 607543741
966676114 966720394
838967476 839016931
510271691 510366068
895160803 895240195
142603228 142703099
148737171 148803332
683394004 683454420
817846365 817905339
716422822 716481684
159968838 160064241
349198328 349210035
858791185 858873075
713503926 713585662
439835071 439885827
249991019 250042845
363996201 364067111
49198538 49286415
955676575 955734653
790180346 790216703
693547595 693559199
929810572 929832280
759359486 759362738
614174731 614257321
854868983 854961704
331623096 331696634
692734933 692751158
691397593 691470909
91431302 91456524
664328419 664399439
619393966 619493269
56773435 56848179
560228870 560253695
805906132 805968501
539704301 539706748
129153072 129239351
571079725 571103285
20372732 20408772
844773947 844800923
263374581 263467068
900780742 900856706
476987762 476998857
866424854 866494787
651605405 651647405
431427170 431504358
48300820 48365239
925537893 925540943
365025573 365082854
193818994 193873381
25830942 25900136
340786794 340836865
276142554 276154485
123098723 123111743
581731069 581753110
306394085 306412964
196139268 196172765
824960882 824972630
165600378 165640591
437309736 437398683
181667509 181675231
659787964 659830601
194838874 194842436
765900715 765908383
320001194 320052305
106025798 106067747
152965855 153019965
958863287 958905783
276954836 277004056
888780552 888796408
55703707 55730257
257293193 257391777
641028831 641105644
253930401 253995017
546127934 546226552
541618196 541668666
123567680 123602977
65103088 65144813
499100469 499172968
437095027 437103607
519875201 519878990
437543120 437626160
250976897 250979338
289008064 289080688
629398143 629486630
108994910 109027196
819241705 819314412
699597461 699613920
327075547 327150029
436740105 436798561
90095909 90179245
537335173 537361841
840612700 840631361
400833429 400904266
180590847 180622981
577174482 577230025
978707870 978780635
485054283 485059761
1074879 1135782
890531175 890612536
310579235 310664833
179724704 179724776
64612445 64675647
293456795 293535159
269389966 269479095
408186724 408232786
904561632 904644497
228443009 228519707
902677780 902744670
302055699 302061661
173319432 173416319
573474007 573547812
75092373 75131779
96330859 96382673
749932764 749948883
891740555 891758860
778542046 778614985
300066062 300122681
226398655 226478668
542046610 542088331
949114340 949203745
367901802 367985055
280633729 280732387
759945169 760004508
293145630 293177865
711114540 711156698
366822211 366849818
493705781 493784361
352678285 352680366
981419612 981510294
143586927 143671658
990266753 990267022
653679794 653742254
4594803 4596059
722313006 722335752
443630426 443703275
961286881 961378172
755162274 755226366
818690821 818742305
577814249 577824886
845362558 845447637
699292052 699302214
578370314 578374371
958392095 958480125
478004919 478093032
132516483 132562751
872717220 872766553
888485748 888564564
384362791 384413484
190252696 190344058
9053121 9069475
496812325 496860885
207222353 207280625
10053768 10082804
797945277 797947870
814348348 814385197
730739665 730832621
384207398 384232500
96600815 96681221
671342645 671382384
868028454 868122539
237455513 237486218
530223017 530270597
39509449 39546249
529180636 529272917
759101116 759180550
224504731 224505667
210546588 210630270
425294302 425308844
934065444 934101797
611068865 611134444
530440618 530462963
592474835 592500233
708496105 708592943
607423317 607511421
732703812 732782845
606814705 606837712
70180435 70257527
137703513 137801290
69846182 69862885
278769656 278844355
918563539 918593419
945969865 946038427
782649192 782685149
205999029 206087894
24822227 24913059
727711835 727781689
659767702 659800853
730874965 730948381
948223480 948282978
2099126 2155109
688232308 688320533
697964448 697971246
916824991 916867328
464445061 464498392
294243484 294259438
730330709 730398643
500993686 501058642
388127434 388195232
814993363 814999061
948975640 949070172
241106805 241112961
298428319 298483378
571671189 571730023
339562230 339562907
420755279 420780787
359387638 359398361
944998525 945073475
867232189 867235515
791824663 791854237
740397560 740453111
79929734 79962500
211394879 211416438
353502263 353543001
67478361 67560412
671405073 671417752
29928143 29991054
463801642 463804791
636225068 636307159
358954609 358987431
265379125 265393260
508498927 508530170
365933326 365940461
882222571 882266296
557996830 558027861
78287411 78366050
665254520 665311999
820444599 820457139
671463117 671521635
621626156 621642518
91842179 91850134
984314571 984318942
405224939 405266002
955720128 955811009
69823516 69840233
66574389 66632313
58829061 58868576
655775616 655857692
463683590 463692214
109336534 109425344
59904013 59977317
56052697 56091353
912604654 912654653
431303909 431316470
662822951 662921513
441423859 441454414
928338655 928417243
845544638 845631110
670023660 670025051
486846620 486896942
498440715 498496828
944826411 944907704
664893749 664907024
364660414 364745732
725609063 725612468
487561211 487629004
352395271 352472317
206675241 206689398
110262182 110263793
639064402 639157896
72525321 72603032
847629428 847654806
971059887 971135020
135271742 135355283
546425072 546458664
381598412 381653595
516898564 516993542
666633565 666691843
199633740 199665611
147824939 147830716
64951915 64968651
334649743 334726358
467988362 468055619
699762892 699861770
384124308 384165097
626706507 626777436
832682132 832701220
158279275 158340817
331436631 331515711
368186412 368224563
396028184 396029244
555855297 555932163
706175094 706264001
155263481 155270994
254892732 254959200
879591893 879665222
922024473 922031631
453184702 453229767
209816802 209843066
687790466 687816846
843170597 843179563
366738585 366763405
717109365 717171720
746016035 746106716
501869492 501948105
743473702 743517106
914837354 914913168
607841924 607885920
661535711 661574985
449570641 449613714
174246814 174260557
487803152 487808683
532501508 532530266
987792653 987793138
685870900 685900133
744339911 744370094
500940025 501021804
228855734 228887063
516197305 516293589
825007816 825051269
866800964 866897968
403632224 403659136
429832349 429856499
887001282 887002164
389571951 389573248
79168231 79215140
32231138 32303843
123683564 123702229
312003832 312061558
208739111 208821862
628875974 628923149
47142443 47146334
213806556 213832486
305051006 305073832
235090446 235124787
771845007 771867851
364876250 364948931
264102119 264125521
210440043 210442861
189061692 189096006
977801865 977815129
22541876 22630672
147364121 147413788
703160442 703174987
363336272 363363829
327568970 327628766
257859027 257907477
869180872 869229677
709645329 709667790
565783275 565864960
946679291 946736140
943161757 943254942
70198580 70214112
155082939 155100083
853515359 853540216
205816222 205886026
406084357 406175368
401853574 401895249
643761010 643817311
683053289 683085343
988930817 988936872
819353456 819434201
630636355 630661141
917443059 917513244
315876317 315895790
351844369 351876767
57186389 57268894
854281797 854318507
937217159 937233735
914293998 914360618
627153504 627217597
224667128 224762457
87410848 87472540
849326796 849413763
660229298 660237802
179780397 179847063
416736210 416834686
947493497 947578048
806526424 806593161
401865156 401930507
557156434 557217287
192198192 192240375
765026957 765075963
564225204 564316235
518936257 519030059
531278888 531340985
288123003 288199181
430512565 430596203
989115100 989191644
697650079 697654877
222478872 222507646
960875052 960901660
485417273 485447995
425094361 425123013
328563967 328619676
954243944 954293370
613504282 613524888
904554042 904603077
273298690 273370852
91009197 91026804
807048786 807059800
316805398 316863661
557079511 557125593
247151294 247227836
44176873 44237855
550037226 550118639
361178812 361234663
484419915 484481198
464399416 464453019
394612942 394678156
340398089 340433875
410567661 410570901
192807232 192865125
251030533 251065349
692944501 692954448
385573103 385583906
316236101 316301869
550605130 550676781
691118651 691128896
843825024 843861256
994935533 994965384
105665981 105681525
76610062 76657279
41104326 41175895
215077574 215121321
211147379 211235867
353520145 353552917
325038380 325136057
875706009 875795602
907793133 907829108
204700754 204793244
648576610 648594681
918048415 918147032
768998170 769095140
583176704 583210932
9163182 9202435
302629052 302674486
840877558 840930487
435679851 435755867
813688073 813773966
12767564 12829431
702324900 702392094
817289898 817309465
929287169 929339271
244360546 244390290
776675996 776774187
225351588 225413774
250958360 251025971
630290352 630362785
813489677 813551116
775789582 775850059
365780431 365791687
336161542 336186164
460412945 460504426
448488935 448516406
471029923 471088902
915841776 915914973
32324001 32373114
149196669 149272365
938182144 938198967
328105366 328202072
10395063 10460573
870161858 870248215
895821601 895868088
364881354 364910910
450056006 450111806
736332204 736430853
433113857 433213845
836061990 836152498
577247910 577287185
350125214 350202148
24953585 25027979
843271530 843275752
990144787 990163024
165024710 165067997
610090318 610172873
858076247 858155284
981133951 981213622
616197593 616248828
409437695 409464461
419442371 419450722
573904893 573955544
202227118 202289349
116649547 116692649
611512082 611571266
686124569 686164500
100117306 100139775
112005417 112093876
593679128 593702412
34423255 34513567
647857066 647921110
28817630 28842101
213673270 213682379
978549575 978600155
304746849 304773836
250224182 250262338
708207780 708276514
75139840 75199434
61689886 61738206
556769159 556770607
184496457 184539288
923103729 923157582
419946090 419966673
118910413 118927340
576012047 576066890
513518249 513615655
73833701 73884688
970219689 970246753
139513727 139540686
332599234 332655884
878209248 878302267
713815668 713877899
170490067 170569197
617499666 617540340
630814687 630841292
539528440 539622389
735336980 735397137
295752497 295778935
7992185 8010888
478600641 478609026
885388850 885441179
649451237 649483591
564634125 564677234
977429909 977504519
944076106 944140457
494140885 494201532
618617836 618622959
791659872 791671814
309142921 309227633
945960181 946019991
372354161 372445953
904777240 904870518
850775885 850814873
419930083 420010434
884150804 884173759
445659507 445692162
192820522 192901490
787314701 787371335
491589232 491639651
977999588 978085975
196971836 197063393
610545999 610558521
422572507 422664080
46884366 46915784
950843282 950863983
293965039 294047364
577391292 577429551
715817439 715826188
749519028 749614257
775681172 775709649
975748357 975813040
441606556 441706415
593590140 593606030
395923044 395933076
811101211 811115003
541589839 541632571
440337297 440396403
176994644 177027775
222664095 222730426
47926645 47987223
28688105 28697699
685977815 686068843
725443666 725541936
495965611 496015570
368999657 369097432
428790025 428815506
425925819 425930771
11529159 11562007
123139628 123232572
984768333 984786222
351232074 351319931
803884763 803945613
520506264 520566735
73269109 73279929
588870662 588956780
260160777 260254308
470002192 470020576
505504475 505541063
903620891 903642042
183168644 183171012
651749006 651762181
190306358 190344913
133306531 133376610
796122101 796173331
180875434 180885604
720901832 720903302
727334609 727370425
164815590 164873348
384492979 384516302
232650248 232743888
36984869 37073349
571551491 571579825
474656314 474747638
51277635 51360839
871354190 871422725
688281593 688368434
769239841 769326354
963157031 963170505
419423299 419513785
331060640 331118835
56280451 56358859
5009792 5016171
829368594 829418060
823682643 823709086
997313476 997346205
402271684 402302950
214733002 214744981
17221150 17276421
30004816 30006725
361976234 362001420
730100976 730188657
67829864 67858775
947347447 947360109
855690804 855777851
180262874 180357772
179365626 179371395
446333010 446400185
115624631 115667511
346474552 346548222
673006812 673031657
670737907 670765055
581648793 581700575
459432973 459448808
249546342 249574363
113693493 113740231
347213567 347236324
16100303 16153013
702219378 702260829
12864905 12915917
228457837 228517970
236326489 236335142
706480997 706517495
697873124 697954902
396189219 396194979
72296393 72325041
441411867 441451390
824145310 824223805
536415668 536429013
765074455 765144734
849608711 849683318
184102823 184135846
101731201 101809827
348272764 348355454
747662934 747713865
727890137 727981065
142734041 142777564
188260274 188343552
817886628 817976757
341414434 341501777
517683557 517692407
359816489 359818803
653407677 653484359
482015123 482065242
548710142 548794106
796516636 796547101
540543154 540620155
756589767 756591510
249758689 249761470
661799351 661898827
962909578 962925839
331623688 331654673
792328358 792384523
813086431 813118354
665468920 665479326
64341850 64359880
402141680 402207050
318487640 318514119
162855048 162904299
219457073 219541227
40702031 40733235
991503014 991598082
642178343 642236504
793769688 793812771
144168106 144204561
340954543 341038902
845003544 845103224
42528200 42596472
850167054 850221435
695834545 695872354
805897904 805901010
245897637 245993697
355698746 355743669
260112864 260139841
579081585 579088673
973488755 973575919
266650945 266741038
747622862 747717169
238847484 238927185
937060696 937110699
559926223 559968381
197080451 197138433
676223826 676224619
69381847 69446288
75145733 75170960
55949312 56032460
151968832 151995600
134820097 134832125
186482992 186560670
589320084 589346872
253736066 253802576
83928507 83984376
778451124 778512345
334430817 334452334
774891307 774917199
262986175 263041752
189446179 189525590
267328888 267368617
306395333 306470886
481327523 481410833
216252684 216288318
926022356 926085425
85916488 85963620
427611745 427661254
180137414 180199112
473923944 473979348
542553751 542633626
789123047 789179858
816392182 816412614
880042882 880106059
21271982 21371850
409545868 409601888
917020845 917031755
814817912 814857264
639073265 639143677
164066364 164138828
780232602 780255632
276264887 276314754
497841726 497881815
487052625 487089748
402810902 402884584
650714773 650777799
77244613 77288291
146733633 146827332
503862456 503888109
166134114 166158969
4488833 4490516
925195148 925260776
784227355 784322428
401856264 401920680
434387896 434442399
423751880 423849161
400661283 400711620
525651506 525691852
688320816 688397927
76487306 76540887
950261069 950266159
989563955 989580271
413203779 413277915
174335280 174360738
819212243 819269430
274081636 274180147
775504976 775550665
547187810 547280757
524653706 524736935
739259862 739308121
747813304 747820868
698905354 698955861
994841941 994897521
789913429 789945777
260224411 260287028
37052221 37099593
677480312 677572923
726306463 726310167
748904238 748991490
692921609 692940993
280601699 280681055
489058010 489147279
158234528 158267859
265659616 265738541
620989768 621076617
903570820 903591979
13247168 13262469
827825086 827837185
691916428 692009701
984495471 984545849
426991604 427084150
629384966 629395498
556774907 556799657
940604456 940659893
178051737 178107688
271518421 271609102
324505786 324571407
572520551 572606861
952034137 952084310
629298362 629338730
788055028 788108979
807950191 808045566
933530428 933542077
117332137 117415523
614837122 614882263
874270684 874289390
288859459 288957597
224976345 225074425
427317270 427408891
330820228 330821070
180816719 180881171
1694991 1707689
74991729 75082997
448651862 448720670
447581039 447666829
309602992 309699074
462728604 462750970
189409450 189458557
200145519 200237800
144237954 144263909
522344543 522368397
539677407 539691857
483893332 483967662
874423622 874451485
199327335 199353673
63331510 63429803
196204192 196303698
206034770 206068764
968808564 968862146
473230717 473312878
980295582 980377427
117247719 117331138
178376576 178387037
314741200 314752434
405582930 405599273
297171155 297179579
367382830 367386719
628833035 628863809
513138122 513201718
722418424 722518109
108242992 108244239
65558887 65593763
807237702 807238650
714384353 714460696
847404741 847410228
103983146 104010812
560852445 560853397
403368085 403447120
558425333 558525127
285439015 285502707
508128757 508227967
361883170 361962387
461122319 461166432
398127494 398216867
955793646 955838614
338468976 338500381
387846953 387934127
427855355 427904958
655851235 655858738
382283477 382326765
865726040 865739171
3312131 3372021
934736830 934828359
431438437 431533494
897026638 897044840
27574144 27653038
131957007 132026558
300075968 300167623
806852279 806884856
395598590 395657824
663950073 664040013
707462828 707525114
552884702 552938852
708914863 708939497
3359850 3443484
872543056 872585286
17856651 17939722
386767831 386773829
867108597 867205042
349530016 349618874
477070108 477100721
651506825 651570335
429674103 429770993
657766018 657776684
374020739 374076827
999486676 999549083
706886123 706977808
971954064 971967231
788424722 788475167
315532960 315612544
209462280 209555596
153718427 153786592
940849097 940924057
842739088 842833023
541849446 541853607
137290086 137355351
855579783 855591199
323570275 323658495
589212238 589273423
180445368 180503864
124208992 124272191
711506547 711577414
258666136 258698034
227247605 227269944
808798730 808885205
751521568 751533291
113247207 113304210
768546986 768550817
172051317 172094113
969211468 969261733
822817838 822854586
236626964 236721228
276626542 276713828
511425712 511513610
132175587 132262813
145767354 145837418
680267188 680362270
528236720 528248575
854205066 854295740
357342476 357371811
618445315 618524048
69435691 69520100
368535879 368585295
977284507 977378544
797755616 797852086
778492981 778543005
702140873 702225035
842975252 843048902
919274413 919331687
868063877 868094465
240035882 240069842
124221153 124259292
94146051 94160651
95712730 95757326
795193026 795270647
202031360 202128959
124668108 124743192
394854627 394871328
916256440 916297515
408231386 408307004
791259564 791259785
333717796 333725908
633571870 633642073
203858121 203908997
454942797 454984694
828156566 828204411
856328583 856417621
855305487 855322043
558078796 558165795
645982017 646059452
238522684 238536655
424463440 424464645
577987641 578048014
339223200 339242167
876332198 876371104
898954542 898983235
536691235 536780362
489394917 489414241
645818574 645855719
156627467 156725386
714414878 714507018
36876440 36954937
343747017 343787505
539424260 539514517
132568472 132604314
910177938 910270544
616297688 616360378
677613840 677642113
531529611 531567818
756065079 756114455
63149529 63193195
163962774 164056722
226144079 226240110
870180403 870209904
752056728 752153162
56442638 56466103
919959229 920023128
781034931 781086287
321158083 321244493
979656664 979677530
23156124 23227944
421213424 421257650
453588778 453677632
508332590 508378244
813589412 813640709
419900806 419910221
566768643 566863901
303911749 303948760
747728374 747753946
752809702 752881531
422809954 422822710
140553542 140595934
807739980 807816053
929705188 929712283
912476239 912569247
326496983 326556953
702907889 702929345
619718049 619736080
474469049 474560270
518017848 518056001
963380589 963399572
225234901 225263493
863673300 863771392
210083024 210179404
699261476 699262674
388936964 389032117
919274718 919350174
109465657 109554566
843423396 843442743
404323699 404379682
729548792 729570842
994269189 994276573
103130465 103177073
508820219 508843764
56341511 56356892
553444307 553529517
363446378 363524156
465812219 465831693
673206644 673301351
433785255 433817368
36499524 36515096
258616542 258668532
524658062 524697737
738717308 738795448
185206511 185292075
800152663 800201864
833062386 833153061
853973941 854061856
707079239 707090985
835082100 835142875
928674778 928760016
410277740 410313814
678962940 679048556
477942116 477990262
12458001 12473730
125227973 125238805
131051868 131115991
688708018 688795678
975471305 975538119
241522162 241525181
630125913 630201015
614857387 614920236
293909769 294000698
800323451 800335845
852920067 852997777
194450987 194501314
519896637 519981126
754558091 754614932
320365200 320440098
134471604 134484638
349211955 349220278
766402704 766473157
198523961 198577089
872810297 872902145
21202520 21254136
597065054 597135364
841249393 841318873
524590810 524599190
557165824 557242465
578727283 578820836
879209446 879294866
133239900 133338664
808514919 808542112
707147441 707162820
193986672 194065198
746482380 746505965
5716605 5789314
480212641 480253837
132118892 132124023
138315117 138390495
221437670 221523213
173098204 173109715
603975707 604009362
914237587 914336294
37586639 37597730
133913984 133980326
320595601 320643254
584574207 584596700
454247901 454334168
91879 124430
322766775 322772827
557747746 557786203
707765063 707835069
477729523 477747855
619625768 619690052
746359545 746400563
561208623 561254776
650872368 650942913
548242211 548269716
738659551 738672529
711479581 711485445
254584572 254589387
201942549 201961118
321810334 321838543
144104747 144183672
592781326 592809643
635422310 635469374
297851389 297868231
782869895 782951463
453135170 453144917
590395452 590428872
279897048 279947089
697684086 697705493
429560480 429620258
89393380 89426696
726413906 726469657
745730200 745748976
575422885 575449593
75761121 75843640
786703684 786738995
679807255 679898587
693176827 693202076
767129446 767178224
605206157 605292313
695538929 695605963
649554418 649575920
450634913 450655032
339689322 339746159
406885773 406889170
648118351 648150792
83241401 83276807
133811016 133880677
118101000 118190651
588806503 588859821
70823325 70866495
687385349 687397012
389574448 389618163
835447323 835483139
157120244 157149836
293826004 293827297
105169636 105219071
238612895 238662524
112745817 112762005
188690127 188759134
782035603 782075784
632248231 632312407
102585894 102655226
374628744 374720555
614350048 614387010
592213965 592249493
652262668 652275653
962684969 962691256
183338643 183380324
807317394 807368455
193995605 194040848
865527175 865624339
727794965 727864654
592352971 592430909
947062991 947115768
512026532 512104168
136979608 137013564
10197828 10287830
551436667 551530151
166957491 167043680
135686993 135705694
406734117 406808509
789653765 789688810
56762956 56858039
686328781 686377298
759674935 759707587
728228055 728307839
449085802 449178442
491544608 491568608
471329715 471376115
857349455 857410884
539264550 539302145
296162658 296218727
558984263 559078434
946382846 946412831
327692509 327775823
921186171 921197567
328201538 328254821
827402258 827443250
907575563 907587378
681478902 681489319
82348704 82444381
257737486 257749759
177288866 177364274
61645155 61656242
798229824 798267292
595024527 595089126
867955890 867957292
455248944 455337685
546193521 546289309
146488860 146551730
534514268 534581772
735643996 735732703
953569210 953638994
749345045 749361389
435371662 435373484
661732704 661757632
978056831 978154600
7827850 7921457
456317624 456409715
573726907 573825168
370506024 370538036
793477119 793563781
988335276 988404497
734523269 734603118
45479391 45559001
481736456 481758546
724262657 724331276
970446382 970475883
187705313 187715160
394117936 394135411
551564517 551610824
54660511 54715919
532047514 532097203
183055765 183104693
121583552 121627849
981448530 981537537
268183364 268254028
913514901 913530350
311454646 311493860
518751182 518789658
284273996 284301923
2399064 2495799
677720556 677795116
422647841 422676345
991124224 991164178
997623197 997707473
553545056 553549700
497203646 497284616
910910790 910974789
61736645 61783274
6325523 6406202
494301215 494344279
320351568 320397954
115066535 115067211
375510815 375605506
199885314 199938014
380676189 380677351
108810611 108867078
528330503 528356396
90992937 91062287
552245387 552265535
441006226 441022459
980443443 980507330
7420042 7440441
826188073 826274140
268580150 268609785
505408862 505460683
401911728 401950956
391374277 391430421
957985357 958009236
575984517 576019839
116710352 116767837
704674903 704732491
173768263 173786597
379823041 379920964
465961168 465961930
385727515 385820474
213099766 213114272
203546093 203583436
43224883 43242405
423640548 423695737
798782296 798825709
967439037 967443180
172134233 172221554
213665951 213728774
714299118 714333957
127552271 127607465
525132584 525204690
532111648 532201005
766996292 767012996
348845506 348943953
820760420 820812833
538866546 538961704
991666341 991763583
905231907 905282875
141108650 141123033
115834822 115837595
135424162 135444550
369496625 369562162
14655448 14745159
253945243 253952064
728330158 728375004
461349329 461427591
791811110 791812163
466356688 466419628
310812427 310849419
521762558 521773387
817010043 817066267
266016633 266097585
163741036 163836621
548939598 548964091
267862922 267899772
823267499 823282575
927892045 927926587
752645523 752677945
715466869 715523120
213043758 213105873
758556609 758570118
752848656 752944399
539376963 539457062
194549403 194574133
917911734 917989224
675284722 675367885
159693433 159723499
129344220 129361561
430874516 430879545
294056688 294081878
997611739 997630903
457739343 457741658
661926785 661952953
97641175 97647854
408400544 408453930
563683515 563723682
751789855 751872865
248493551 248522620
360968220 361024067
514531970 514540012
547461968 547517946
691353541 691360312
326728893 326743319
289100789 289148444
301244644 301290654
764059216 764114014
265180555 265222478
961113003 961119237
195154324 195159684
575452 582285
709132123 709229740
345357898 345385683
306356763 306418637
300818814 300898313
108192050 108248530
198470441 198503506
527514698 527562354
358932723 358972616
119752941 119765641
718276952 718278743
733324339 733396661
827279038 827296118
355635895 355683156
795956334 796003702
797717178 797794368
567861313 567940575
398994177 399025406
698198840 698235009
225521538 225598127
412369856 412381290
952617092 952631034
140107634 140190152
797347186 797426070
129229499 129234879
629815562 629901330
877686393 877711354
207154333 207246695
478641679 478654608
80401357 80472999
664657323 664702268
323707839 323802913
509166776 509266521
216894903 216964838
773920320 773940463
47041818 47058574
205843534 205898350
591090234 591183506
271147197 271246728
916372391 916445837
372952982 373000956
481554115 481636673
770222796 770238188
978016856 978074020
72701447 72764732
449902288 449970939
541025679 541028547
179245228 179323761
294364860 294456179
138442086 138480052
48796435 48870645
65276405 65367344
204215938 204313026
874598695 874650796
531530009 531619754
571735145 571802449
80515099 80536794
470025055 470123455
546833484 546883836
603978257 604029408
430408291 430487881
291514667 291541790
197639735 197640207
171801968 171876928
233869257 233946867
748099284 748100446
943985508 944052722
489026038 489092075
759945091 760039539
563793062 563826988
325784189 325813069
318218082 318310915
288315411 288387783
127886302 127908730
240442416 240448395
572911909 572943133
313364355 313369479
686781749 686801166
948760933 948797340
995624914 995642343
290377213 290383966
689785833 689818471
884130042 884157564
574016932 574032161
1503196 1588216
373084374 373167302
649785103 649833484
348495661 348506573
757483748 757555743
283508835 283603480
143464363 143517886
964580673 964660822
316641463 316684014
61486139 61568185
876089749 876091114
884690021 884736615
235449670 235545416
300314642 300337808
274864174 274866224
577016715 577102871
931988506 932064956
114292012 114386725
800764212 800854405
410148951 410234650
276322265 276404347
681080390 681159603
591500536 591527558
877082820 877140779
236909366 236951868
288614830 288641559
624556746 624639296
867296656 867395340
424625607 424646008
478948886 478979259
783629560 783724756
465900401 465948720
159272622 159335407
100600013 100665020
194898680 194958894
198672324 198695408
202786799 202861466
526690096 526785711
193710153 193795031
302842708 302845467
333032005 333053360
950533223 950556519
877783087 877834756
738054504 738134173
201700275 201709379
154105962 154115406
457838178 457870324
488578468 488663026
432185699 432198837
777718632 777787678
147415405 147510664
805783320 805784866
647781482 647794554
405740335 405790666
22243544 22257967
887514459 887516236
819743632 819828106
46965512 46982837
266656201 266667159
287393957 287412653
673648841 673727437
14492185 14493417
850039201 850053140
582365530 582462017
878595000 878639354
915601355 915694083
91230681 91257200
149497180 149560151
815691332 815765107
958196780 958255019
875598792 875620176
330052121 330095605
514223965 514244218
261787772 261795096
583607071 583697779
287179376 287261622
583699916 583716048
22771813 22777650
110397096 110468484
318620529 318633973
549264485 549318918
152294200 152294359
979431819 979461221
25770743 25800454
458633176 458683689
158244325 158290635
703692376 703729974
242541514 242631222
413115512 413205528
949428199 949521896
883458521 883473255
528088326 528110551
118257262 118286691
109238468 109275406
383656443 383666443
661099368 661143110
127078391 127125642
991406876 991417992
961628678 961634360
649083785 649103591
191198819 191255001
569599249 569643138
643827930 643851702
729535965 729591703
161297535 161384996
737833207 737872734
670829086 670866705
374076273 374089895
291084190 291149628
710529016 710577397
284972125 285065358
857579922 857589932
847027818 847028104
925258333 925277816
835139248 835225213
157398836 157440813
158677766 158728963
479635523 479730071
855611964 855674674
874723527 874732350
121508953 121584693
458974328 459069580
299011485 299030447
97116745 97159089
136940471 136964310
824134875 824185341
378610768 378652622
530650165 530705718
516779646 516870535
444469356 444548228
852015843 852099284
358055473 358073590
861292259 861377975
989565728 989597960
411441988 411496863
589848541 589913698
578475440 578545403
528926733 528996526
575753851 575784013
412990369 413001329
623805279 623898986
452948066 453017134
620490097 620580996
871118243 871216323
235508075 235600231
93684208 93715036
388382549 388382925
218269877 218272126
389122363 389195551
508874541 508892052
988813248 988827687
63970728 64016518
387468897 387487162
316428807 316489152
154769407 154841694
980276795 980331987
260379610 260407232
888866898 888896336
59985299 60083210
147963035 147978402
747088874 747181144
153627307 153676782
787140291 787143745
747455877 747511545
399092905 399099994
753124412 753138307
711619517 711695750
79210250 79272749
899191343 899269191
934667543 934688276
32411682 32430935
392177998 392196516
84818406 84850525
82748233 82749869
611155757 611210348
160757642 160781553
504406044 504503504
150444543 150542599
566345161 566436724
321593943 321655572
441868896 441963604
362212833 362271026
839018541 839103063
746515809 746517541
307915944 307930528
167382753 167390618
946135274 946219482
34487626 34566817
806522842 806545594
540409345 540430363
11668973 11720929
894083442 894138967
730040870 730100416
595020389 595113635
890688422 890722246
986930045 987005027
538881430 538921543
761661789 761691584
454912473 454933026
291872669 291884720
559957480 560006968
134360915 134458320
227487500 227539982
664693183 664700523
235048971 235100390
197239684 197337464
600537666 600616976
903782446 903792566
876773369 876864127
502979426 503042002
336284832 336370383
689225036 689278134
888256872 888306741
176978815 176985981
862578964 862627655
694332141 694387745
209090380 209125759
116394564 116408248
83546326 83593867
647670508 647714479
30117239 30148635
303017384 303038718
581504122 581518077
70135921 70163697
641142796 641144235
812308710 812349227
201588378 201660690
216601552 216685227
997722956 997727199
258057908 258093189
91310308 91385036
606445962 606451844
605310487 605373901
49049185 49055483
337778016 337790234
331361946 331363058
382949103 383047628
303227026 303279211
537102932 537128476
337662209 337760755
419447907 419543025
382077381 382094358
754472006 754560439
104560805 104604232
437320614 437417798
540713195 540726434
539208572 539228258
25431905 25508868
854772900 854822985
512124417 512201273
932880155 932885059
311513318 311534450
162712486 162801927
497256523 497266846
950480421 950562466
100170301 100264472
248646474 248674740
867020791 867110112
702463538 702482002
825520324 825614507
172922927 172988676
554373758 554469273
653628442 653713822
561875225 561919975
480478208 480495405
364020716 364058838
386886743 386968463
919072053 919128533
42963526 43056950
831264077 831353583
416219135 416250476
224219451 224299456
651629270 651639101
163639767 163714072
674083993 674149205
104588938 104590897
153139764 153180337
587482857 587494283
535702961 535715297
488346218 488387338
182232921 182271667
173379761 173388696
300773683 300849248
390120758 390167075
95809173 95818497
192399773 192492920
828864810 828925201
276965362 277027394
274906146 274964086
698245804 698264213
133107713 133182259
524264108 524269298
390275201 390312770
430505206 430558819
920197772 920278996
984771699 984860905
138495768 138553549
393775775 393842947
907135362 907217234
336774194 336823174
89647293 89736711
443663931 443730246
483282903 483317353
942110330 942199794
45822547 45903893
691346700 691354179
795688388 795720477
751345788 751419294
8528676 8548935
915965974 915979776
312094443 312143703
169872191 169946920
428724081 428733647
239499503 239550389
938620952 938681544
718494947 718507203
374669284 374730348
503035907 503120119
574576164 574637094
117165692 117176941
193567046 193662962
116338130 116390159
824866347 824923117
214180354 214232983
352961097 352969548
340682024 340726907
648936722 649000462
228315290 228407341
795948448 796010868
122757072 122793560
488100108 488105126
585276505 585296919
504623813 504642886
687427108 687455088
343797765 343872241
33633082 33711867
831296850 831346695
67001765 67049147
847782657 847839033
508319729 508347703
58065294 58093015
932030027 932033035
814558145 814647756
454107271 454142641
270659482 270742803
189091970 189102927
152189904 152198982
294103594 294156688
87734495 87773599
938209715 938303066
484709528 484764542
563476031 563504095
719025194 719059201
197652556 197659601
99258043 99314212
367240263 367338984
318799296 318820862
213250824 213296605
450006352 450069480
510563615 510633805
739626111 739647173
748065282 748122533
380848036 380938856
612373077 612424083
883706382 883707684
602270855 602349122
213202153 213212352
776018644 776106196
621148221 621229029
155281581 155324014
713032149 713128403
797614449 797711013
787188719 787230206
15232939 15252667
962610740 962670858
158362512 158427976
928036505 928077978
121984455 122072791
436354332 436388779
559088455 559183127
3948031 4007087
893901688 893918167
681066979 681125874
686031253 686107063
104631910 104636693
234744410 234842152
201495110 201550184
747803291 747874868
831488913 831510685
645258023 645307511
232075643 232121268
225231389 225256445
729745265 729820873
15430761 15479292
873788925 873836609
17385244 17424821
962775883 962816118
539109879 539126230
750886071 750951494
696763607 696823376
444586800 444640591
377666117 377712283
889257792 889328895
457252089 457320662
821499620 821543638
121740845 121763890
492658048 492714198
400636145 400659332
593514629 593592603
174651773 174722915
468018466 468068479
306046409 306132865
739325638 739414804
469755251 469838365
304135610 304227635
666124183 666137189
94081451 94095058
96248006 96333154
17637808 17718583
441608179 441621768
533010732 533109029
807160462 807242229
995604456 995675856
107054287 107137325
476852350 476918327
624094803 624099081
716948303 716986302
914511555 914566690
227494893 227524107
834168821 834228411
592263008 592312957
122944626 122970259
919490900 919552449
133617038 133662994
852283874 852344685
443385303 443469827
755737029 755834174
424996202 424997199
402270717 402300069
544989272 545026445
287343124 287429459
284003716 284044008
900315526 900369884
722951244 722982906
4464143 4518480
35084096 35086132
28182306 28202410
848803790 848852865
902769505 902837527
880505222 880602379
644186766 644228378
359800080 359822417
614381587 614437951
259664179 259737021
420222172 420247425
661712635 661797103
422321705 422328466
860423299 860499040
460745246 460762138
683193458 683244631
781805071 781827841
432845746 432887444
555422035 555442803
469656381 469686655
106920983 107014048
860251863 860268422
541441883 541457399
678004684 678080304
842115628 842167010
905197350 905297250
673577976 673612085
899084701 899157172
170782032 170824291
218788403 218800627
100142973 100146334
469677269 469678782
675269926 675347690
164334700 164338347
663679437 663772181
583763884 583774209
613958957 614009080
27154794 27252094
788308138 788325250
487163385 487246546
678069884 678116824
200312095 200343516
700640935 700670001
318818117 318843523
574899856 574932002
779872234 779921794
827201666 827235808
707872562 707879345
295241238 295252113
154371352 154453592
24847271 24930946
622077234 622090790
119111815 119171994
995572371 995650477
131731291 131745326
152294589 152331612
281314639 281338315
99618698 99628841
530691582 530738952
980024696 980051956
419618529 419631725
527246915 527249793
444255455 444265099
522393962 522475972
81940124 81967688
738021853 738076892
402926308 402967411
680271060 680330158
868172937 868194054
193065688 193104847
10888052 10911472
708311398 708385755
677760231 677839747
917844099 917848222
125850205 125895138
372356185 372419613
659282845 659361488
586781414 586782072
170068104 170136491
796390906 796424264
994911116 994927054
207066016 207145461
31734701 31804950
24737048 24804943
549481705 549581446
163580290 163608642
930799145 930846972
123253165 123281603
31672825 31715757
148783057 148811862
89595982 89691369
742601693 742618285
287323147 287359018
517087085 517113200
98751865 98797551
760298947 760371233
699998639 700037217
501484407 501582082
868669732 868734718
468217996 468285191
429434612 429459917
268535479 268558150
212468211 212558265
908423994 908518025
301810317 301861806
110482235 110558735
851641794 851718810
334561986 334583699
852657874 852684853
775306396 775370338
465436656 465495135
454984487 455062650
802170256 802205865
876057581 876099361
668845554 668859652
652078737 652128944
460971296 460997474
608964125 609010383
401537013 401619943
879761446 879769870
482543215 482565137
955039329 955043754
549065195 549098365
630146055 630199770
315114820 315193973
887647778 887732333
569618090 569664261
427678529 427682454
123104450 123128031
868700591 868742886
461050563 461074932
384125249 384157404
77996967 78025172
705399640 705448355
399393610 399412621
836997381 837038597
131322499 131323762
342082485 342172701
11704885 11798838
353120816 353148836
499694347 499768727
853881827 853923975
965018999 965049493
603056990 603065672
414025061 414062235
646179886 646207697
566143648 566172152
110509713 110583239
298552270 298646153
652732351 652820346
80341870 80417099
958490694 958575402
452850761 452940170
811964858 812021902
341217210 341259169
212762389 212788227
53321738 53386479
535422402 535428536
294651349 294706562
128053407 128069673
486174310 486196742
645781277 645824122
634765132 634815314
253856096 253931648
22837088 22874449
19151578 19235945
841068017 841143483
4989688 5050214
305335473 305352652
903707138 903759936
39737245 39807168
985732018 985801161
42005043 42049266
692322606 692324739
74575788 74637378
102134123 102188529
776587717 776627170
294928476 294970051
809270926 809316254
429866466 429876922
597483848 597524897
530233687 530313946
50544007 50595562
320451603 320542890
488103427 488168090
911254957 911338987
977611676 977627590
905245576 905294585
663547759 663561226
31447949 31477312
51361623 51362986
148964957 148978738
346667253 346757378
777661121 777718227
243032073 243054381
94507238 94532294
777504949 777553299
876331829 876402288
5305741 5395951
932023874 932030755
278837532 278843179
118974458 118980750
326729003 326738839
283174852 283218018
738650189 738730504
850003908 850053658
289815857 289907433
182899711 182917768
626478110 626538495
128743171 128759724
342880849 342900248
808564991 808641555
953266285 953320457
683870083 683928644
717512141 717528181
560239511 560308664
258260082 258335827
513170015 513256689
526244990 526281762
345649694 345745490
518301959 518331560
98568826 98603405
822703112 822741941
763839938 763850791
379041274 379114480
897156491 897188260
708112095 708196917
789488302 789515289
746213062 746223288
80685683 80750512
64711124 64738974
14096192 14184076
232073692 232135054
878869972 878920443
201774803 201838720
112243302 112287926
224048532 224125934
817764490 817833650
551825253 551866326
816567721 816608593
760759357 760818867
703611574 703631759
910325810 910391938
113452068 113469116
234918423 234966087
414008800 414068102
931856278 931937606
551327816 551354427
837541239 837593695
201813509 201822506
298326747 298382203
176304457 176394408
329796342 329872003
696195906 696209284
158151146 158211565
940808545 940822593
799965574 799980019
258301976 258304151
960030472 960090877
200821686 200856651
30694250 30756672
710694145 710763730
486019487 486065619
285162989 285178499
995281063 995353193
90266007 90312463
463291294 463319090
161727042 161779069
539222830 539279303
545382272 545426016
57076973 57134821
292690066 292738534
105025589 105032030
696452298 696502436
785980740 786036130
208232501 208271037
203419997 203472779
189671239 189749103
296272962 296342373
652242470 652307170
556862328 556919157
117236027 117325309
53549056 53633774
267301847 267316407
235771983 235787081
57056243 57060921
617649055 617683944
256374256 256382887
571372089 571385332
295772367 295802051
947684847 947766141
751095587 751189412
434392347 434443716
421857514 421870793
236103257 236199454
884836978 884927639
288049441 288114345
220874465 220896883
843668641 843695325
373268212 373351692
309229641 309322159
640286632 640324378
788000093 788000501
101192189 101216448
540349998 540441811
667994493 668056983
793592650 793632670
915433559 915523729
256215726 256238039
338349464 338438783
74576347 74598190
201159530 201203067
966227216 966286883
152292721 152294391
715145748 715207955
459478337 459522123
22362658 22385926
283287655 283297745
183314690 183403715
816323767 816325043
637808176 637854333
508771260 508847696
1080693 1144697
937611266 937643708
507416289 507430627
48507919 48510199
609098013 609187149
312092259 312122182
564003494 564069443
179642094 179741053
157392250 157404559
107366094 107406019
863173126 863269620
360430809 360490135
526844145 526940459
376648274 376719802
276316195 276403150
522368222 522401454
391152693 391212823
14561069 14607289
323340207 323433289
358349379 358417253
831641272 831728296
920149664 920227750
520072052 520086832
289843121 289933009
557603687 557699136
686980352 686983069
158806824 158860606
919408110 919436980
707989829 708008394
383534575 383599827
33183643 33215673
620176314 620273440
747116094 747172550
385924214 385951256
799255963 799267665
208136381 208185898
685835146 685849293
294123530 294205698
728857585 728929009
965531606 965590493
940697522 940766585
187853549 187888324
977456532 977545539
374569525 374612936
419861213 419938434
448066320 448102529
332133365 332158344
44130760 44206719
558429212 558521204
368588126 368668391
132028651 132085466
853982207 854041849
608449151 608494633
309676308 309690751
8949508 9014904
995608880 995698734
157980803 158041925
731135579 731155270
561766871 561804854
669794920 669868077
713308517 713329831
326036979 326100789
309516772 309525242
858762678 858801309
16742210 16801699
43973049 44001535
303887508 303965244
132538144 132545117
524379478 524419563
5465610 5522014
378231483 378318024
895618851 895618936
53581912 53614868
147874417 147920321
943520665 943557794
843170042 843235840
714388348 714461847
166469722 166480995
765789553 765825031
153163103 153259186
211234451 211291081
628380379 628390959
312246300 312274987
34506505 34568526
380783468 380816070
871565999 871654932
684021486 684072112
453723877 453776190
970837440 970850304
958887569 958921813
988050927 988090514
641065526 641106255
186081575 186155488
467954159 468043147
940525260 940567529
863696719 863772501
149439479 149529044
824269032 824295182
268457410 268475196
447011930 447084582
214236379 214275840
327487069 327498289
319260106 319334380
995486066 995568422
495160746 495232290
196894372 196943651
840101757 840159022
103124635 103142803
565401733 565459654
745320049 745361109
540967416 541057222
765146816 765193682
502917984 502964409
459206277 459267429
451514516 451568290
495299904 495303532
979852004 979925262
28370531 28425702
94949900 95048972
150952631 151033268
973721467 973761102
844639764 844671569
623116455 623183591
400625049 400641732
666675282 666746490
966273592 966347723
942536198 942574648
57483870 57582874
907427097 907478564
135222578 135275393
719492101 719492882
496936109 497004006
494158268 494165392
90902012 90909181
290098025 290183207
114942896 114986607
638167383 638180150
882551497 882589584
607140225 607203332
741518482 741561908
928050227 928058205
130398085 130495141
627728245 627816642
548489728 548586638
769820685 769827635
753307914 753334793
554334283 554353178
603495788 603592837
531829323 531847202
240028091 240116654
686838420 686858707
323080544 323162889
333816481 333910741
6926488 6990053
669654032 669744181
215499853 215514889
72093245 72093250
164306208 164385349
944784429 944800294
558155227 558167924
265435516 265462294
111247194 111309289
26474585 26540882
476543671 476594883
59757124 59773091
322040680 322093707
519389882 519414006
880759236 880790029
903790828 903862488
279464422 279544738
731562261 731619819
922681257 922767524
662668916 662685064
464236248 464255417
683111510 683114349
198435923 198454495
878911479 879009076
705948063 705979610
183368785 183435831
796356429 796448131
586994280 587020541
511271188 511334164
311423990 311461929
716760816 716773926
632180317 632244931
394427683 394515200
295473725 295524999
414271914 414363357
858837980 858852049
498177231 498231875
873482107 873537791
159092607 159096274
304322294 304382205
128984845 129058798
418146635 418148080
623348011 623387695
36596922 36681478
698385649 698471789
665587285 665645544
45775539 45822034
149576019 149637349
947495757 947590531
492149756 492186051
9792590 9813341
384128628 384194248
918950737 919016694
226323450 226369173
969106241 969198808
563774210 563825410
550878040 550886267
187364597 187450570
162567425 162613545
704303106 704397375
604675307 604719779
493364765 493458506
921983336 922001692
298865449 298965406
706998806 707038512
991575809 991627443
73240044 73324604
519416877 519466229
506540191 506619600
707565596 707589239
618517117 618609982
995801319 995867770
832577261 832663626
564180363 564214341
138965779 139057237
347974614 348051797
623548418 623594044
627594817 627675751
891083597 891136521
72552707 72558596
31698835 31794895
170917879 170948249
103659505 103746703
114053320 114118782
729416737 729479182
347526614 347626217
248608349 248704379
854274289 854305303
113206543 113229350
781859239 781909582
811548967 811604025
990393472 990401910
66493225 66573429
268954985 268969990
40177565 40275861
78256125 78313998
819642916 819691980
651260172 651342917
902672584 902676446
991655172 991677988
344842082 344856194
750251037 750309956
405475993 405493454
684398502 684473709
597503207 597529387
210150544 210183640
527317852 527375198
728908586 728946085
242125070 242151441
796881694 796902940
466071607 466140883
868305176 868330381
92361447 92437746
26030781 26113241
717966331 717978941
218548994 218553351
869740383 869758807
959163927 959164614
386075687 386129168
610202137 610273779
928240316 928249749
365835988 365860277
732679764 732775444
978166452 978261910
689591765 689660992
532764356 532789278
893785820 893813015
612430196 612492290
537783898 537830050
382773059 382854125
966105387 966178617
916354465 916372537
860707039 860715842
471241735 471297770
671594051 671643350
938425552 938434841
611122760 611133003
136571776 136639573
320218787 320232014
126623684 126689052
247576416 247583164
645844522 645915372
355322430 355325385
240540953 240578951
990283447 990316397
419217161 419309341
384297783 384306690
936778037 936798729
309311735 309321537
573833192 573908606
259199557 259267421
656321848 656387391
335264420 335316747
664264926 664272351
586200347 586291773
957571952 957586485
625747220 625808953
985041441 985075920
701402523 701406453
34654722 34699031
452480926 452515121
215297327 215341176
953512837 953520622
149560024 149586794
587430562 587526753
353915148 354014415
712251737 712259907
252992044 253056736
78288557 78362463
971010355 971090310
754938030 754942665
371348848 371358124
446934486 447012887
793805940 793886213
997896558 997907122
952965878 953038155
514076961 514093931
290456188 290550997
44819032 44832672
38225296 38290386
545035932 545065456
698294005 698339914
463336308 463398908
325792975 325822828
23024522 23031778
28297197 28322910
573577697 573657407
923734158 923783886
732228806 732318407
792339400 792341772
593238019 593301219
55985344 56036086
822144268 822193713
746723590 746740006
461406882 461498808
458309064 458381094
147929877 147945027
470248300 470263766
963303963 963384658
970180810 970229007
377730669 377756051
368428348 368485565
985768647 985776240
255733316 255763730
98774376 98851528
10790735 10820505
443525682 443623656
808064879 808135163
609937556 609943557
860890866 860892819
937651285 937745635
268352132 268359588
82261164 82268590
136060156 136117639
193910773 193947814
46943379 46984553
375452581 375531541
703525252 703557266
313975774 313992777
650820521 650872664
514001677 514087868
131400613 131486674
82467492 82477504
268648974 268720231
221041522 221106394
757261987 757358354
873408267 873455055
963833796 963862670
476249422 476342894
325041955 325090050
837742398 837814672
314266418 314352093
262213975 262283030
958828342 958863409
342372191 342463650
581344415 581410403
112075212 112082290
372196982 372250831
757526651 757608161
522061542 522098214
84230838 84257519
979305385 979323360
903473590 903541878
247536065 247576034
796618355 796690834
226312174 226328263
399850700 399945716
876581035 876599643
38512618 38543434
749838945 749896654
697833491 697892967
122662806 122665597
535697836 535702261
290230887 290267321
631618060 631668415
322565839 322576914
64123910 64160492
917592103 917672024
412248417 412313345
20238394 20288541
413029019 413087218
47690834 47720253
220901039 220950759
198026764 198113262
462873958 462943753
56113369 56199930
327650255 327654359
581483989 581529577
27908801 27988590
810114659 810158728
990740163 990774574
869992528 870091267
634536994 634565377
813093378 813096963
366086242 366181373
890389081 890470547
466085564 466141604
840323966 840419548
997040661 997137054
807884127 807891614
866935604 866949919
594095087 594145958
774486781 774575644
308613233 308683326
497682057 497737610
614827309 614921579
610210756 610278771
279281010 279302316
409408129 409469384
800618265 800649490
141597244 141599235
301399464 301488934
294627052 294638264
268363101 268434248
317639590 317683832
613195311 613247033
41453097 41533779
294495044 294542453
288565269 288651676
268986577 269072172
870009511 870089203
13249027 13265321
329526162 329600669
709503340 709545413
897647951 897682622
910095696 910119130
476535947 476596598
18539966 18597626
9524841 9585979
39732482 39779501
515619319 515702910
906587422 906660378
233906600 233960158
62904986 62980952
85412831 85449066
963193965 963273962
592112642 592153803
68766169 68823899
193062983 193096801
822461359 822497554
278679814 278744686
136604097 136633906
676820465 676843337
157734586 157815582
704351176 704357675
249830146 249845147
702872288 702877335
197842828 197932540
544085581 544143294
622652915 622694509
45049471 45122008
770256962 770286841
65297317 65390975
278157917 278191661
17306759 17395677
907237641 907283954
580294485 580388637
48031760 48110480
252003839 252049679
117213399 117223555
544320464 544378636
121528853 121595836
83161545 83192607
219088340 219131042
612425712 612474387
890279988 890369251
446644034 446653392
689220950 689276849
940440148 940477253
153630427 153633664
350620232 350699789
846285145 846332369
359688246 359741742
963567566 963653023
402347821 402409515
315747781 315829297
33455009 33476022
395461170 395467018
312322106 312341776
979115815 979193309
27418311 27432236
653949729 653977449
867620130 867661170
548463178 548556996
838456805 838554067
545656558 545732775
765406379 765451475
230713535 230763191
891986075 892062449
35003475 35089598
779815487 779835158
409191906 409291864
697086164 697096446
83012525 83041962
607096187 607162182
616799441 616882059
588660732 588756933
448910110 448980754
787101785 787117677
910098281 910167456
857066684 857073426
651870820 651932730
707808200 707876941
558706525 558764331
340311040 340346323
209404989 209480388
314676472 314708458
352922297 352954158
857926104 857973548
247917000 247976746
338031505 338129572
123927974 124018817
258821682 258880011
786836215 786889945
388566940 388577386
377940598 378014059
542930517 542940537
982082400 982129887
701507664 701571124
649848507 649878700
482075743 482130643
246706467 246781092
888866136 888882557
993981005 994051472
263006537 263059965
723814870 723891516
715007530 715025637
650199707 650233823
854543820 854581423
366759935 366801072
126662904 126673588
438626530 438681715
542267469 542286920
618487909 618552685
679281033 679306999
966230704 966254286
941033454 941092970
16656158 16678018
129696032 129750903
282797958 282870648
763840464 763902050
797633403 797646641
135718766 135723233
895348812 895405360
25696210 25786656
179245771 179255342
142139534 142207023
930805301 930874679
986363938 986414809
970942203 970997563
380499500 380516206
431985132 432076480
598010612 598042258
764486473 764524929
127807104 127851251
963604175 963648300
635094668 635174460
662100986 662115112
775434424 775440354
79191190 79288020
988619559 988666085
481997700 482051293
677350700 677409651
795317860 795374967
310623993 310723302
512288719 512380485
144531596 144627730
196978772 197073630
822438684 822515959
983914564 983981329
89968284 89988241
961642289 961643310
637322987 637400720
397149083 397237414
697293050 697352495
407350359 407392360
470929255 470952419
546177238 546271942
631447036 631483645
830009221 830021922
249391082 249430057
529669831 529714542
51848784 51922726
555852128 555920967
622585793 622652408
906308344 906364272
306292586 306334897
412389604 412431361
813144918 813168304
153756136 153761633
874012076 874108365
947452777 947548589
226216664 226273096
557416931 557453403
617549533 617630205
337549418 337562456
372959512 372996841
177803636 177819175
309069241 309105135
522521131 522578661
240124494 240146688
309751772 309785776
650870273 650969032
113944889 113975256
715577646 715614167
151400959 151413539
222096099 222168473
900643900 900710577
810529844 810551976
29366972 29445405
969096349 969101559
956322182 956392939
577582816 577608393
7156607 7220619
893894892 893898271
396791155 396817782
302620734 302695598
457953635 458049592
477626860 477695135
135483349 135542836
316691105 316705473
769068553 769161133
986965950 986981671
477176303 477232961
529629113 529663593
93269322 93287256
298986845 299082742
718027884 718043149
379805207 379815571
799161913 799191069
780998560 781008306
351237825 351258368
544451715 544495669
296468739 296528176
677127299 677223706
550662174 550750266
834346335 834356046
758931242 759021412
338024582 338029610
465335683 465348848
757099319 757167647
340942237 340967193
903479701 903552862
709883387 709965449
38264060 38347225
673542196 673543241
264047863 264065804
629581402 629630713
936426159 936455023
723001513 723027161
284848723 284910342
162600063 162663569
873885029 873909554
787654788 787719895
303439088 303456363
213216097 213299298
940451757 940463385
554379588 554474391
804711490 804739565
3433519 3490447
72221238 72285554
598865714 598945828
223925607 224018667
191249556 191254644
448995177 449085353
282473359 282553756
408333520 408416230
626956729 626987494
684740871 684786577
519941291 520010820
705384990 705408592
942626833 942666168
902686005 902716400
939566054 939604343
717233555 717297133
526371835 526454414
421132336 421210697
383463134 383534361
516425853 516464574
103651774 103680470
120653592 120752547
820270702 820308356
450535651 450594263
349392419 349424846
711266117 711321805
124359899 124382994
499006405 499048205
709327660 709342542
373209649 373301003
427445138 427537521
137501087 137564492
902072866 902136984
645381960 645435963
737898928 737929712
31098297 31136430
287681056 287747574
230968493 231022103
65287000 65360697
828712497 828754859
280896497 280984970
341040118 341094019
420239344 420297272
456554255 456606511
279923825 279930986
288103439 288167076
781884679 781913377
364902095 364985492
878884082 878890063
331260784 331319457
440031795 440060803
614723307 614745136
575539687 575566715
837037587 837119545
118450490 118530877
655789323 655832536
138743910 138823204
579570741 579573352
775487184 775489952
861584268 861633969
96908109 97000480
357865348 357911578
823390378 823462847
68144785 68230629
52844427 52912408
225983349 226030810
574959397 574985407
168569854 168640070
424693118 424787205
246246012 246284048
860373645 860394801
977807054 977856060
355947683 356001868
231514949 231587426
787411763 787444362
14646795 14651524
907829349 907831975
810805871 810874888
110080796 110146529
427282034 427345591
45403352 45423924
303965278 304004792
26032185 26062333
678127557 678217744
265545740 265550168
292549808 292648101
132760474 132810001
703597206 703649734
140867612 140964675
941265324 941300714
925547945 925559076
82170332 82180017
541713121 541807770
755365816 755465744
786664952 786719397
21640386 21642319
797416495 797487497
649476211 649496114
102603195 102699648
631570422 631621688
208610937 208690327
922669638 922710558
842642258 842684690
456504247 456571403
798309178 798312250
324435363 324471284
492746176 492772740
107029747 107064386
704429087 704504611
506162272 506211632
312715124 312771424
99924985 99954117
436294281 436367812
299099265 299162619
305396854 305488982
572523333 572589734
262652326 262702450
18481810 18546958
781208866 781260462
400224021 400323990
586887321 586980983
116290854 116350134
240583512 240659256
26727441 26779523
828075914 828106338
480054173 480102647
511966881 512040695
116982506 117066762
333514756 333558329
154373208 154455773
89801911 89814414
602246140 602268325
222996651 223060852
637168632 637201396
90074889 90093414
432927410 433008215
899871235 899933300
562002554 562097324
901567334 901641605
816668272 816698738
63278782 63343456
270608548 270662532
334422214 334519275
362783517 362803259
39202005 39244138
739805543 739879640
642881543 642934829
935688601 935689332
287918390 288008882
224652751 224751716
603882597 603946656
585821445 585886957
336098559 336184020
253123185 253165369
495394442 495487355
518613367 518680795
595719743 595816695
787127186 787137860
989163602 989177371
457094067 457185720
83219765 83269007
136668521 136767728
14629222 14650468
558280271 558378333
130435679 130457463
211921856 211979214
933886059 933900958
41942442 41998041
531700342 531722719
672339453 672408212
523119911 523138244
804225572 804297280
448982293 449034644
9941265 9980161
126254084 126311164
315920240 316014605
989957980 990046675
291099601 291168084
346159485 346240108
955141773 955190484
605386785 605472011
178182815 178201364
311596420 311665004
735538791 735565591
862014673 862095152
767161477 767210138
557679799 557759035
269766215 269828096
497013797 497041404
354525036 354622916
773233971 773251711
176349437 176418169
767812836 767874948
10545422 10587063
447001886 447025378
161436089 161497758
71992253 71992988
334836196 334928139
201513886 201540005
745225335 745237636
577384799 577444908
355446264 355458679
65613988 65695905
503256458 503334375
167990152 167998904
376295823 376379230
600389279 600418906
370395234 370477655
15171420 15196670
294828690 294865940
881278352 881334211
627568144 627663738
328296909 328345049
670552774 670605632
273535066 273608613
580912575 580996671
707990536 708017090
83189355 83267034
163661669 163675167
784538138 784566508
300632183 300655557
282327116 282400997
109867551 109884159
855648194 855716656
630626895 630711415
822544591 822594785
354506806 354582259
828905792 828983409
649372434 649408773
866831325 866927960
935590529 935671255
717793095 717855146
224741375 224763409
2867735 2898122
232404394 232416366
998093609 998174209
157294219 157313006
176972398 177034719
939109730 939109763
347181400 347191596
962022571 962029412
147075710 147142781
866761327 866818958
456775928 456863071
506472290 506515163
324869522 324935108
816051762 816067137
258527922 258601342
422245389 422294844
830989868 831040401
758324357 758386548
381169366 381210230
900492963 900561381
340346008 340415567
83966244 84045593
904295939 904323976
178366024 178449094
895076485 895112889
763803756 763822485
901810103 901867414
601817116 601875004
526233893 526325002
847144781 847177620
735907840 735923601
599046021 599103092
700178588 700224225
191139369 191142685
930009065 930056997
918449030 918510120
827580907 827668731
371505606 371601091
455350212 455378233
662470997 662544371
940914408 940939441
410660521 410709569
192205795 192303789
11459429 11485098
474680393 474727709
564790986 564816531
6028563 6105396
333279476 333322527
101048210 101096559
983340385 983373646
539870249 539871953
651519070 651554857
36000620 36085453
295226837 295310943
514037655 514089861
47155931 47247092
756198237 756231404
294391911 294473867
61447023 61522020
884039248 884043237
926838176 926932290
995975901 996037611
652347835 652430704
487994955 488059220
186585153 186647209
805237642 805322518
805935956 806007468
866972099 866985716
41010063 41058499
30963459 31043796
960209876 960303372
164488389 164580879
790484616 790507804
935135950 935153206
88932256 88987251
895569858 895585512
60181074 60239189
684486956 684580095
66921466 66962654
104663479 104734794
297939907 297965359
703413874 703494353
791834809 791836995
357196310 357284390
910780050 910821532
963937195 964030166
181691657 181768577
775387120 775435126
554416338 554418196
713496434 713549279
447083251 447170771
719021738 719029797
69744792 69770082
885888054 885987839
538509113 538528448
782711695 782746644
90160709 90183331
476095915 476101749
295843204 295922966
213334678 213424950
542739803 542793445
185723207 185806478
801900912 801901335
334110361 334146244
601896059 601942024
126395063 126439818
500634572 500709044
897761578 897852843
92444053 92518265
998872869 998933557
94663182 94678421
985706904 985718775
195958920 196054544
92790248 92814583
340914414 340991898
672833401 672836037
823262095 823284291
846899566 846900935
233566606 233650223
402148053 402208392
87268291 87363224
264926597 264966939
899052967 899142213
689683047 689708094
802523694 802622763
792540084 792557482
333382948 333389939
407281502 407374028
308246106 308269438
299534668 299553074
606707033 606748392
444510617 444540235
896869990 896894664
292916147 292942260
190172648 190211306
278479334 278570765
472015104 472049779
99226690 99290901
381342741 381418592
390426698 390472424
829326555 829410681
561612863 561671803
890668920 890751630
737703441 737725786
39439705 39516412
414121491 414141900
577618107 577692650
226197454 226289492
465846541 465892013
693645789 693735183
854989911 855027751
222744472 222789323
751247570 751313600
592288022 592385426
852867794 852903046
97450121 97517397
830441589 830469209
277255013 277283621
502176380 502210570
33767082 33782195
555156538 555242827
677653137 677677573
510252663 510270989
501702509 501779425
346808902 346857698
605342814 605392348
706849407 706926529
967736552 967740989
346144349 346236269
112327318 112409825
385348915 385349951
170457051 170512286
510559862 510603734
361498632 361583552
969567259 969580394
200909460 200956385
328860953 328882285
501266959 501338627
199888553 199987126
23353848 23411390
868894784 868975605
490104812 490182614
618437921 618528951
467043846 467139654
428781058 428843131
895604200 895636128
271200090 271294904
400736317 400815084
362794021 362857271
728593785 728646365
322308625 322313885
997494912 997525623
819450756 819517205
115808760 115863940
457300445 457335751
620073011 620125539
636810563 636814306
176121538 176188674
178654244 178693642
951974394 952052625
749076127 749144820
213097103 213171551
807292889 807311180
139469212 139556167
357713985 357721037
97064811 97105349
851330633 851349175
860592930 860638295
492539893 492591797
177534709 177595080
905387 991713
158367270 158393538
948065436 948087990
323499443 323539752
86302290 86326486
253600185 253626835
468740794 468752613
777533383 777565461
165504351 165594098
596300619 596349674
5309416 5371983
171079075 171124258
107281279 107342988
590374468 590464487
423105056 423196647
228161414 228223321
717728605 717777927
892652034 892712784
758302352 758334169
819325320 819337880
416154320 416171164
341832901 341850403
429371703 429414579
964243021 964280140
880243961 880332402
784231079 784286732
640958232 641009855
573501806 573511199
372445806 372509810
719274604 719371654
629673300 629676826
238042160 238121921
191297872 191328695
396353078 396400563
364912176 364977903
883945228 883945437
655590808 655669343
807115040 807167231
982029247 982039375
693183317 693213474
148262160 148327690
201831842 201837642
226809000 226848576
467507869 467520040
364628392 364678733
702275407 702298984
457104051 457123810
305977902 306018678
415339993 415428503
881837331 881900332
37394844 37429057
452836541 452860071
175602826 175655021
732656759 732724569
895750327 895764278
499206945 499217777
371822692 371912616
786699135 786712427
704233550 704286566
862805514 862807117
172747645 172789461
138232995 138308320
544355354 544405685
736907565 736967163
12443230 12506950
702030905 702118749
431325735 431381108
828241129 828248274
325294935 325350639
277722302 277819566
680878139 680893338
648149267 648208285
539084522 539133389
838596152 838658221
764529386 764573304
906418925 906489052
391767365 391782003
843418541 843441982
455336460 455406153
815625869 815676132
934492858 934581295
85909132 85928844
7469730 7513917
759741828 759819181
276849890 276875792
552865676 552946223
781285439 781345076
466957486 466963849
499035658 499072583
42782651 42798583
931897007 931961183
494190442 494238560
53766019 53844575
737003118 737051523
270933847 270989645
362346788 362435262
317982686 317985771
582771762 582806790
191907920 191946356
383202737 383257402
18810873 18869433
348571549 348610567
682881227 682885896
639712731 639727370
383588343 383684276
39312208 39381843
793151937 793203870
266960905 266983874
90244626 90314748
101546534 101563057
780382037 780400996
679592700 679657378
462890681 462926686
370855688 370915724
739799487 739880391
262101135 262197170
880989747 881058371
611032415 611092501
43637924 43647956
350671708 350720572
41110761 41129996
654288322 654383194
684848085 684861340
410075954 410143146
778891323 778901647
362680716 362764175
804519313 804558895
453688034 453740560
24034078 24058187
801834996 801868663
774805614 774891191
797451849 797462241
898564400 898621212
125010851 125035971
612993971 613028178
325560046 325640732
551945791 552016460
917237134 917269084
745452922 745459323
401833262 401908411
507792264 507820472
816815851 816873123
295050028 295147922
739661317 739685659
297269519 297335260
720952828 720958824
649208541 649260796
976832772 976856531
728220564 728257909
292787282 292787945
437209194 437236344
20099316 20153623
705676856 705693865
295030606 295065610
496542483 496621006
848533297 848616509
341621052 341633786
237644501 237673970
19405653 19498585
348546080 348575055
68421465 68501601
309056512 309151954
764540259 764620124
887957620 888017998
631268027 631323178
681581955 681659974
352994790 353065760
417727993 417790332
998443200 998516294
13493954 13538906
365712145 365754042
371907995 371966242
162971060 163031609
917357757 917455088
535769949 535797558
571488738 571580191
182550509 182638719
418825082 418858597
432651629 432655859
709419607 709494491
84405248 84488005
522416756 522490331
370762184 370773076
222856401 222954445
568644813 568693204
326452658 326490908
806227124 806268456
484793554 484881963
501845574 501849450
167396883 167478786
628071202 628093057
670299588 670345677
606548633 606605195
446024829 446027898
806797157 806834367
597472351 597569876
526946182 526976948
402958483 403028947
141408993 141458595
651892005 651908192
104131289 104183161
234403617 234431314
118791028 118865837
310686099 310709512
928672101 928692957
823425368 823521636
430695570 430767669
438640915 438687056
806681748 806710290
449017351 449095896
299444821 299486686
827317727 827365330
676753340 676767187
713216442 713306469
679810192 679910037
683127927 683169579
539345534 539415740
571776543 571827946
241698434 241751383
531323119 531422318
498123804 498161328
887059388 887118300
168542889 168566171
429555102 429592905
3583486 3653304
891062156 891105942
819195114 819255935
704579307 704601887
733743378 733756266
411622607 411698650
701265340 701320142
449113543 449167322
202802939 202886356
31182529 31263647
240724985 240743148
654666903 654748158
540480028 540490581
643781418 643856206
786137921 786191500
24517413 24560015
654781192 654813953
178733850 178808471
671620278 671682133
734829245 734841169
397602212 397605190
797752993 797831813
948664302 948750039
418049981 418122341
549042259 549067561
913012344 913033497
491525614 491573988
776379876 776411244
188131372 188193261
765355140 765381327
346522472 346539859
314586943 314595439
960403717 960407766
222272362 222348070
495187813 495248001
263117180 263206791
647733667 647791818
259720591 259743775
495431160 495496725
688675739 688690309
862952313 863031482
899661919 899705338
936394625 936415501
262920130 262980714
775291270 775300425
7390903 7489025
34706089 34795484
726786176 726839437
931001496 931069623
504883307 504933812
75554497 75609166
279204274 279298119
576965985 576981843
768578864 768658422
694806885 694876900
767472238 767475348
470858471 470921492
888793910 888889073
64195017 64233417
871515860 871568079
889388663 889483710
825451398 825456629
390169075 390221430
769469831 769536883
675671577 675756726
472495586 472551762
845489578 845505839
111264367 111283502
909534902 909569309
813832329 813908327
809148057 809162709
775235388 775257534
393488269 393542388
704951238 704995781
152417753 152449613
854218632 854281887
225577036 225611706
104287930 104331188
689380446 689471373
79531577 79591640
965503611 965596552
527826710 527925343
262775165 262874384
279172394 279217279
317067441 317157776
477462993 477506334
845436339 845495371
751148628 751182435
610133596 610169680
638262346 638267032
817464065 817482418
158939532 159007923
309699820 309703221
237320065 237368674
605095857 605143400
766440278 766478449
329276598 329370425
169975959 170050361
680639124 680679068
510333211 510426676
472298602 472386850
316624578 316644821
798577406 798668512
138032824 138052030
652243849 652282166
922502736 922553098
276279955 276363417
244725121 244728792
913667483 913695226
626238846 626278556
159303944 159380521
12956537 12990540
391015745 391110267
546096027 546193736
934405095 934472836
435772358 435834876
664066359 664088695
369596475 369680866
167371502 167448460
915483520 915549200
337473012 337541607
401968761 402018304
929225498 929289101
696188973 696211141
934995328 935064172
517599918 517622907
519689345 519739136
15282130 15369784
69527574 69572449
241404197 241444739
221651732 221681133
161156324 161192804
653523546 653619067
847476771 847492447
697928604 697954418
382790534 382855912
493192932 493267566
980006852 980090560
973134392 973135992
901918577 902016391
908112783 908181481
964364763 964394697
796048418 796074965
390369928 390456992
35262255 35314487
672594060 672607016
353814126 353880635
72153013 72188596
594084681 594154773
909035859 909133018
577382209 577392623
856757726 856765063
479568368 479642647
561511992 561544495
262736302 262769866
856061995 856158915
196156159 196246560
698798920 698831045
245178129 245268522
770281257 770341035
190514740 190520014
654056633 654091468
592679345 592715715
98096189 98193590
204026156 204122276
891949146 891957492
972961450 972978824
561092057 561131741
65353422 65380650
244368872 244400846
628866304 628966139
624134381 624196940
498507504 498520385
576528107 576534803
342371535 342454623
78441722 78467468
513569694 513584952
474484446 474495376
511139557 511165431
107240942 107312032
632837521 632865701
642413041 642476904
322080630 322155254
10310578 10386825
461446614 461461232
773074192 773132210
834722451 834806682
209163581 209240775
865184508 865267730
659721239 659820270
489899470 489899535
270312117 270411019
437194241 437273062
290708299 290772866
677668740 677691879
352873867 352940359
518917583 518984981
304680363 304764942
321733069 321767699
931214369 931284125
267385338 267430053
295588615 295677462
602652974 602718912
331575791 331657832
472493439 472508050
812406191 812430070
523535512 523536367
342746491 342813279
505202323 505267307
175160446 175183882
70393950 70493623
463872486 463960695
327105761 327118157
993528302 993586393
367683257 367766866
737616532 737687127
883214584 883238526
207871584 207885834
819106793 819137176
228939416 228979682
538781819 538821847
343614412 343683933
506672610 506686100
735240767 735280097
995950833 996030725
225799238 225874082
721433431 721453695
347640483 347660982
206055421 206107357
843758275 843780791
915211668 915232370
655114828 655201676
168719906 168762594
554551457 554613556
701680220 701758238
846912399 846967045
837255462 837350682
289247995 289277975
282238853 282300717
919378049 919417845
398133949 398152953
328814523 328858265
780298529 780344920
890380314 890477991
338600887 338659832
330730611 330786356
604824173 604875756
818937789 818992463
6090827 6190734
433878789 433886039
438932531 438978880
693414641 693432982
490581599 490617540
20916084 21008404
217124660 217152003
710875738 710969674
274802025 274840665
893945616 893994569
25425133 25467318
459022854 459072977
349701750 349774898
601265633 601362498
214160107 214188285
663095528 663161450
472557156 472593065
114712756 114722512
261067244 261088271
349484749 349579495
515055374 515149912
636664765 636726353
49392070 49478502
418826971 418917123
975910357 976002958
522956671 522989419
300800837 300880360
629335505 629384660
63690958 63704254
60252553 60336391
367962658 367998840
577561127 577609552
470432459 470469715
119218400 119280246
144187130 144285412
79444831 79487370
832410732 832506736
444290076 444309970
938397328 938417044
633301861 633341033
616422428 616448642
603267230 603278766
470579379 470611522
352017789 352092859
586891329 586991310
709411332 709445505
597724623 597794226
877579923 877618120
740420291 740423156
150825897 150834811
934934197 935025850
763862816 763959686
337113304 337160652
971847476 971905914
802378486 802406642
197718851 197760961
502861644 502891487
494784193 494831668
357569023 357595105
727641329 727733612
278126858 278160329
648128701 648226698
24844575 24862961
127979759 128063939
441070542 441126554
425532451 425596199
856950131 856956427
893003636 893072895
64731980 64799124
401015047 401017171
607431423 607488729
34449945 34516034
937463461 937506331
848403687 848474310
528291148 528328196
617203413 617247159
681153731 681162528
788592297 788602200
606993563 607005641
599460009 599474733
570975568 570996307
857480532 857547838
908706994 908718493
616247535 616308936
655016314 655101534
204963844 205062399
78472873 78562521
462725525 462761815
500057851 500117003
954938502 955035356
163429209 163514464
354795914 354805486
195070777 195155691
617641820 617686360
487529337 487598506
838713602 838804381
793987634 794044310
954982736 954985552
431070910 431146243
315480159 315480992
669681760 669732872
20263286 20264406
241838807 241881063
458648441 458668167
277941235 277970450
627469465 627557879
824396251 824439062
571621787 571681786
701811295 701898511
215104360 215179653
993594025 993640510
959112939 959206643
931195213 931270823
163858136 163882889
829993843 830013279
221345622 221386056
194977260 194990485
28158333 28228250
646308250 646313422
836942259 836958948
579902460 579948142
74374750 74417671
934752447 934793779
996932245 996962406
706701483 706728852
216575262 216614968
175330135 175385747
291067723 291098261
987711762 987740236
829299488 829346064
29309334 29327332
942356189 942413814
132188463 132237630
27298692 27356882
931506234 931603745
917177501 917274483
223965736 224015598
52843440 52902005
470886100 470938422
213285647 213312600
827837480 827887354
633740880 633757219
99698872 99721823
544068557 544144357
777945646 778013345
130678411 130699761
812399890 812427368
129233762 129297871
795258294 795337573
384818710 384916973
340246860 340301272
205064440 205092009
97486070 97552512
386395102 386457752
274109680 274176361
120250872 120310766
17336060 17337012
408053172 408108225
429827812 429840928
380835931 380883169
332840339 332848899
466163810 466249270
322868194 322898257
752922731 752933801
698396734 698481090
869912793 869963870
940535366 940597149
17018833 17054841
783433291 783518142
963502034 963544406
48715123 48733570
909904720 909937357
190437112 190511113
9957827 9974598
556866156 556886572
150560468 150651573
504457545 504557460
41866066 41874086
640169688 640197191
930230925 930327899
709692011 709730427
399114168 399195113
445470111 445490753
450154608 450177208
187515566 187583540
162543572 162640824
869105518 869193162
195007291 195055142
943902176 943916515
844558917 844580200
32190917 32256133
219125903 219166020
433420499 433502460
400703398 400738156
667774608 667816692
30578211 30581597
356033513 356037249
954363691 954425361
36746419 36842751
936333145 936352065
980945763 980999196
49928404 49999115
404840151 404940094
642642508 642737211
563934145 563956394
169836515 169849638
16040051 16085752
963349027 963378217
98917281 98972316
71216706 71231440
510767573 510828448
445685360 445755710
472892896 472910513
920106198 920185270
869113606 869197080
774843 815663
511362533 511424070
965883371 965917039
137652208 137694529
704776508 704847286
392541462 392621890
717723341 717817230
103506874 103569499
529141800 529239937
892375398 892450272
210761670 210778164
235483530 235550998
139379856 139398547
242184443 242270847
88249744 88347155
101779119 101873133
433618323 433655325
952320864 952401476
112987932 113020672
242905531 242938387
198241468 198337155
707992462 708031929
352859218 352952340
496228880 496316483
634350194 634418341
555021824 555097475
948739849 948774810
815929556 815946820
352127200 352182516
402406970 402493636
155929857 156005796
790714563 790719049
803090102 803140569
678476227 678482521
852760232 852786171
195606203 195608081
153496188 153579371
36629671 36660844
173822919 173874924
346316507 346318043
614273453 614336470
519524460 519569536
201593161 201675568
933646259 933721914
435570732 435629991
230678603 230738004
667129282 667163729
586133574 586191228
126507324 126604968
299901665 299987578
825182458 825249894
992014645 992058863
362124359 362148781
274109567 274154261
866497303 866561182
828937053 829008999
489965577 490052511
103619750 103707308
919353195 919398071
819554196 819622232
282247375 282255648
839617000 839664897
457966476 458050663
27288058 27359272
135536465 135548863
243873669 243933626
891289421 891303988
129147244 129219395
765250808 765289568
135612785 135658349
329671389 329730708
468327642 468400164
89085397 89151553
196078547 196130656
880496878 880563844
209248642 209267217
901956888 902046093
238217239 238219431
213327931 213424061
799503651 799550043
564331521 564410287
837451724 837471617
604391021 604460563
563763020 563769180
859272620 859342502
389399078 389469786
247415399 247506323
570017400 570039257
402086382 402107190
107522432 107611613
177849781 177933000
681087988 681169015
242942130 243040579
768891453 768911383
580702735 580782646
455283435 455309938
298952685 298959097
430433938 430472801
418514926 418583313
452328921 452391383
502515629 502557824
146157602 146252177
322115263 322115310
80391570 80424513
760575419 760648264
717388568 717429411
224148755 224244892
658329654 658407509
71741852 71749615
810857149 810910938
150649491 150668339
516396932 516417937
820975401 821007182
420088892 420109791
693728080 693783001
419832695 419910214
207630852 207663433
895853974 895899903
75732768 75762431
296586682 296605090
958463292 958515910
132576429 132671585
794198488 794275287
721895231 721915134
221009450 221067565
152909891 152998003
295783983 295883675
351617643 351619055
683712200 683727574
559011768 559052553
562899443 562912893
828561496 828643881
642577033 642638783
249302636 249389199
470590964 470630132
882873873 882890240
581172939 581270314
655020842 655080397
165009000 165018228
945136408 945235270
977648544 977742917
366550963 366586629
43992952 44042957
899771426 899804909
121158422 121240591
500928138 500983963
628115961 628138041
940858026 940951056
742424736 742488608
814389724 814427880
241198293 241266823
110649279 110660889
785720569 785799647
643221793 643269314
259085951 259173103
530999472 531091432
464368978 464424248
60830178 60913810
112947007 112983734
904439579 904534482
786454293 786490452
971447903 971480890
687479760 687546322
353078170 353133174
716162690 716195622
382962150 382973042
13879306 13892562
765680590 765744232
260644618 260721398
531476522 531505540
634672082 634728937
714713147 714747980
111632051 111724920
523837795 523911284
651375404 651449541
403536163 403615675
557236343 557323842
410799907 410805426
646029988 646044118
633876003 633960241
105845958 105921407
101912670 101928068
820371691 820402967
387299562 387375600
722208839 722301810
970436697 970515840
452935791 452987400
771256936 771354495
42804636 42850158
694805953 694863657
915078253 915138644
615624421 615692941
40025052 40077310
873124622 873206951
799278745 799335342
718406683 718410044
231970687 232044996
194065618 194068783
677017062 677060180
106090203 106128513
988561556 988615577
861028466 861032186
782819390 782879241
912068604 912101833
385031934 385121458
369420581 369466768
267040757 267077016
478896357 478902623
348442536 348502594
750657658 750740864
282580601 282601651
224821156 224894357
827649755 827721488
696092768 696134958
795325695 795378297
808870287 808915971
838558242 838580794
907011027 907076542
919817030 919828679
358375577 358421689
661857388 661927936
794417896 794447725
339875950 339916037
108768073 108862700
97101136 97184951
436009263 436050279
667652370 667717539
686631056 686655461
812354926 812405087
217055967 217090660
919097228 919189948
521237911 521283865
361852334 361909714
961836702 961884080
810429026 810449895
180971874 181014179
17101842 17116454
203785198 203861462
333426453 333492792
751864410 751948599
601816496 601855321
812576217 812649607
577946218 577969537
427318353 427399418
746933565 746943518
213266186 213278424
97218961 97312241
642064735 642151661
434475766 434510287
156514450 156608283
365248258 365318097
379889481 379941485
142842323 142892818
111267593 111364100
874641190 874679714
658654741 658729467
88274038 88316484
241403853 241461858
887054668 887060013
264036974 264108800
166442667 166530161
293977947 293981402
530957739 530987161
894693184 894784290
235122791 235154950
939670075 939699676
472828547 472913468
871368687 871396995
156097045 156098673
318679207 318711147
22305856 22386101
518910736 518968271
445093734 445166653
591874571 591949032
206415172 206469217
199778297 199846268
623731918 623784297
673510042 673585469
954131425 954182164
801862642 801896917
758862663 758910370
862672189 862706734
463120635 463169162
391394490 391425254
343763518 343834346
383405477 383415575
744316831 744334460
345382534 345474604
265101864 265172417
621651927 621668805
103746446 103812959
760589227 760651583
574838329 574879419
112536324 112615504
244624608 244718994
374030217 374124270
753921898 754006435
594931167 594960523
499597507 499632783
616606071 616613045
494177720 494258829
470160357 470225518
634648986 634706158
69425739 69448198
23745996 23819391
481539143 481612412
698230228 698237771
961902625 961948187
511773745 511866323
158785076 158793436
732299454 732345908
70236410 70330634
296449785 296524464
270595900 270691290
29610544 29704079
641816840 641881172
462600220 462692524
820730879 820748359
425465922 425494130
710603224 710662484
332672358 332742927
748619208 748707639
327127331 327170655
249714065 249788758
857293021 857359600
437165399 437184304
822808627 822879356
731563639 731640562
337647343 337648232
654547044 654553988
764626275 764725165
384774860 384851858
128509048 128518356
659116913 659125253
568838330 568892556
784239926 784261056
786576377 786601887
267146461 267225305
830790768 830890229
192565732 192589488
31662023 31747143
997319518 997384396
782400360 782416024
356256926 356268606
101105062 101157957
616330906 616422779
735892241 735943025
864269773 864323195
409407781 409499062
509391242 509409397
909744448 909789445
196483585 196496150
334143501 334190053
190493557 190586260
462096486 462129518
536529272 536541165
198176644 198210789
431029772 431056066
243353068 243399101
694952841 695035811
87583407 87627935
485038697 485137239
100961675 101030340
276776096 276778770
944142540 944221991
65391824 65464848
63507748 63597233
400663522 400676039
180939576 180939803
568139316 568140965
5004743 5047586
413125946 413166089
29692778 29767238
604908241 604957372
922729298 922738393
185105531 185130236
683417080 683498459
534939634 534963462
574681649 574710272
370707181 370719891
936407125 936496671
979912496 979932770
643942625 643991668
616311712 616334903
957172941 957230705
758456398 758479663
544740074 544759585
874413971 874472312
32579118 32660656
41633567 41704030
953733503 953749269
866729585 866770436
312921596 312935723
374793903 374883430
193721017 193798364
556723166 556745106
966615254 966628325
534348745 534374063
648006811 648027161
658409476 658453700
488195070 488281380
588389510 588440477
841880862 841939574
124963823 125051472
595348878 595357459
363294047 363326320
392660421 392678953
257108928 257173254
202228735 202281726
44657340 44704306
62947233 63010204
870705148 870791611
759819906 759918815
900936179 901013661
106064610 106132747
97660544 97747512
703090584 703132600
979109760 979178880
604513096 604588474
753987850 754057571
560141924 560193591
812740386 812812002
690629137 690655474
303398162 303440147
145465890 145524598
819826165 819852123
314562491 314644587
457756757 457809742
467226752 467276175
88464399 88528686
25591724 25656112
112011137 112053279
602640810 602704263
654620914 654671876
328455028 328520252
844347580 844385224
827686082 827775743
750439942 750447167
566452632 566458089
201948176 201959866
329767401 329844402
802999305 803074184
582813140 582835863
688195959 688237071
793771221 793777507
573691810 573695476
50688714 50728422
413284726 413309399
377705443 377775929
56301926 56391601
938133816 938190676
793001383 793068017
562624007 562647376
546261415 546310020
731361407 731453051
48018491 48046606
105925419 105985350
199399647 199428689
764945036 764987020
78343942 78437532
218622674 218687591
221982099 222056961
687646966 687727316
16742547 16748476
990082670 990132673
221222848 221313208
124909482 124947551
5088230 5119739
708233867 708277220
190114308 190165416
887525153 887555087
399199790 399252476
48057234 48077672
152116381 152194861
264326419 264407915
717831634 717865475
946981000 947036423
730569336 730644118
762541837 762623914
332579988 332606842
943476589 943562224
790954267 790990000
439378814 439469291
10981591 11036103
884285361 884339578
404942146 404978596
904771624 904796462
876951400 877015392
272113539 272192200
11198809 11280931
743591058 743642893
44881708 44972935
823695925 823754794
138392700 138479596
740344312 740373538
75724946 75808518
122814992 122830102
170643164 170707198
71404173 71428207
576534618 576577529
179708658 179805664
275413876 275503124
767750501 767841599
427568870 427606201
575804885 575842430
305699476 305774202
280782622 280796843
817106027 817121678
424027345 424053839
92881954 92954667
908873383 908938653
215594657 215611319
556440452 556445131
503538733 503601493
117407113 117421716
245505787 245510772
894528661 894579526
198082098 198093057
818772601 818863515
865875197 865884032
259579066 259636207
660695708 660744323
470415484 470512261
153285994 153343931
641025454 641030835
711758502 711824513
823334686 823359455
825223433 825251015
778366359 778408030
46984680 47059234
15259090 15279107
366519073 366551947
989817920 989840927
375935498 375996058
215445536 215529965
60589273 60640564
408058768 408078835
313323876 313390146
68343004 68372527
197528940 197611151
208670012 208714038
706535237 706629764
471234785 471238103
935591313 935649055
74499298 74531513
646027566 646096845
309029918 309102906
172977662 172996453
587469231 587510854
60895260 60909857
735258495 735267032
440152727 440220629
573672094 573674383
664201903 664296339
182445097 182540004
345375777 345424323
41263927 41282735
967999317 968012922
734779362 734809989
6336800 6386767
3673216 3746972
62725352 62776146
825380434 825454746
128464715 128494144
818380516 818462867
37790581 37864459
585814790 585824480
21252959 21338007
884761546 884823993
613634721 613719235
414523135 414560159
736168115 736248862
415288053 415346993
977363914 977461965
255195194 255284701
526737297 526817593
268480890 268526130
683648813 683708449
514460934 514481007
487718440 487788755
944296143 944343347
240346197 240365125
308017346 308100852
784882225 784905078
417096917 417130631
946973168 946994182
395220843 395317838
22481067 22537656
864845867 864885170
154601401 154606979
493848297 493902086
763093090 763164066
914488355 914518107
431892193 431908581
902088459 902170576
378967915 378995192
435716227 435771427
948781674 948836427
494545663 494641798
485666104 485724286
417087338 417148093
390369859 390414136
350051628 350138840
428297429 428314877
776645741 776715201
221099638 221131883
232958281 233051682
205047185 205121685
208952234 209047826
707945877 708026995
390213781 390274517
588631184 588684689
402456303 402540714
329530273 329558259
421797528 421816053
504908250 504922491
582857882 582943373
485674703 485714067
971388527 971470263
442508175 442514845
214114584 214143050
362584525 362656837
955549324 955569866
708295367 708345737
555662313 555718908
193612001 193670064
25593061 25684021
221677524 221728114
609233495 609320920
185049518 185085343
800981010 801070222
604907488 604927917
688524209 688576884
617475789 617501717
161794917 161848826
339829290 339890708
263816732 263913525
140182452 140282411
999924724 999988515
339532843 339612844
819686587 819766846
569714642 569811022
674401799 674406427
726052853 726065576
844994295 845002862
92073425 92076239
9307922 9314837
355954685 355966475
336396741 336443494
217977183 218074647
161708669 161736589
330242008 330250662
389703924 389785613
976295039 976336393
626473076 626531615
510121136 510165520
755488200 755511167
311107084 311146831
108984244 109057892
171597258 171617184
175295596 175350016
127174482 127244253
977353616 977434657
439890432 439911179
603082206 603154600
675042686 675104234
751471754 751508616
740842888 740875577
121719840 121806855
157460250 157518565
104226974 104326022
42282178 42299952
945141701 945191633
507679187 507728912
512046054 512068397
823708262 823710878
629401014 629491208
878268954 878316453
999591552 999649347
628022146 628097108
195242415 195301048
959912352 959914955
528030831 528118881
608578617 608623684
950909911 950954447
91279339 91327832
73970067 73993298
144894370 144976164
322234793 322323578
422641688 422661282
119155077 119242752
211668682 211751811
344347480 344385799
763868715 763879604
380868948 380947960
858260811 858325659
17132120 17213629
956755182 956832557
448543471 448565631
392147671 392180795
206183282 206250578
300911674 300979889
970963114 970966187
525713719 525755475
972613230 972635104
55846463 55931582
256413764 256505582
329248031 329282518
482036062 482092810
362407010 362412313
292956009 293054313
815791527 815877602
491867729 491954160
86161536 86205173
591926077 591930190
140284211 140366023
11465285 11561576
615954793 615957312
325032890 325082786
214364386 214426006
408040078 408090986
38636619 38727752
721451343 721486770
748243535 748292706
360385246 360433323
862371481 862438667
916574646 916630288
437222341 437315046
367357881 367375228
371771396 371865653
280877904 280950306
207128485 207192557
302409870 302444824
89449266 89508232
986528340 986616396
91048260 91135584
980693179 980734941
925006182 925072871
961878483 961893363
24704065 24720912
865679279 865779165
114943641 114975487
79902102 79925316
400922627 400931142
165362816 165437778
860557964 860589021
836312468 836323922
927380508 927390393
10356496 10451276
14438845 14535380
866494886 866539600
934326749 934407681
75572930 75593410
625728324 625810392
935604266 935664660
677534218 677577590
844102411 844189566
113637038 113717329
130973310 130980672
756072762 756090944
214234368 214332157
994888301 994898939
199259436 199271456
771219787 771231792
4124388 4181139
849966218 850056082
250263177 250290731
53685617 53779593
85267939 85318651
344032199 344114179
568367500 568392750
511148466 511174327
760464354 760529275
650105387 650197960
199785647 199847148
309305817 309401705
726020552 726098122
928795505 928803536
475148289 475172528
545014593 545015421
85425073 85448123
212300775 212335282
154503687 154574728
617867634 617892452
751583869 751600124
754698869 754798703
81367901 81392569
200841312 200883440
812056164 812086012
174400989 174452719
682144873 682222509
318600131 318678978
442684413 442750822
687833622 687871031
234352988 234408894
269455288 269500477
789676079 789707638
569674636 569675552
703131422 703221014
270226644 270263535
809920336 809941474
69420993 69429070
67412709 67477449
369606903 369702968
64858272 64939517
811373139 811429513
85847386 85935734
820804546 820898408
478815848 478817421
799152426 799240835
94738053 94779787
631509036 631556416
749553368 749642639
650158037 650246930
70736833 70811440
281789907 281885216
901648041 901689862
484028801 484075740
796923287 796986261
397760560 397826057
322387947 322452053
336590868 336662423
799904758 799929700
244932992 245009962
183129828 183135425
741810234 741856489
439946808 440007750
944865591 944926100
348287242 348340096
497812327 497873196
485520725 485540738
152560338 152657051
805899160 805949697
450539016 450542225
937765054 937783330
846393426 846434940
409586709 409669572
160399772 160452125
392678179 392680008
466413335 466500075
972125381 972148028
162176514 162254232
197471450 197499892
101840340 101842489
420146207 420208111
160953712 160989219
362189456 362215377
23279441 23344627
421155796 421176547
325904401 325976403
298145460 298175311
203953026 204016798
651573378 651668239
535944154 536000890
467193199 467214148
523279634 523366901
64167256 64213573
113828988 113837758
347121938 347214478
511852999 511932667
310656982 310675526
252492987 252560983
530677125 530705490
447047480 447111772
13923840 13964212
678077202 678097991
363548050 363630686
333517009 333606670
664088047 664144277
656729233 656745204
643295718 643312683
568693102 568730051
366250372 366345368
400886544 400976789
927817667 927834462
396820123 396894222
508441503 508449777
19015738 19074338
397293622 397348280
264258441 264285895
350255245 350345460
250652514 250693479
680614261 680676676
844826660 844863430
595922147 595966811
619785036 619828429
749825646 749851124
968360311 968376975
345565285 345648212
614475557 614505563
760321828 760399533
654324436 654355503
873297734 873330384
524617283 524691116
504392951 504395494
336575164 336642137
945674668 945687197
412470771 412569101
159295459 159377197
345374359 345385017
568262356 568326705
496808815 496887799
966829923 966925321
285623190 285631963
482630761 482681824
834762567 834787888
849632125 849668329
764404989 764423744
390608439 390616176
508681898 508714219
239802320 239885298
3278382 3321271
382433311 382514662
518137470 518211117
156895366 156931117
343635681 343699212
337335622 337414891
948343278 948413574
214811006 214895658
202072903 202151230
649701221 649716998
317419100 317515231
65028972 65125375
950016373 950041925
562106192 562172270
303285097 303317633
849017651 849066936
454183477 454275313
878950598 878952029
320165131 320199340
219301062 219319945
317938579 317941893
30946562 31031974
691477145 691577071
452499748 452510065
395815219 395876160
833005577 833024926
479624470 479706507
410190265 410263045
168554291 168632128
476890916 476990330
337248366 337262489
293724281 293784043
296298467 296324391
758380341 758459842
486763125 486800450
174913716 174990588
138014139 138056450
18206605 18222847
56289286 56332086
593323022 593385557
396019605 396038185
338517221 338611659
402684375 402756482
27343118 27425548
466282719 466367435
347768046 347819890
191124362 191167172
658291845 658391530
37080585 37164946
303771138 303813608
607326507 607425662
610454040 610459202
948392788 948459859
59978336 60073072
770163040 770256582
141590852 141655953
68588368 68597268
150228767 150248634
109793556 109862078
175429796 175523363
252343931 252355972
810309537 810356765
383412842 383457166
87143515 87197601
368908800 369007216
74707226 74771774
430097895 430169344
66733536 66802307
447055536 447139661
847964733 848016637
745806690 745827005
588515227 588526955
874416854 874444020
481571218 481592067
123747827 123847805
978634465 978668643
244164763 244196124
60681634 60766144
733926093 733999190
26011615 26018495
690311363 690402758
242150114 242212858
45521106 45526635
235150429 235249851
249822837 249842843
934674158 934692204
537497841 537539714
346765196 346815990
811709171 811792314
719689421 719741301
20675681 20742561
821988751 822026715
528525007 528528089
719022698 719116381
748531994 748586381
590591380 590600288
43089281 43115512
633151906 633156626
224236606 224266688
625711439 625775857
7679805 7725600
753578008 753588576
624470223 624518473
546694183 546715703
426470378 426498268
163483479 163553764
7891939 7974211
799136531 799218162
302169366 302204185
597282546 597331607
548552823 548603734
171651932 171678355
809785449 809865091
275176652 275220494
210209048 210251917
964142986 964177110
421585878 421601498
698428942 698466348
484955248 484959026
478398626 478477711
699444677 699532738
549546546 549599721
219676904 219701131
121003717 121009178
416023480 416037470
797589822 797616769
214901516 215001100
612255073 612351504
802378319 802417459
894351449 894441856
723923536 723951631
952035496 952113256
878170803 878210567
387554574 387615363
58376718 58461631
672288694 672318816
608646894 608679968
232793730 232860721
25568507 25609127
13271809 13300177
890762470 890786184
923802382 923846152
221569527 221635010
773031951 773082882
773061127 773104035
491649559 491700776
646191764 646290574
177443658 177508104
515584596 515658106
640745103 640782504
853628157 853715586
920582240 920614814
83401954 83482743
115171252 115171288
915559682 915563772
664943338 664949896
920374965 920376435
294453633 294453635
325823255 325881590
409547590 409643109
610004446 610025351
104402785 104409803
395190429 395218650
693392531 693417538
454370671 454467907
941075271 941124138
81711216 81747914
448273280 448358953
24045945 24084935
827257614 827262201
964780328 964796067
324323843 324342435
282099523 282159414
998714918 998741744
129198005 129281460
799143659 799233028
851222282 851226263
945204796 945267253
187455232 187457113
120889127 120900412
778257769 778288546
488815143 488891136
746163140 746236206
293275999 293311398
24222483 24314611
604764304 604827183
67950509 68046380
742816227 742836320
231365141 231373682
426854182 426943052
405257036 405260955
39901496 39966695
464379938 464440979
442837170 442860111
14247551 14323149
963584624 963590396
705029652 705037911
826279823 826316632
762251199 762288105
771881681 771944487
217645994 217681028
26213124 26301106
292017445 292042096
252134447 252224845
481024661 481024917
698127845 698133629
937935910 938009732
896995844 897052906
600161968 600254105
524552543 524582889
768336705 768434030
50782116 50819671
390879384 390890973
642150308 642198451
489902736 489964665
584749861 584771344
400792887 400879212
968322808 968371472
779749812 779822036
580644162 580663259
344361065 344457429
686458382 686503837
437014695 437037497
622997665 623050328
399549977 399611252
373057766 373096098
158519927 158608094
807087951 807152768
725538839 725609916
437899599 437946829
463546514 463557845
646555673 646588861
950017076 950035117
357345648 357392660
693061844 693122997
484009254 484108044
578974253 579063427
176390168 176395773
368780668 368847037
986015702 986097631
155746782 155825267
366843761 366914568
679353705 679451327
171184472 171259668
149809853 149836830
885499313 885590175
425577766 425588481
884165585 884220502
945669143 945683808
538356589 538427892
45073984 45142085
111470844 111546272
4338455 4371842
591039645 591126761
176847316 176944272
243505670 243595325
762091444 762135340
525253023 525268349
349489327 349585253
898151518 898200451
588894456 588946225
561696926 561783027
879782070 879833556
235226149 235301781
377027645 377125927
438084992 438175144
806987321 807001271
242466812 242550760
691384795 691444257
167182869 167273826
961250562 961349302
202219015 202312890
640074 706202
858923889 858938019
531720085 531739006
983379681 983389146
746183342 746223523
259666580 259765645
436067895 436107592
886086066 886113493
581932510 582016167
103709736 103734772
25238967 25241093
33390627 33429397
130003868 130031012
199409014 199498207
76596615 76605400
272122580 272181904
127724737 127780039
383878046 383964762
432718825 432720211
749276925 749355249
322353917 322398897
416340508 416389649
223819775 223859593
460124009 460205177
633175666 633238377
682061852 682142436
637089884 637095373
729196781 729261182
33842234 33907770
343202087 343248159
33329291 33362817
752297344 752359420
924679475 924729775
808439501 808510152
826552926 826565772
453872456 453962712
630420366 630501662
945575434 945621448
735350127 735414393
29343354 29393158
41523282 41587173
815023166 815034547
509889702 509922753
583830965 583843031
89082650 89114814
777688257 777782054
677851942 677864264
488215591 488265379
804288700 804332922
259178336 259257453
503885031 503889533
346681717 346722325
593377394 593469674
917665065 917724205
232524537 232604979
440886010 440898456
11053043 11142674
137851436 137929218
926334984 926423490
838415097 838418798
543629617 543687870
74195139 74260947
194597747 194658457
295001062 295092437
606717769 606768649
860397564 860467775
701907516 702002456
52307202 52340390
628848779 628864203
749704323 749772053
527313543 527336339
968796174 968855383
315024544 315045876
42752637 42790686
645448057 645491497
458199570 458213946
737453788 737474078
899123955 899134025
213806776 213869972
522104228 522136871
6112278 6163043
832944604 833042192
866297759 866383464
972176547 972199699
829425473 829474851
47110078 47149699
196148792 196178077
365147820 365237347
626603312 626667977
245599679 245693242
477456920 477548773
978882319 978897536
109025300 109046853
149470567 149487869
794951620 795030946
604270502 604273606
470403386 470468417
393714969 393806578
461680490 461683182
760648163 760716999
963886723 963977663
395446550 395529759
583562180 583576117
449494734 449556818
36009935 36046492
468464025 468537070
753818040 753873386
71874723 71883266
93676413 93710856
942510196 942597320
384015807 384078018
430921552 430988021
987063427 987095308
973471769 973489795
129934440 129937601
173941155 173952477
612484480 612508964
713652790 713678548
478998499 479084989
586175950 586224882
598469846 598504319
513119468 513128227
848254067 848340085
199190047 199266347
443730000 443745185
600937421 600942632
249374708 249401244
158255838 158295205
143038324 143136188
753201867 753253079
12019056 12067797
64418051 64484924
846202078 846203673
121067160 121135916
715016702 715051553
628754062 628823599
9510660 9550420
945305814 945323779
343091856 343123796
924046847 924109813
860309110 860337102
202579662 202666699
509769187 509831876
514037098 514065164
106350921 106373521
416458857 416531345
680104381 680186568
581326857 581336153
156886986 156974422
136317519 136384349
156124866 156224549
73008021 73070633
551242503 551252018
607906889 607928481
265287051 265369226
808971848 809026048
901697189 901779191
388396586 388426123
889032072 889066475
436359513 436367335
807852153 807908760
46073086 46115093
838197230 838248955
29705325 29730571
721185117 721280341
999417397 999466377
419592782 419651742
651156245 651185700
803812257 803828946
514715107 514795703
848758119 848824907
954281756 954335041
693681192 693780208
682195918 682216534
259137502 259216012
559697044 559734744
533793013 533802851
464652678 464731298
33193666 33248365
71225563 71299185
91099113 91191450
957402397 957421477
829914461 829998531
42894428 42942862
297844637 297896184
301542652 301603536
698111347 698156106
325877298 325947460
649931490 649974363
987119630 987160019
918456101 918517694
549154475 549218411
414565115 414664392
935399904 935490141
633036411 633127539
601496936 601586352
649833722 649912279
709752821 709828055
147389687 147451203
361931800 361943726
742410947 742475130
367659963 367729791
555121927 555202716
677923949 677932198
270145861 270228322
287990035 288025589
939257290 939295163
638268451 638335759
244643732 244684765
995165217 995207706
974117514 974148895
607753897 607778967
374213212 374253366
205993653 206037562
555845816 555934434
441886902 441923409
283371360 283449710
455103445 455191222
707715191 707739879
824970932 825051287
956221202 956239458
861403389 861493611
316770266 316795166
737771633 737861546
388143641 388237046
582801204 582873675
344824123 344850923
856878875 856939521
624648261 624716434
186203599 186218963
778025484 778120216
940754252 940792455
685686551 685718930
220905013 220983412
848197014 848280041
891623685 891667906
196578324 196663191
869277209 869342346
402651705 402683901
420509767 420573251
769917396 769952883
610088706 610148879
577038107 577082855
157131290 157164678
650670105 650679549
271158137 271174447
404330388 404402568
422067474 422067903
71453662 71478426
871868892 871902291
996223794 996288682
488295435 488367610
626618123 626654442
548809213 548883591
451501133 451527242
285294502 285301186
459247215 459329543
525660609 525738633
116049131 116111570
469410109 469460819
336233641 336249297
150031116 150054854
131980695 132028056
816177380 816184524
44060578 44069790
297808762 297822848
588937402 589007555
288207655 288224357
841674691 841687260
994014139 994111529
737364568 737420047
220001908 220007143
957038476 957125023
608347055 608354904
10582904 10597510
362501562 362583399
772634506 772670836
305144652 305200988
258428472 258458683
236693079 236774123
648176377 648251169
807160252 807195214
996273005 996345438
379622962 379653943
162889747 162892756
594541854 594618416
340073137 340173060
236086093 236108617
865124849 865175086
218121210 218192214
661743478 661745764
172223663 172235614
613364569 613461623
659419497 659454851
869248053 869311788
133748804 133761346
264347668 264400936
237268477 237300200
493391468 493471371
177857336 177880083
985292914 985321795
300079362 300093438
3402003 3433300
720654278 720694713
467285228 467361203
924379237 924457844
912239829 912290515
479066243 479094213
249302163 249315319
909762344 909773092
438660699 438754078
476884254 476942257
161475232 161572116
953609883 953660277
913310171 913390788
806051743 806101572
24724610 24795555
821472454 821508070
220255331 220343584
527765396 527822629
847813397 847882071
367529733 367571949
22243429 22308839
544987682 545068375
416505170 416563129
651282333 651309265
400463881 400482823
755330547 755340687
645268953 645360564
733664642 733714144
180798420 180851374
222405123 222433688
337382335 337428639
434975269 435011202
267110093 267203801
312113998 312144262
407424954 407503655
942456021 942517588
26066135 26156115
604848558 604880550
693075924 693167358
69465682 69524959
765652721 765655589
417545848 417620777
370638661 370685785
409064426 409067113
527161570 527218756
777580735 777639105
976233216 976288809
96057919 96115245
273724419 273770063
245411039 245446314
393628113 393662174
513818484 513839207
180970231 180998954
916596424 916673166
692573087 692640874
643284335 643353926
869883515 869909168
908280951 908285709
409572465 409620251
51516549 51616257
245436109 245447902
759247723 759268532
99188814 99269483
746586430 746658890
53756960 53789780
85099798 85168645
273960211 274019600
160019039 160057464
152078385 152135519
299051550 299075933
245982087 246035757
334576179 334598020
558891180 558899933
248910141 248922236
666734240 666741075
614834284 614920087
840848021 840945158
188918358 188956139
588344539 588406176
454476269 454498280
253666379 253668632
867292114 867317724
647073692 647167085
82729092 82737924
829826679 829839985
288883932 288907359
573328017 573344288
836508571 836569197
594250229 594349957
396136201 396230994
192118167 192138185
573010207 573034693
263760967 263762114
349479184 349501702
822861654 822897350
551093592 551096308
537851330 537917458
960825188 960832640
422845630 422863319
179316246 179322583
503656740 503677176
908962304 908979644
259765594 259845413
895801246 895849375
616182316 616218922
496503819 496536036
488492574 488515531
762581310 762595712
766039298 766071833
174039487 174123391
650699091 650797987
45390869 45399661
405257116 405274930
615675 653320
494750922 494820246
857745830 857810050
727487371 727586234
424146186 424218317
581397860 581493050
433682671 433751491
501029634 501114484
557976542 558022934
844374163 844453530
620055707 620149864
899395933 899494151
435078702 435177220
269970706 270039319
437741235 437763111
540255935 540321436
135548996 135553770
222149687 222159310
644028430 644076600
904032649 904071767
124056047 124135267
970839997 970894053
410783860 410833136
321604966 321653938
25636498 25677727
523150202 523176247
805640705 805642808
231466989 231524076
832227284 832310968
805679498 805698788
483119861 483197250
848819004 848918456
804474557 804492887
696935022 696974603
425589139 425621186
152809923 152812070
966908353 966938116
970301486 970359031
271570728 271634531
428679814 428740940
765460104 765521080
398967152 398993982
497463844 497480938
446461873 446468604
263459738 263478814
963188150 963272040
990791755 990805031
317202754 317251780
57036462 57082410
499385959 499436626
952458957 952544604
936424074 936480879
83884443 83962856
315627526 315674027
881643204 881710387
592283210 592345746
43512759 43575603
72752081 72798282
355894276 355919636
333226943 333293360
178182519 178183969
108772981 108792110
799226530 799319736
603002791 603038130
64303137 64306373
547078662 547107327
677181597 677249898
398644301 398647466
481421440 481474317
358673718 358754056
494233669 494279142
667623327 667666128
305938220 305986451
54671014 54738778
628805942 628822103
948686369 948743831
814425101 814489001
465368486 465435854
38822127 38909463
836775460 836847287
782397486 782495651
608114299 608180615
72251203 72271301
885528811 885578347
354498073 354584662
766942830 767000484
785388274 785482980
682045843 682080854
154566722 154585362
818308048 818333782
100061572 100142427
412198254 412234399
423483140 423512007
44980819 44986588
325247450 325249038
142745408 142770901
449227674 449302293
207945415 208000150
858426164 858446041
458392726 458464430
610085965 610119408
983624026 983651632
608789 617470
175440219 175445130
285086707 285182028
518257139 518265802
235250877 235312259
982617668 982639375
993019826 993107987
529872519 529887493
85866627 85954369
493498485 493543409
662282187 662377598
399556921 399618385
277114900 277190535
599758448 599830266
954739343 954836614
354978903 355061679
713975499 714018299
565549649 565570044
716993102 717082488
896959522 897053444
633271007 633339171
732937704 732974269
865638807 865716645
835689082 835721234
242879209 242882123
465867976 465931336
292260212 292303224
546357450 546396847
535662276 535757209
434553077 434559800
635325355 635364722
860790684 860824454
114350071 114369466
595941837 595971149
906762295 906790994
945693981 945726584
498589414 498609502
994340372 994353296
748807927 748878996
543145488 543193067
443074221 443171546
429336425 429391383
608352987 608396400
321139569 321150203
260376153 260397446
669003588 669066657
996872481 996959367
71211199 71252350
994418608 994426067
467747088 467800294
875164910 875221556
165405571 165459865
508066860 508070871
358399824 358448371
126944637 126985009
253061966 253125736
943932708 943997178
996255794 996307744
631814631 631842685
435206561 435262936
912090060 912120877
307592236 307624118
655597471 655619085
360896746 360917612
642078459 642121339
637207839 637257234
916115015 916125879
108082677 108093438
88379960 88476617
9115922 9135589
580218353 580274523
528977271 528989371
852110109 852201517
695752234 695772143
55145012 55145286
505955895 505979170
35094854 35112350
312913089 312961162
728791229 728881101
985784724 985876473
383594804 383682106
614177380 614188852
43411204 43432860
958722309 958762911
354486995 354500099
41813915 41890313
88418118 88423298
659667622 659667650
882003508 882028707
847765006 847787280
963206691 963257923
884968257 885032530
115468554 115503594
637126357 637164556
660818388 660887344
76969365 77049678
305420337 305438506
69731500 69792100
650867643 650901720
169000566 169084907
833304363 833396106
552860494 552873093
533022104 533101598
240294732 240385045
304617363 304621562
422403027 422447416
714047527 714068867
746152610 746214563
870021632 870080944
385206943 385273643
328993166 329031656
701678919 701771411
874710918 874763491
448791438 448822257
852827503 852868047
715386249 715429059
226073427 226104974
495302888 495322382
755092420 755112765
39511177 39521592
63080278 63157307
939676169 939691599
158570161 158584275
482024385 482040915
160338451 160433186
78857914 78894939
827174952 827218564
738439961 738481898
621986753 622018113
771634337 771697461
467437221 467490945
131660615 131745067
717548742 717636776
592834585 592930187
631006715 631046371
761401895 761429391
961632051 961694078
704569703 704574138
391066799 391087316
419612165 419637264
370532888 370541547
52519060 52523173
903147174 903180228
418285868 418310322
872435430 872500654
497683569 497769858
426801240 426894189
926182208 926224621
482767472 482784892
875938389 875981238
800239651 800332370
453493140 453579439
338001440 338099943
608348547 608440279
197527570 197528546
933268641 933290161
269080108 269134608
100090276 100154095
940083468 940127319
159093942 159099451
949423058 949441453
257723139 257790351
648456134 648521062
298352378 298378889
773936345 773960006
448684706 448689746
827704564 827705774
678108722 678156004
763822586 763867539
859217464 859298058
400531359 400575554
2939166 2952876
518400795 518466473
216587933 216615598
158705317 158748901
730526382 730612715
921027911 921124452
798920241 798986430
293610444 293680027
419500392 419569695
634031447 634111724
994905795 994986041
211163153 211220162
826471790 826567640
859293519 859298687
488501521 488595776
634554728 634626441
311592665 311663286
811505699 811565526
47796183 47833472
357132340 357134689
437374016 437451260
673282001 673290233
509509356 509564046
997558133 997618891
981512991 981592783
614070430 614100701
991159822 991201134
896362002 896439452
239336560 239395447
284220002 284259361
957255000 957340467
915004907 915009981
876963890 876993968
717723635 717799600
272882807 272934556
284934480 284935042
569880762 569910807
43533949 43563021
882086565 882145450
256602785 256654818
2416360 2472723
51285942 51295918
861560965 861596831
574728504 574800141
447487343 447489486
538751928 538847972
853227163 853311052
846101936 846142071
825601009 825679685
712228196 712234907
533258413 533334458
229152129 229222134
710053209 710125608
308762124 308777312
918300388 918331169
993886729 993937720
602105788 602200910
352818023 352841254
585257215 585343212
215024404 215026267
735603384 735659680
85552409 85595503
694542361 694574552
515250606 515253318
106794297 106811321
999741662 999839889
784923076 784956918
181486664 181572839
313872590 313960646
276050957 276105428
173797429 173853325
219143540 219239113
175994127 176041501
104801830 104839681
332314956 332386039
742554204 742626121
686145301 686154292
81846798 81867189
937614087 937630005
915934291 915934728
257216379 257225028
836085035 836184447
289965162 289988621
121730927 121790079
362419904 362435822
537368128 537438199
499609090 499676039
131101204 131164282
717257792 717338319
298822956 298833871
382530255 382542318
379288737 379311858
416483706 416508518
585516192 585548997
778801316 778803706
978092826 978174136
863691438 863702766
68110643 68131915
156565452 156610292
172163578 172232009
875333606 875423985
574247039 574272490
513989854 514089117
678143400 678189457
31985809 32030398
916445330 916496354
851117899 851217089
464287636 464301212
866804968 866872132
833075663 833128415
228019798 228041756
204165230 204246636
684498854 684562218
830499979 830576834
802873636 802965040
71833935 71931538
243472242 243558360
980200395 980265194
598565719 598625731
415834008 415876242
689908527 689956876
213796035 213801536
39062171 39121535
201949932 201950420
613041404 613087990
18383884 18470992
400008980 400094009
363703859 363758324
805019323 805020298
338411395 338472145
91509932 91527507
905188399 905200979
638498957 638567182
602811853 602827123
636605966 636623762
508341388 508406183
594407432 594479732
779433140 779532963
365827417 365843114
671031242 671035500
844118078 844201713
340448004 340480253
335069915 335140312
882792489 882848279
315090954 315096058
921975845 921989814
58962391 59001740
713848970 713866917
747224210 747258064
875844064 875893817
164321971 164358759
365009075 365063081
79883432 79953027
390611429 390621275
535031641 535072062
793096206 793135505
436874285 436877265
28075963 28113339
351923008 351947227
764289767 764301967
933623760 933641773
563665435 563744460
643757550 643770674
389265948 389280809
102174331 102208961
824632414 824676164
341784608 341800826
196085613 196161165
227966627 228042941
859392452 859402786
248592047 248598480
296905612 296946440
903518518 903618216
590781755 590880694
581223246 581233688
871424278 871517708
589416078 589491754
934477954 934568457
586332424 586371380
973153060 973225460
706414434 706453434
107842029 107894937
807778041 807783381
334891694 334946767
99823067 99909299
357842234 357877499
795743973 795750796
146986276 146995287
101269922 101347033
4305118 4319121
957136015 957198534
45660707 45722210
869194628 869241962
435927034 435998071
114773266 114807907
170517656 170595101
602573674 602606125
88056367 88100154
180796443 180820709
696306277 696380859
752368171 752381786
677358085 677360293
504997610 505026239
782487908 782580729
136001669 136023869
792272930 792362380
547269515 547300788
437990559 437991252
731659709 731728257
939602204 939638028
619216978 619312642
833505308 833529891
528981921 529053692
255455745 255463527
461411684 461439342
658480719 658568129
417085501 417110729
885864250 885933428
314291003 314336127
146254923 146307945
634334597 634388539
977906325 977982129
308875535 308910841
267394651 267475442
919273299 919289637
759032780 759087860
273803392 273888371
649888596 649953828
1559757 1574780
435450587 435528017
205261786 205359669
271588188 271678799
137644075 137719654
197952816 198036810
622989426 623005152
720506291 720538900
142215574 142308776
43171075 43201334
268431133 268528766
49997943 50093790
77523352 77613015
423826048 423843476
234221394 234257642
120917887 120993198
3025443 3110883
225705861 225799871
118943027 119034283
14774605 14828785
114840611 114885354
221548851 221607450
155030819 155050085
777726463 777811393
843528875 843545029
932868125 932916459
349085932 349139820
406652481 406738926
557128055 557217226
295348357 295406476
712019399 712045817
921008738 921091976
156675553 156702657
417912164 417958456
201864207 201951483
921392441 921479251
260670698 260734912
524966887 525002788
469709241 469715655
270702411 270702812
465245234 465305997
170300931 170308980
839014432 839022243
803507113 803567242
562943505 562981395
218871405 218925591
118558797 118596443
151073179 151110331
299926247 299949455
457577530 457579335
508131097 508231057
568645466 568654025
629732882 629792445
373493559 373533300
691758190 691787592
482478452 482504788
739197050 739233176
901371868 901434368
419398085 419433428
172290781 172353742
236830570 236887997
971528628 971546125
18410135 18440862
692800081 692863770
412941401 412970090
592433358 592500166
689222523 689241489
117923052 117958137
774428419 774477025
560523548 560556947
740782918 740795873
291856024 291942308
554566741 554607402
801444044 801496960
21796495 21804749
608978969 608993010
259014195 259051264
270688991 270721012
813613821 813701436
596955609 597036035
616771979 616841437
989804725 989828705
673793757 673858905
567287649 567288091
160090934 160093500
351518025 351608418
826444616 826517214
450677534 450751977
366464066 366464258
516490490 516515842
201189013 201203230
786643597 786683750
774039825 774095511
269689276 269780506
863925365 863961009
629419251 629445396
675219370 675272055
719231224 719310074
606895705 606969633
383205047 383217642
407937618 407999465
670679790 670705516
955906251 955938349
348660139 348666143
921051918 921095978
383197683 383259469
814891152 814922763
571752477 571796181
529516369 529546199
462592874 462666594
17643054 17733459
81892436 81905962
606834809 606852766
248361243 248415079
930452650 930458402
220073428 220134650
442768047 442838168
793082214 793091731
110182184 110271439
589020467 589078307
771409377 771427167
237009348 237106083
230353853 230382489
398226134 398238830
39315985 39349600
12560440 12637445
439308778 439324544
301088903 301173185
632032603 632091565
958961763 958989169
100376561 100421233
991672690 991703716
656887369 656902938
100405760 100438570
849436665 849515089
576482414 576580249
675498487 675598222
258997266 259003056
511114494 511204803
297513996 297584916
179355399 179441553
813173027 813264236
782397650 782398484
994529974 994594141
877317305 877345664
854400296 854454273
952911801 952955153
107474629 107486257
540844247 540920647
246240377 246315832
298145849 298145862
458601270 458692546
374691665 374738445
808879120 808938412
597308464 597399683
176409721 176413247
793388588 793401369
673457796 673532731
22936624 23024089
295555959 295581197
184756848 184777421
251491330 251587993
48537600 48633603
192620224 192645896
888282415 888309819
212219350 212236734
316753801 316814207
65793697 65880423
482611535 482641109
664266315 664283947
33813100 33828551
779261514 779356419
219219001 219267058
673376315 673475483
945071432 945171190
321686223 321776238
463665909 463686085
738645398 738653691
895092299 895113149
508663769 508713326
8184913 8207376
402154588 402159193
572336241 572359192
734911471 734966568
116527215 116538334
820787105 820807754
227402604 227412201
165076747 165131149
116436269 116493236
246162961 246254671
872522122 872543905
285765752 285859298
558626924 558720474
595923847 596012602
570012814 570090368
965267112 965343871
354387726 354447109
169003911 169081804
572140945 572227521
609126891 609155149
482172975 482228666
184828560 184908639
898389076 898447413
299762291 299803675
279418400 279497867
229938696 230034827
857170361 857172987
210742928 210796120
317327448 317376669
829527906 829598089
499148625 499160556
939228542 939304748
123853455 123944487
136127850 136134901
246679107 246775708
751908729 751978662
920385506 920400339
601365049 601427875
423706090 423791242
623481438 623574821
792005141 792022865
56727602 56795492
193050830 193121482
940382106 940412489
857858403 857874975
258216558 258223211
545907499 545987047
583761760 583771482
259302997 259373646
593003241 593014195
364118688 364187511
577207606 577219867
278805895 278840124
356563737 356635684
146222107 146245479
47264570 47320633
526679329 526706239
150015073 150043976
750304499 750387894
95974362 96042252
158722903 158804803
474967169 474976533
453250483 453344976
680596058 680667719
86067794 86164492
816193678 816235863
494886752 494908331
731582118 731618335
909701848 909746109
32169436 32173776
821927296 821928808
837569689 837573271
832476600 832563748
741830552 741833725
926516552 926611329
32585286 32596249
346278097 346299714
813422267 813519549
867553475 867636974
629041489 629052115
88726082 88816254
204464086 204527103
864762970 864775850
471350168 471420820
695299064 695347763
61469115 61551802
803665412 803744694
27746847 27841118
160819949 160866262
335913717 335963400
721746234 721761328
853291422 853357485
693215275 693253268
808022221 808060513
280036237 280057114
91311474 91383010
872700716 872720108
644619070 644706645
618888688 618959469
511936846 511974488
527356678 527425127
977377352 977387393
161681093 161704126
885146609 885184486
538390709 538472191
846441270 846446836
337276949 337326684
503450047 503455341
544541387 544598363
501773279 501776720
47401848 47480388
52455667 52456034
710856943 710891191
951112747 951144940
405762456 405807722
683616973 683661733
95228611 95275990
777280879 777348498
295364164 295433637
161016831 161069940
405575023 405648817
132008323 132039231
443425740 443445306
856523994 856559307
549414976 549444841
345358772 345407212
710091140 710097563
393215687 393256336
882162888 882185202
843037557 843113163
403002716 403098347
44960954 45033377
766961022 766966184
671106793 671168367
56947746 57001058
223248659 223280168
440431139 440510058
919150504 919231010
599429663 599489960
663670265 663716806
844522875 844525103
829322190 829404032
836030207 836113601
919290879 919359800
198391447 198407932
69271942 69279900
287559535 287565694
996581237 996597282
929056537 929107875
271458160 271527442
133427939 133500788
982726017 982795393
792965011 792965663
280899257 280981253
787358775 787392679
920138500 920222882
190530192 190601951
508568979 508634312
945380267 945412906
553689310 553714720
405968811 406062945
820180727 820205328
567280675 567365576
68897639 68950030
287547461 287579211
166280659 166368871
70362901 70381448
748016381 748068821
664726382 664815237
316916095 317011252
183471482 183539866
613558011 613642577
718864973 718952396
784423993 784464298
437701423 437740429
170287792 170290507
260614557 260669581
812263630 812357608
140134452 140182721
775509468 775604526
907354363 907423612
462663590 462691623
111768888 111809466
835687722 835720733
88227515 88288066
937853565 937858910
882655420 882706563
313130296 313213086
418631380 418651916
380830539 380928882
401219692 401319000
312042143 312047690
200348505 200401364
846816175 846846201
774301128 774389701
396261861 396306417
583545617 583635164
200741736 200780250
205806298 205901882
24979636 25067280
90845926 90907508
405091795 405132130
441513645 441550318
926729585 926767675
550808238 550883698
874801011 874870526
542471905 542474854
828968306 828997911
784669128 784683411
395536203 395567850
597097434 597188845
537912256 537980250
191614199 191650301
356000421 356095514
144153970 144215008
655084768 655176151
66067421 66155722
739010654 739055210
40309322 40347294
737475362 737559128
61765307 61803499
256427918 256454741
984069248 984097578
224344582 224391121
208659087 208728059
276721617 276798573
338307926 338400841
131190228 131241965
782168321 782197404
866192895 866211431
865380065 865393458
96698641 96711038
763758499 763837124
488277559 488346531
500846894 500941430
943385841 943402065
584521339 584527674
651177700 651203734
258875205 258952973
98160064 98242754
728837659 728863610
528904885 528933300
144640503 144693587
691520049 691562388
242362437 242367577
947451291 947504592
917849040 917853596
776702762 776712834
90049667 90147977
656995956 657095749
542117689 542182789
814324029 814366948
418051363 418063856
495760693 495826319
921676854 921730227
836351832 836424256
773401277 773470021
957588622 957589721
11458911 11483137
224093733 224097216
870468743 870472597
629309655 629323647
359261644 359316042
120274791 120346847
137339109 137417385
562500855 562502575
262407290 262497520
405113262 405157021
507099287 507182759
754667201 754732390
283346670 283442256
304565986 304644115
128527911 128622910
974889763 974944225
984269194 984269597
947342303 947423707
730274097 730302108
420650611 420698834
654706152 654751476
143802269 143809864
81874897 81915691
648208713 648218008
868134885 868151030
935059045 935127984
686430773 686506144
307987994 308002262
578993084 579031389
242498240 242528564
426277799 426347253
512547316 512592268
899865695 899869153
629810876 629829134
812308435 812361818
209063902 209086263
875042053 875136813
169305573 169333831
651297789 651376690
543155086 543174470
78921695 78953171
484571024 484607072
359908886 359953149
449112898 449122958
99025561 99059004
39173177 39264327
801028224 801124002
315624678 315641725
558002408 558072677
437279135 437377065
46013521 46061603
676970557 676973343
835390937 835435173
255173296 255237833
424661188 424717375
467476314 467573800
49776952 49845023
744840024 744852605
125104500 125202325
138283395 138339300
837848006 837850362
45267360 45292649
939340580 939347840
558621226 558647858
387966651 388017847
427167042 427246659
94897028 94997002
29280427 29331059
165347454 165437227
489227648 489237175
344003485 344101155
228549652 228562753
188450446 188479099
272759324 272803959
382032339 382039162
877674073 877730407
546615999 546688127
196928436 196985615
614224890 614239148
521179377 521261478
909922878 909986484
455775011 455848592
691651798 691670489
666985517 667013155
563169142 563203717
311815504 311913764
43316721 43331903
259953022 259992869
962459757 962532441
5324697 5393879
480424319 480449757
367873912 367913030
254933874 254996381
926460609 926548049
980030228 980102356
790980624 791049910
146560683 146614090
49521594 49549377
250984422 251068982
401904358 401984903
777235902 777252173
57338177 57351609
716213440 716262011
484830817 484921402
745141581 745143948
650346154 650352379
544816038 544864305
606086216 606162349
759723045 759731544
862522337 862560263
306837202 306912449
195182679 195184747
767352565 767411955
274066171 274142573
866858462 866880168
432562328 432661448
641936943 642029502
615025767 615107527
672122079 672177226
823161078 823242931
614948323 614997589
933704404 933790489
318269605 318342049
689073086 689152341
815501167 815579851
801031813 801127464
725751345 725840249
817208145 817267941
96265979 96334427
317341731 317360761
574735990 574783987
621996718 622047063
683734099 683808648
266503598 266522857
354714699 354788800
110535261 110573850
22842097 22907691
952772366 952812946
611476141 611557247
850724093 850749581
188037595 188062548
116345156 116369399
901069505 901098738
316143580 316162100
833512248 833568593
434019517 434093431
601133026 601140206
437892427 437973983
751273091 751276101
599049741 599111736
166430856 166483022
687451903 687467333
490894894 490949644
957356262 957360263
689273480 689331413
186739407 186837617
231828217 231868785
603077460 603172409
244931629 244999786
651472531 651501419
349801553 349889391
711400475 711479433
974807270 974854693
698135755 698167732
964780539 964848724
148738005 148824154
963217025 963290577
812835674 812837968
897617294 897654611
889072843 889073246
963415707 963460886
437519919 437606897
126492453 126511126
968781952 968873066
608025459 608105414
466163091 466207832
32147715 32219707
863916845 863936145
436187136 436264536
819378040 819425059
584652875 584741553
157423726 157480631
709655953 709690824
100392063 100464234
410635261 410710354
406192359 406237542
436932332 437014954
78172865 78201260
16034290 16107926
517467401 517523232
105498113 105586195
891865187 891955060
947348324 947367424
823013449 823038391
866759262 866828535
336827097 336902006
361692600 361790960
129048667 129081689
905494901 905520073
834532128 834567131
428069177 428140149
159936038 159967575
630942731 630983461
912426651 912493371
291951963 292034020
965287359 965292676
917659414 917663275
893922237 893943765
513696693 513795303
240233288 240233417
6993632 7081151
915051109 915118467
466270399 466349094
419481916 419532941
67221562 67228791
125395804 125446554
541057786 541084271
80591562 80602207
717597823 717623164
874362731 874442933
359532761 359536102
51449571 51458251
402858736 402927918
60114780 60195005
696090933 696127535
86011482 86049891
676309194 676388694
78557956 78654652
345092877 345099998
486552040 486605490
830705005 830728230
926530201 926612716
560286768 560312445
936131773 936208118
476004368 476088526
441452803 441534983
154240996 154247589
783806173 783854455
236771632 236855191
300433206 300468612
18058086 18123002
473143850 473201875
642994944 643031841
419551700 419572975
62472440 62566067
482137012 482155327
779559338 779612189
819228886 819282842
720903200 720920244
640285150 640303133
369958264 369960815
596425455 596437523
800864316 800928816
778450112 778532084
886917217 886979364
990879984 990930378
991160400 991166652
172842164 172916275
750846526 750925405
71719624 71754168
24411597 24463670
562620786 562709212
572879949 572914395
72110452 72136047
213072521 213099085
487335376 487365800
95763645 95781034
337369840 337416748
767638331 767660777
217560037 217605223
983353572 983406173
116730003 116791239
584851504 584861879
498490052 498491447
220027996 220049528
728032070 728045395
84390294 84469321
175430965 175431026
407838874 407853636
235011022 235109371
453011201 453042393
886016715 886083994
719012830 719054479
142116467 142177774
532305451 532377032
615721836 615767052
403706644 403722539
204426702 204455309
480488037 480497781
957134047 957221587
585392011 585430904
329744237 329778919
636251119 636257566
779522221 779544333
928312056 928387922
346842944 346849208
151237750 151289601
315697820 315764702
46172245 46184634
462954251 462990348
305759388 305766322
253948002 254007213
219999302 220088700
268570674 268583993
427735336 427796993
573573365 573587558
996093059 996111642
971782303 971843017
795552988 795618480
716482528 716549820
182877760 182902225
80722375 80724212
895455432 895476598
686188102 686200196
942940191 943004623
960211055 960288256
575787603 575811510
109884550 109966899
207645991 207680214
557727794 557782827
184275160 184350202
586397334 586441917
788714879 788779276
842237230 842333074
737423589 737503084
470224835 470255489
813765794 813821634
930486979 930517340
939237676 939308371
260950819 260965891
910614750 910682292
190284883 190356123
731789135 731830874
438543191 438547013
363430765 363460769
614637049 614735389
482800780 482897615
24608751 24673347
843539825 843631945
632016882 632088264
772216788 772300236
460301523 460354317
730944708 730960305
487021077 487083772
751739050 751747058
432352168 432417241
253349292 253402388
556496091 556515299
923526475 923528502
392008433 392008729
403852374 403923235
154220978 154232035
707499801 707522207
193755612 193784961
675571436 675617220
352069854 352158182
170958116 170969413
422363610 422452575
937860545 937946995
393032997 393034942
834605104 834649020
578826863 578885490
112636500 112726514
284443452 284496528
611422741 611442447
786504775 786514326
561392444 561477812
826878063 826900898
78118235 78193028
148975333 149018245
609742590 609794748
490405507 490504462
637986430 637991599
598639425 598716841
573656773 573746147
288318451 288349282
461667185 461748901
653867179 653938202
310101026 310172687
932091282 932093401
170013020 170029650
957967285 957972238
913617344 913660714
857259474 857263919
649792615 649883290
783441536 783471657
711153787 711224866
465092207 465186473
642336928 642430874
742392005 742424875
544774970 544813226
696182694 696199732
320122455 320201832
362625117 362721511
654692568 654759704
594359978 594442490
70885503 70970343
90209487 90246655
372351517 372410744
672233081 672304606
544961452 545021468
870009392 870107850
980239010 980243703
746551607 746637438
473955613 473967628
383259116 383282584
252630965 252702265
431271977 431330643
419292087 419354688
210441319 210512003
825822676 825908755
200533137 200536574
660977079 661036325
295171674 295221541
837784833 837795056
659303485 659311806
772459236 772541526
712634067 712694545
531392957 531472968
571442511 571507061
412826244 412897282
160972239 161053981
616964380 617021589
543104518 543169691
771526168 771546342
898770227 898787200
343722233 343789882
619338877 619364588
530328770 530427044
40995383 41079703
571381693 571423408
731822410 731891143
702897 755142
691005969 691030380
732655631 732737578
850838641 850869769
395868120 395874919
746789191 746824493
948136000 948139919
712502983 712550216
811284047 811335186
409030342 409125722
665225104 665268604
736170723 736230576
611166848 611171871
32893156 32981369
134030342 134052352
300215084 300286095
188878927 188976769
367897759 367946850
288109029 288141956
196018050 196086678
422166686 422227070
637367690 637419342
210568556 210586953
379052259 379132395
315856063 315880402
685370712 685403038
680697570 680715016
733930010 733999833
793882317 793957822
909183500 909218792
847756854 847808154
891536817 891565941
930174090 930199593
586458547 586533599
110705588 110750177
434759201 434780753
279954996 279965431
734943269 735032468
983544427 983587403
200362150 200432017
817652479 817696767
775693468 775756816
191017139 191062143
417767751 417789730
617877949 617900475
433417397 433494615
237997155 238088198
238661057 238706058
568804976 568884660
839325278 839415251
397340190 397353589
240038911 240105035
114042789 114116181
763017352 763068630
396459225 396507172
27551431 27636081
525738473 525806491
282232336 282282967
912811818 912885046
348296458 348298507
654857800 654899801
811735830 811799763
830005907 830095050
308491125 308525428
240740126 240741123
208477223 208517413
674447039 674528721
128825159 128913689
959782521 959849671
885116069 885191693
80004114 80018951
981271602 981334677
643172472 643235944
176968647 176974793
213833343 213901703
894453272 894545637
358216521 358292802
253422413 253457689
851962057 851966998
92352716 92400456
225685354 225737066
330262024 330273586
349230222 349268712
487131684 487145778
350864287 350907248
217214952 217229006
232568040 232663583
186304578 186352565
665053697 665081808
877825620 877880603
510946095 511041495
908251804 908320555
104558713 104589928
857708983 857764853
480313557 480355149
49168968 49171073
666547575 666582408
909035283 909054903
748533254 748617575
861551687 861565988
304383047 304394469
37787327 37833709
190401000 190460852
411170520 411251224
568237183 568253176
747408994 747486554
562341139 562403122
602890574 602898457
649690863 649786874
896480096 896497350
813643760 813706415
7222559 7258169
387606407 387623417
252339994 252407399
565629037 565702150
919609829 919655484
431852098 431873436
955829136 955847074
355293889 355366950
868762236 868818355
446765835 446773486
348381081 348457571
543785206 543839669
850720916 850819783
482947246 483017883
474810235 474846875
320673181 320695148
148411584 148476165
758170874 758215162
547832061 547876270
795429952 795517681
300232979 300303935
678789948 678834452
786932286 787009399
453081060 453128733
855345361 855386954
845687419 845780831
903635713 903716146
309272679 309295981
539051860 539068755
326999169 327079698
977627710 977643263
89096814 89187671
459676686 459720241
27268476 27286319
913768406 913769227
947566416 947571581
46036613 46057053
860734521 860774740
399972692 400056469
246502547 246579399
695076080 695106501
78112745 78143734
140797507 140881741
942070725 942085895
858254837 858297564
932528769 932570369
74348652 74375961
5980425 6022890
364996815 365059799
36280985 36349377
219141328 219224352
679684090 679739886
596513027 596609779
195581034 195670425
107770802 107808015
325625559 325662832
913885423 913953556
563491001 563571861
411315661 411366232
629678179 629759439
769591033 769655341
154696542 154762024
913047813 913138300
238462508 238517961
482114758 482198294
846997237 847055049
772407753 772446114
690572323 690626493
160744181 160842079
6834779 6851784
393305297 393372841
793225116 793317350
180076106 180124450
309144517 309171931
74725150 74794072
234546697 234569356
759742984 759814204
867292573 867306449
791397304 791414832
204465908 204474155
135608676 135634915
651309502 651328274
943458306 943542867
7606691 7688862
327351075 327432873
99432884 99440616
404968525 405065295
8713252 8725029
557906157 557938237
445997993 446032386
525637267 525658259
218997197 219091248
593506495 593567206
370448556 370451732
571781603 571803238
823490206 823552028
433818927 433886912
758240718 758252134
714207218 714266991
189989124 190012805
966208340 966254227
515481523 515542375
344508846 344542970
801898947 801946551
603487252 603569531
285218379 285281797
145670947 145720612
166166841 166241712
35104676 35147332
152949979 153031062
96888083 96955052
876890591 876978381
796610501 796669952
410612598 410698802
594637969 594669570
783355070 783368473
421438906 421445866
589885924 589909734
771257032 771314643
129847349 129931946
503340618 503363628
67991414 68051336
738179083 738207273
212945757 213003809
845262073 845356078
782009883 782038362
994064789 994138778
703726191 703802548
199875360 199879197
349849361 349873189
185267560 185287902
619171149 619245451
976720158 976800743
229886507 229983631
442317499 442339938
108243963 108340014
458595187 458638042
705713699 705790400
80920264 81004197
325556967 325587936
593925686 593997862
154482410 154513403
962831341 962853173
349076166 349161798
390511624 390603699
262552615 262628323
918799777 918870578
218169853 218211823
596940471 596980850
286450980 286505752
131164596 131228704
778233110 778317600
497171931 497268547
798498851 798563483
235005603 235026780
867843059 867894582
311216329 311248722
21002727 21077575
357152483 357186698
929251793 929285072
620202856 620268146
656284791 656378572
778494795 778510063
193767948 193826515
648118531 648194850
471153623 471153976
200569309 200644157
187186021 187243712
75035741 75056987
59525591 59568991
264665923 264753312
967519330 967597436
503059869 503159451
565862015 565927250
771767632 771782380
230035435 230099704
760121856 760164701
148472045 148548012
599483213 599551233
260948471 260965598
160244776 160248457
872222778 872311281
808258062 808270980
144650517 144698268
426416897 426512476
848884980 848980153
926615745 926622861
588388486 588413186
186043308 186048244
948512905 948518734
284876123 284975869
595078474 595142562
651310272 651400190
950074058 950135086
556868272 556934262
543222512 543297082
470696149 470741935
734007013 734034615
744446263 744543254
775289353 775381753
943298608 943347393
716559352 716626767
383716962 383741166
254257614 254341163
574440676 574492364
992462336 992470316
857589057 857687441
848616874 848622175
216890695 216892968
298640009 298679607
253711592 253762429
693000324 693011074
874748176 874823237
918248569 918323785
344385657 344400007
494151851 494160556
372467580 372488946
225540988 225636403
612587020 612599285
24524881 24544439
690321150 690396804
179830352 179926004
630157079 630255289
373927958 374014991
25801967 25814088
325118997 325145060
513215026 513251358
701963760 702060088
549091149 549116427
60868961 60949188
883957064 883982798
978881511 978882155
619064960 619119432
504762395 504773228
225933645 226023662
637249630 637315149
99781992 99861776
123662999 123682029
427155442 427161789
679990700 680010483
785716415 785736311
124081173 124108338
169011848 169027325
930645203 930735222
992124034 992215838
494291418 494345173
500957267 501055920
708865902 708884205
57448904 57464000
650512858 650610641
723098233 723109930
124483073 124497847
410794353 410847136
112211964 112228939
980632604 980656290
44937301 44953156
663044120 663138711
34271003 34329526
146014686 146109451
368227873 368314606
797338846 797408204
815992238 816049600
267011518 267037464
993729788 993811443
801841503 801937144
229876553 229881406
315263725 315338683
206635789 206692340
408326415 408370628
223769841 223840116
14397874 14484426
192025504 192085187
698604907 698692089
871082959 871122473
833920254 833988542
111271404 111291017
820725378 820762347
189125842 189139010
96744637 96781921
24384064 24457253
733410460 733462206
671462722 671531511
150980140 151024332
923250301 923251447
618936517 619023670
350726245 350743892
161198792 161276954
307855703 307904931
138305910 138308154
901933872 902011389
207934280 208026113
909323061 909371129
375783148 375877727
408554061 408562715
870229749 870327020
790255993 790341866
1327225 1355356
768448390 768535809
610819605 610897751
370697319 370714123
836679916 836770954
626484197 626549282
884219571 884221811
833613409 833626146
245740029 245799501
127399830 127418427
295775004 295800007
455118480 455165537
590230487 590273301
579433317 579481380
415934026 415974258
818805585 818822669
227646801 227650346
278482739 278492563
953592579 953689920
835930624 835951094
27536700 27555161
517385129 517392183
453612745 453628882
388504034 388584546
173896637 173959462
247826908 247899985
531348756 531385185
64756261 64778066
643243083 643324273
66055052 66113132
771849625 771944200
91669196 91725718
457627557 457704996
24030760 24084807
245029226 245046264
135809847 135846731
570207584 570292794
967570234 967584264
367638808 367680678
280313031 280333819
888808735 888898448
678320001 678404155
8136255 8165332
752908844 753001949
930348241 930385657
34770964 34803693
62972587 62988931
18103437 18184196
389968830 390021985
532991518 533065499
981621809 981705674
484766109 484814418
454395870 454436275
668840667 668849172
398237964 398296005
633639638 633728383
835779508 835825126
399399531 399436893
456522920 456545528
264245218 264278154
514935970 514949920
146951403 146984316
495795858 495852768
2933494 2947986
47377352 47450090
63778626 63794160
856050388 856117783
131680283 131685360
222500199 222503692
865539784 865636343
850972526 851026603
594684773 594714901
107779186 107838081
428034660 428070859
819742008 819753802
525042799 525064017
455057451 455125121
45766573 45837926
14097170 14164915
104612871 104708130
719615836 719663841
480779943 480794021
159055675 159133368
32729850 32824195
116159122 116204043
756240418 756248388
497631383 497642451
209901229 209967862
45581008 45634563
486365460 486378786
264680584 264687647
496010919 496104324
246089822 246133357
85585358 85591624
872949045 872986758
387750861 387820421
295867188 295931680
322376563 322402712
860095812 860148322
187884018 187898988
755983760 756009523
26618218 26620503
606805016 606862045
195126657 195172393
570899603 570968826
726242601 726289176
479769138 479824963
755278334 755334628
640122235 640155496
532762930 532766821
219646669 219662463
602646047 602646764
358374978 358401057
720535276 720561539
651721227 651773994
168131288 168188892
989956946 989990268
900150749 900208090
955239920 955291514
469019932 469039451
84754106 84800406
628297011 628305410
563302051 563333581
891949861 891967979
751057979 751120239
20380266 20384472
61827003 61861869
432701137 432755507
456945382 456958512
333505590 333548888
673061795 673139038
26772013 26870985
72811767 72827035
54307238 54365819
631912405 631976061
715688145 715749403
133491252 133524324
40105054 40107630
804256965 804342831
282065740 282142492
253351501 253422789
824926521 824998878
72955065 73048769
604431587 604530847
751548284 751641019
677611161 677702445
289433828 289509086
3250098 3291392
267673657 267761176
759918130 759926752
340017427 340039988
45415982 45449474
655582091 655661895
538842340 538847308
867402943 867480230
319576557 319661307
891346322 891424695
882306182 882371313
997786428 997838202
841089739 841169183
568211193 568275789
685993891 686023210
695813602 695822138
213313615 213374334
633848221 633905764
735680345 735696111
873666467 873720807
410406943 410485978
597582432 597680724
314194061 314207438
441186779 441236850
106919738 106939195
232232732 232296297
307793491 307799928
520787752 520850653
613125807 613160695
266547610 266578189
892189756 892212589
818400762 818443010
469111042 469135031
226490179 226586775
739683759 739751312
719118723 719196184
639006672 639044566
625845387 625919897
979219943 979234878
655568959 655627427
866524048 866525970
71935975 72029232
883202015 883236633
177320652 177377117
910663558 910750108
149858482 149861931
230148238 230209484
54740212 54807789
494717731 494788583
906507480 906529963
113485048 113496717
441030781 441037980
903046339 903067096
709481296 709568506
707879171 707882767
677342791 677429357
674062979 674096992
102089278 102160811
858119260 858130230
252555606 252604021
734811088 734903077
806300300 806380937
613710527 613777762
639385278 639451399
950208871 950285511
481659386 481678602
963626206 963640881
89658290 89716546
24065944 24161752
897949119 898019571
540789555 540871601
630981589 631019570
996221287 996307990
545694386 545698389
875441966 875451221
586926776 586979074
960100840 960134924
326540001 326610139
148434765 148455831
813716635 813732396
484570388 484617057
560435567 560502826
791826149 791856707
613200664 613258383
544223887 544272882
469942271 469943783
578853959 578876579
66265416 66268784
278636734 278707526
50275089 50329981
509283947 509325917
508175439 508262810
100606463 100630034
904218143 904242905
408290225 408364075
91405534 91444798
639606946 639659799
98251357 98336286
717242090 717253105
169469724 169536689
956693175 956758670
724067553 724144942
290357088 290378761
644139558 644227431
454702302 454775662
970460336 970526487
161530515 161591249
779757156 779855743
421019032 421094870
719703547 719766087
713591018 713674300
53714342 53749356
46315523 46392704
380793141 380823201
765988089 766003545
277724867 277736459
848381236 848457386
454754137 454768882
380759635 380815623
47267393 47332190
965924168 965996500
689693165 689725686
190083749 190147648
305068805 305157173
959670510 959761072
594006191 594079354
240658499 240702187
776170716 776220181
380150328 380164354
836477825 836538150
623880239 623966568
719437596 719521637
427519094 427542914
314445156 314529042
48498317 48577583
994528773 994584038
753778605 753862446
303911870 303991801
404064729 404115026
587120355 587152947
773475216 773509928
656919472 656975743
27510381 27545200
486469216 486536286
335430156 335450039
69535444 69593633
12471777 12491825
602190000 602234305
109746806 109797392
152836083 152857030
381791843 381867865
816096639 816128511
886395143 886477760
436616671 436652745
582633420 582705079
134279687 134279732
539590531 539665750
847551829 847580928
285527518 285597592
429636900 429706723
748062857 748128631
244761663 244842152
44117837 44174973
147595890 147629777
424330442 424393295
162498681 162597365
566086673 566145023
646330798 646406263
73175357 73231052
23681194 23762884
894449085 894457397
95758283 95797592
79299111 79327220
890879569 890894374
629747367 629846548
778216783 778249327
384128039 384214702
811202337 811280940
687298924 687320321
881271946 881298760
767440618 767494015
115921670 115952164
229076155 229138429
772787506 772840936
960400292 960400348
366928741 366953197
266959463 266965203
986071494 986104854
344904727 344977642
548728848 548741221
430149880 430193455
837259691 837351485
23548089 23569792
386886558 386923051
805817961 805857557
532137816 532156775
281516573 281532901
661725207 661737969
460546896 460588562
698239012 698243150
937421611 937446941
748413676 748451576
293775870 293779574
845784252 845858599
447096294 447148994
907449222 907457504
504708275 504807314
794929258 794992729
962690831 962788811
70151398 70219004
136126068 136217844
277768271 277846200
577930953 578006089
808536357 808608004
676980179 676985662
587019356 587090272
974477732 974573348
3061836 3114358
495773511 495845752
156186693 156199394
291519393 291529829
475507600 475543104
444206424 444274185
910308550 910322259
845332098 845361783
901658195 901700984
668455304 668479515
986894070 986945781
672795996 672845349
284569985 284641540
453317805 453398607
712071166 712141736
662935351 662967985
750417486 750493740
425016611 425107900
664157741 664229772
472818599 472859444
998912533 998978951
409270031 409344378
335383586 335473854
958339482 958351318
351464283 351508885
631738359 631772598
336677834 336764330
52936042 52950545
133269420 133349859
144705703 144800387
643287461 643376528
193897825 193905505
907116937 907207043
838641756 838704377
387960179 387992475
748388271 748438274
954721640 954812705
47769095 47815136
121749994 121759220
509469912 509480216
453636760 453726252
781896279 781904389
243813723 243891843
577477106 577575765
828168903 828241680
867050713 867102472
222416531 222471745
337571555 337604134
441081964 441174941
695375065 695391550
107383106 107450565
621985193 622019260
351815637 351864447
643701616 643708932
406929818 406993455
8244549 8250992
26600019 26677892
704443351 704528722
614609661 614649132
866502737 866520548
320741041 320810556
623160986 623193783
192121985 192128140
314947114 314996442
402701150 402790595
928984150 929020061
843442595 843539662
925097586 925170561
658622998 658680003
463147801 463213010
440728398 440734952
350978803 351035925
281460807 281482019
15413645 15454375
337957665 338013186
928978209 929025944
526164956 526264082
475770773 475815327
577155507 577159333
613332228 613391292
840221054 840261493
824639504 824681308
237009909 237035113
838870999 838937377
864646304 864726076
31021832 31077558
140505379 140537167
920236820 920285255
277120463 277173474
940475053 940525026
841039537 841056683
917284997 917368036
197917845 197972730
361321998 361413827
310515873 310522977
116392212 116444181
679274863 679318642
648164746 648244470
372613629 372643632
993589463 993596502
9831282 9922350
725063010 725118781
172082305 172106782
127146375 127169301
163376073 163414623
194394462 194494344
857052031 857111266
459756902 459819603
745122740 745208808
508898251 508938965
430823983 430841591
820133571 820174991
658497009 658505835
418913409 418917047
111300111 111310475
189920787 189957610
761434312 761447409
99106536 99155362
977876998 977942975
875406144 875439070
572743444 572811218
686569718 686620607
64390815 64391618
816573079 816643446
16121174 16135376
509582114 509659291
554341093 554393009
516684946 516778134
531002070 531075317
137280207 137305882
939114793 939125166
185638316 185714055
639439444 639486416
476836223 476838009
999637925 999673734
479012732 479030415
771245472 771299022
850970800 851005288
915624530 915646041
685685141 685740846
81754369 81773673
784311348 784325885
987328963 987350541
57414283 57441008
567753753 567786683
245680253 245776646
815745445 815808193
367381114 367410996
461798876 461844191
747790627 747867795
783290610 783341187
930288169 930386809
571541979 571548283
495214319 495286947
376190182 376273486
181251517 181299817
284248553 284315932
187720595 187761197
137349514 137365690
721285130 721358202
745945754 746044213
249710178 249776168
348213270 348246460
388725866 388824488
288143722 288149902
33753643 33842225
460889992 460923346
328031438 328117005
394521990 394559373
700301972 700363212
363503699 363600662
156381901 156407698
907859386 907869440
119618771 119637114
207821754 207841961
765497633 765556282
306516742 306587163
660111361 660207893
784875433 784939823
732476711 732558080
787525023 787536147
483989254 484046715
967624329 967676515
820507628 820534666
260807808 260894906
315110824 315195374
688822198 688911133
796997211 797019016
525365994 525388240
32969347 32994465
931588964 931661721
578635128 578684871
735602271 735624517
880090070 880099609
963940176 964002401
379707524 379801138
13545885 13631745
582936572 582944539
860277776 860286594
651482677 651533406
265147627 265153094
273728913 273772030
767465756 767549032
208694524 208698876
415122551 415202359
851290613 851320700
348965783 349060049
585531460 585597395
890930317 890949300
286437094 286518900
959704252 959734325
355434392 355464476
946070243 946110297
12686584 12691272
921097040 921188792
845935953 846019102
794897846 794911457
552657298 552666359
767892241 767944190
473027930 473090081
542407643 542445209
552105788 552114565
904692089 904747793
370806406 370828984
299417352 299450658
273152725 273240547
385972027 386006323
281199637 281255670
57431447 57501143
225771414 225841549
943827852 943875252
739200409 739209055
510147017 510226023
665227168 665255669
483545083 483637434
842112320 842184734
115054804 115056845
689113525 689203472
698910310 699009355
977479047 977574209
718889594 718931603
258689711 258774076
639688591 639704757
157929769 158000107
490155972 490221815
550284454 550371102
274294621 274365252
789566539 789617133
863186550 863268090
609776411 609852339
456968362 457045213
566606892 566674328
833665199 833685516
950045923 950136442
643010752 643018738
328645576 328686799
516728439 516804301
754923795 754941208
899269991 899332820
112371517 112407463
901670054 901728960
731243679 731261706
272508287 272557681
249699944 249704719
869971215 869982952
925402124 925497663
642331003 642401841
802835673 802885656
762864148 762897262
187936545 187971647
141949922 141976626
892968317 893041291
696533619 696563292
636077031 636135952
174734337 174802687
252829507 252860738
609899502 609913030
162079043 162093819
693713830 693800277
590241920 590307452
32301980 32353347
987789449 987810043
946571625 946645888
225582688 225605286
555211607 555279068
992302548 992309020
764172053 764247823
598123420 598151220
180155891 180174989
130058682 130064552
876403466 876418798
16001798 16026062
246981498 247004532
954517465 954517742
17477783 17486045
742669602 742738025
414399726 414460191
465972301 466022031
123066202 123072141
977148816 977152723
545378361 545461118
640880521 640968533
931831487 931904640
987359691 987448393
516304937 516398636
414715418 414731370
12030293 12102087
89777062 89815791
203313908 203362755
412011800 412023982
310057868 310065957
984910272 985005235
252578218 252650706
310701151 310743006
697798656 697830634
688433093 688444241
633113217 633180108
810800871 810807080
844142304 844205558
296743138 296798338
840781049 840879494
822952629 823024763
688820983 688839105
209366141 209407411
332140581 332194146
930241132 930318295
339723567 339812209
848369306 848382107
37440529 37441008
213197600 213293720
830104089 830106305
490747323 490845837
434089875 434113780
3767019 3815524
877644069 877680632
353716302 353813583
631710545 631760247
469799493 469809263
355846034 355848596
969523778 969614091
49475018 49532154
464770044 464857659
418688497 418743821
288484957 288497020
79269797 79271507
971722488 971807332
421966982 422015606
321146315 321157659
761238683 761250519
755999768 756029233
303001934 303002142
867328764 867387356
581596390 581638849
107987918 108040193
659404712 659482239
288691122 288772205
504050683 504056183
561344438 561425071
16153797 16201938
830008417 830082040
816267975 816293488
461597861 461652871
588662592 588689109
315896019 315968628
151211534 151261069
573695782 573790890
609314181 609388185
667684963 667738081
171053100 171104011
651689611 651749788
842792459 842794481
566886808 566917490
579751450 579808264
599180220 599253021
558387635 558470903
607472358 607487866
507319842 507389198
732429575 732516137
688095334 688158943
839225097 839305624
78005036 78052758
32893947 32942575
862054426 862131937
460371446 460395119
389791207 389850653
906123163 906133326
611334576 611394145
962923276 962972698
25097245 25188106
638555982 638587013
135832849 135835769
93389201 93406595
463440879 463532832
820339303 820386294
488071626 488154341
560468135 560543805
600294481 600318962
408172677 408174603
325049214 325059525
594097076 594097843
817173816 817248742
395720862 395739108
78210987 78271410
387842972 387886962
548141721 548182925
126463759 126524127
522544939 522604829
312230513 312323059
96864759 96952704
803108653 803126737
524284242 524323144
413494288 413573210
198511473 198521255
103693388 103764405
722600617 722685156
592088966 592107927
301002995 301015041
653427376 653520801
635892051 635944849
147930241 147987355
285906450 285929654
174717968 174736438
647636547 647699138
358916917 358984056
630968145 630977904
482409760 482416759
870979378 871072064
946655291 946689938
774174394 774270262
393463402 393498320
983813617 983830905
112996069 113068625
372171204 372260467
315302655 315351525
521952950 521958897
342481169 342538201
836984208 837050504
135741420 135741799
907227912 907303669
151973057 151989616
906843776 906891902
533590589 533590597
762685924 762761228
19393727 19489976
53451991 53460297
678731816 678784153
235747842 235840134
964731713 964776563
440243542 440279602
56737741 56797950
184336848 184364540
888286002 888303830
298979248 299040853
190723740 190789683
174971597 175044997
656084755 656127760
952864433 952958952
950775636 950812336
5429773 5437430
95519439 95583072
558528979 558614432
979697082 979764809
196245885 196266977
739644162 739678479
769955304 770014631
258095832 258107641
146297023 146352032
77833387 77884438
582231056 582279965
6707662 6770770
70771493 70779216
844284468 844330531
603934963 604019044
749487840 749586545
63352767 63364756
124735136 124810419
399218823 399218958
655431781 655455112
906066842 906127637
951237091 951251406
876475705 876561812
92528252 92569538
199640577 199696598
86834388 86932369
945013007 945018725
798722372 798769916
244182593 244240342
57166129 57240777
146205280 146231444
47083737 47088040
496471866 496481157
869367941 869424327
637425155 637466300
730665669 730667597
4942961 5006383
275334983 275426821
891181124 891266799
93011493 93077577
616330484 616371413
603200643 603293885
351359250 351450886
314644549 314674303
870512742 870597397
151235720 151310102
560389049 560450434
443674807 443752546
596284182 596359298
229070517 229124536
370026225 370043462
639067440 639101138
299604609 299666504
822476693 822491841
443905917 444001954
94586747 94668590
851511125 851605622
552623128 552641643
509098500 509125001
864118944 864159689
870736744 870807316
88736671 88764618
968189274 968284348
830481472 830490742
38141109 38174902
356793825 356799777
165065333 165111444
831809747 831883342
712951509 713031565
433020417 433049487
735086199 735110209
73788332 73849710
958209204 958248103
229067512 229162982
386485904 386543294
274913960 274982645
820275276 820306990
362275233 362295076
451698338 451767799
64935057 64988224
925612915 925648699
585908727 585965799
41787662 41885355
460921851 460980546
208044071 208121179
588360796 588389505
770675831 770708779
956699406 956738672
999598814 999669848
540499969 540525559
587511227 587551026
189919958 189961629
859210287 859240152
410840544 410923201
912476174 912515223
435823416 435841491
580026872 580033090
355245683 355289461
56986671 57045066
876500176 876558416
995371539 995407807
756652902 756659472
422489000 422536200
482094659 482175908
360308608 360354803
85965515 86013255
426346256 426367157
221180062 221254062
196250221 196345797
885463294 885464570
637874179 637878638
580724838 580768526
968851571 968894111
115040841 115046413
529767580 529850017
751444440 751485004
784497112 784500724
715200536 715279191
109217468 109248083
107084131 107095054
107499879 107560526
836347363 836413884
416504706 416517126
645347846 645437851
20504826 20523481
352760649 352799307
756085608 756143960
732267407 732318403
57964247 58054260
754515363 754538583
180592735 180675815
25547544 25600776
769966041 770047435
398303491 398334137
338365083 338400217
750151038 750161938
732923209 732946426
697964 708803
716036980 716054706
195679658 195737034
967566927 967608051
842816002 842890175
383695617 383703419
11355547 11376245
923344512 923399259
815556899 815648602
986739595 986746251
84761083 84802962
119178680 119222886
230423680 230517983
999118273 999142272
973352972 973398458
856789742 856875552
737000690 737090657
631575530 631609561
472612347 472695410
956271002 956351957
364840605 364844799
470365157 470402188
47057682 47122211
107259353 107317411
756112323 756137393
906801612 906818539
497889349 497967332
591357443 591363934
999385553 999431935
760528097 760625505
633386544 633474896
393158593 393242993
30118814 30149040
715570609 715669044
890382787 890391407
51694764 51696039
421626653 421664382
727501338 727582871
232177127 232216982
829853555 829948107
13104824 13131467
740913392 740989280
127257185 127257579
297892654 297938295
135352139 135356259
943053358 943081475
459999853 460005831
543831212 543911373
750255295 750354952
305169628 305178071
77318698 77389839
322006465 322088629
658666438 658678732
237706453 237792167
361647773 361728432
662068625 662091466
585665348 585712426
371630823 371730434
805352282 805384216
976356197 976405192
736613394 736687723
365574317 365593521
49074949 49122312
416528453 416537715
35710148 35717924
437611075 437674894
611382669 611458378
14010420 14094847
20639018 20691157
613313768 613369929
981407724 981479486
63125085 63134744
587052578 587103285
770011209 770068781
512712419 512746861
47340022 47431177
961469897 961501569
514302988 514368650
286749065 286840080
730378606 730395031
769503997 769532546
711045104 711070512
612329191 612367068
329377560 329453720
750426644 750475792
925445223 925474718
22023733 22024098
421583792 421648120
492285145 492334557
814715334 814735936
358816898 358859902
8643561 8672131
172528958 172611912
373596495 373597944
78252732 78317381
228187922 228237662
336192432 336225869
139594898 139646169
197187203 197224673
113567378 113627590
576855892 576889286
197321806 197398105
65657494 65739773
200542929 200629633
614912798 615004871
836550509 836570098
234972432 235001442
330406757 330450146
919135319 919147804
74887063 74889060
791593366 791597554
613447690 613452912
690578165 690633446
900794507 900883213
49816092 49862776
262299341 262300078
684195511 684266423
596770527 596824792
548077283 548110481
260893196 260895024
162636241 162651531
94904011 94954347
421531792 421589998
236163120 236180957
661710897 661711749
302354833 302443745
359179236 359239076
358718880 358817740
941088865 941162603
597519663 597590840
484416059 484458432
920422085 920496219
924173622 924198011
94195977 94218390
637178891 637275485
637369593 637425102
334669082 334691035
424387157 424393243
247975484 248006977
449984014 450071969
863403156 863426642
856136783 856137894
949986948 950077941
151897211 151957187
397331717 397378081
559055230 559079680
83470204 83503737
496008318 496069053
955553063 955556296
746146468 746224566
135379885 135380029
974239138 974297455
122980417 122992323
860231593 860276715
903933556 903954804
242289595 242383141
807383345 807455531
6570447 6594163
202985659 203042210
752074582 752096635
106273231 106358040
853905737 853985429
779061056 779147597
183520510 183529361
378570916 378639655
843613555 843629873
560765929 560841014
976955622 977019695
776089213 776089774
737011510 737059488
607247598 607259980
465719249 465733198
829790424 829805113
540234831 540292048
227027678 227097872
398818191 398861749
590813637 590885806
87566900 87662626
631941362 631982381
610932306 611030561
497947770 498038245
505136666 505158618
755890305 755980841
101142590 101192623
597014377 597082111
47735409 47828317
54056378 54154737
830138373 830182895
984801482 984832459
514054123 514124244
822043724 822135392
648404640 648432945
72121887 72193648
403123168 403202946
165971719 166038372
975617791 975694060
514957846 514980440
862972557 863039282
296471903 296515380
947113193 947153956
930110222 930117224
705831207 705843787
551810560 551828662
180518932 180613617
809593553 809656045
174497626 174497786
57954510 57977793
591846322 591874339
660396220 660434827
576228471 576245178
671380753 671410722
145245357 145332191
166952965 166960720
270542162 270553786
297882085 297918621
523207215 523243753
703122317 703150029
785058034 785075294
992733114 992831328
923691000 923759800
802914771 802929151
70908827 70964069
386441343 386517008
646868749 646961881
210757356 210849251
10960630 11048859
135863763 135960196
673561227 673657537
14007786 14024509
38778912 38862018
223185442 223192089
297424571 297518209
747193911 747213476
235168266 235185463
140214044 140308015
471272468 471337746
385661494 385678166
746736540 746750072
261670087 261718968
770788073 770813497
44483868 44583392
140276608 140342582
100434640 100489419
360202958 360209123
437182575 437215798
425065275 425091102
3098643 3188058
885706499 885714028
369833567 369927316
851527942 851605913
247829401 247887069
490612024 490672265
382100609 382152761
969689118 969765738
103029613 103109712
576888276 576917669
141754500 141763812
734210703 734213707
699823348 699844569
642328417 642340169
446365829 446455304
948608371 948698259
797034641 797044344
504311256 504350386
406003375 406083083
43890945 43911802
624961011 625059194
570034425 570063021
128131366 128135190
283114202 283146701
904248303 904345542
581122229 581158393
71812746 71894023
415644788 415696153
174163458 174183229
609336770 609347408
860559442 860586053
127254987 127310011
522748935 522750769
538038301 538045625
393947814 394001012
598267518 598315828
903273028 903327775
903483524 903535069
494463016 494561732
941685485 941690804
411419981 411450635
752076914 752128557
998431246 998451297
90315292 90390047
549911488 549963094
388749082 388796487
64901853 64941594
624073270 624110880
836233267 836266656
322662742 322748729
38845555 38903355
463303681 463354998
210826170 210915936
328747068 328826322
827006948 827031664
770173255 770202710
609405267 609459903
369141602 369142721
324593087 324677920
649096700 649146105
179609980 179669437
203766933 203783904
908932508 908954652
413756040 413773695
465832017 465847415
94982824 95021559
157687636 157721155
232402979 232456842
714537172 714555188
987450726 987547568
368854654 368940447
595717613 595808764
344200194 344235132
723171704 723191536
108890152 108979174
552641052 552708324
683149142 683154292
573164392 573260724
529346462 529424335
737921927 738002891
105319161 105416142
668699210 668752631
158397223 158481040
257807643 257902586
334078559 334171780
90876558 90962806
645088124 645162953
733041703 733091546
283113206 283142121
215836278 215909640
363821821 363853203
952797216 952814777
773271730 773308658
494923103 494947569
954517214 954565139
715874889 715882440
391561974 391631656
253242247 253271727
263627860 263662036
217225359 217229912
868567809 868658187
258648981 258659146
84487999 84580590
895987979 896035931
910897586 910985203
568011575 568077047
435582478 435586147
401431312 401525523
286770868 286819338
927248113 927309312
835759851 835855241
419193428 419283846
605284894 605373386
288367315 288432770
355220820 355280266
430974878 431051795
764618363 764712808
856295818 856330979
774968535 775051862
360244197 360270329
387075984 387107432
468780797 468829388
605931484 605993375
920461260 920496762
422010027 422060708
999861193 999956631
638497605 638563507
410499835 410508169
462683964 462711309
972750799 972787546
135799523 135809888
190141637 190186629
306607743 306656232
23757620 23827808
749194074 749195113
614917475 614960997
993525825 993606871
984691075 984731229
545509776 545521250
874848279 874893066
199033911 199133581
428531385 428609497
153110618 153152967
844527342 844575998
618170969 618220946
426355917 426395513
906495257 906553805
195124505 195139296
916383414 916414810
14545162 14604564
934279668 934315868
146790028 146821433
395075488 395169520
631898478 631914032
285287934 285311736
413182261 413198323
873636862 873674338
56520835 56608352
284296673 284381957
584611331 584687815
209823464 209855946
851089150 851109783
446092601 446107851
323193523 323235039
951475804 951516299
229234183 229328345
869294124 869301443
486195859 486270121
443078754 443107592
706291781 706351799
242671534 242685199
974378155 974467372
970304961 970307330
32199020 32269034
693225528 693315478
784766383 784782372
532234943 532304520
882563848 882610545
987576776 987598667
152566629 152582391
85255990 85304272
783712842 783784799
479569759 479581868
983708831 983781836
301561813 301603538
167952997 167980407
389497809 389584047
299960679 300057558
962353100 962376198
464871767 464938023
856320352 856380731
278916882 278951886
906390068 906479234
698454933 698543894
534782831 534789203
120719310 120784482
208301139 208385395
175664851 175749800
876031464 876120162
27181852 27272489
568048898 568102759
855377778 855422531
939859191 939956443
880850326 880869671
238976699 239034988
496926738 496986110
141794996 141870665
461681813 461734282
732258183 732300640
436731210 436755891
209357320 209418666
3656410 3671022
299206042 299214162
693320994 693327108
993211587 993294071
751904849 751951657
875412150 875432139
873673014 873730598
576609989 576618232
26399671 26447839
349485406 349570482
557426622 557512905
48995146 48999913
27184180 27204101
519524536 519613982
191320822 191416438
137464258 137472872
331988918 332013338
343370407 343431109
711427046 711452588
128757852 128813613
28421680 28500876
323329344 323359060
615967316 616058058
850146508 850162685
825964494 825993018
819333545 819385712
568102406 568184660
745314012 745325395
530833402 530854961
975422633 975427232
213094252 213110194
212725013 212774570
668333823 668379156
376952556 377045511
165543822 165611731
832757063 832808282
188989570 189084053
28764452 28843218
692429622 692454066
618060269 618155461
677711057 677774580
841913481 841945742
369334329 369351083
772166930 772215890
660748777 660794947
888249691 888336104
733242738 733270684
976616074 976646828
159298837 159320986
161894802 161978680
744344673 744402698
243566988 243658649
661369770 661394688
959518748 959587196
647884807 647964489
187160001 187160188
308517609 308565266
915755849 915817936
742159490 742250388
889386273 889415379
839514385 839560790
242130763 242147698
243349813 243405287
458296079 458307497
544683359 544729236
37321568 37383112
426378600 426390612
974311189 974317606
591875560 591935738
48921479 48988516
201259541 201310540
651905483 651970736
846014274 846030107
820866223 820932502
866429960 866450722
890953276 890979478
409238425 409243482
105946419 105948275
527628356 527644699
167472502 167524463
107134399 107180828
692355342 692427907
238651333 238724508
727750968 727824398
678733695 678757667
758155125 758166875
922376595 922441213
715348960 715431571
466800454 466893182
818239378 818273738
573520256 573554109
836821442 836874204
513760094 513786349
348227193 348285208
809334673 809369100
140686092 140705117
225292708 225321111
741796333 741816357
152078773 152099927
987458775 987552108
545845541 545847755
681547356 681561267
810010768 810090385
313572258 313605519
165322598 165367963
601524230 601612095
921339560 921436628
607816823 607837046
770253965 770341129
735865418 735948169
923667477 923691612
191811319 191907559
379824317 379877405
61374984 61424402
196538210 196619204
362424201 362451866
398992396 399078391
52945067 52996135
260106618 260189906
848638069 848732711
514095185 514127251
71585392 71670295
123201532 123271207
59508781 59544375
426081956 426171567
851458799 851523258
296116208 296129911
888707281 888738256
6778439 6842084
718335840 718377162
246010547 246083802
327373659 327389654
701369402 701443024
347848188 347867652
14551406 14637913
77027123 77055927
831901185 831951696
187383818 187436417
709849060 709856575
546231770 546269365
712932571 712984908
246143073 246217904
889242841 889337226
508445299 508531394
392318435 392369045
67922272 67963407
784365796 784402084
849065814 849128224
48353737 48401124
341901346 341934302
610612252 610621784
858222695 858245539
672387031 672473498
72255080 72303353
92854993 92911108
773502014 773537098
77331835 77341993
607981001 608069243
367456911 367500158
459846264 459881866
18153736 18228392
719971028 719982999
618724373 618818863
403700359 403778010
227117829 227195284
344714668 344773764
587467504 587532602
384134039 384158270
64637244 64699787
862674381 862674451
871023101 871041070
19499324 19532567
181169529 181226493
169968727 170056108
16008344 16017666
668672031 668757494
532715974 532728570
145980840 146076387
710422369 710434140
160708160 160748463
78696260 78722709
613722504 613754440
807344076 807437983
461705191 461786496
433290977 433351632
571209497 571283754
694996875 695056370
435921404 435926167
608161666 608230246
509561866 509590128
79664509 79686133
457803192 457867490
959062291 959125714
248382474 248392948
856727731 856806629
827308670 827332968
141574585 141631975
700116515 700167555
724722131 724725843
494331680 494376129
746736837 746812437
569531864 569601957
667478125 667540405
696588230 696659625
451354463 451400655
254725303 254808849
223343526 223426228
735446358 735521288
966484919 966576445
744069639 744110110
217986019 218001131
647056050 647068069
676420059 676470159
353063140 353103611
202267303 202271351
550286446 550374542
778550022 778625811
683902885 683946778
195087087 195117650
133884025 133902996
49049270 49070051
129977934 130054755
74359934 74406068
904267682 904270765
831715844 831761602
522149860 522199424
292366415 292403481
604559978 604643876
489728071 489765308
515329445 515330348
763394412 763400958
1278408 1296795
451900239 451973805
498503121 498554979
328747917 328788443
584926787 585014000
818744568 818801619
533018119 533070668
319700054 319775080
480849585 480927322
483332987 483373556
950061278 950072947
450745634 450772020
414095961 414141517
458090912 458181434
36265329 36299006
921164131 921207467
35461667 35464689
436697290 436729307
379034438 379075691
750579456 750608370
504937587 504963694
40410332 40487516
793618450 793669060
292486848 292560910
458084730 458165531
200222221 200283092
473927553 473937918
118014918 118098148
607128682 607213889
384499870 384517874
611291696 611382915
408190395 408219590
344774443 344801430
53198929 53289988
398317121 398394921
500311770 500406013
8543799 8567294
395144337 395190182
118242557 118263727
568026820 568047936
496790858 496845060
724154194 724181244
458022242 458061526
252083152 252093424
916251141 916292300
659365013 659403022
983724827 983793577
666541261 666614608
902475716 902550417
819748917 819792879
656833711 656885285
374393308 374430231
444472750 444558925
466674536 466707044
320551771 320595079
809299884 809334189
939157947 939196241
800290963 800319984
330059164 330152099
276378852 276388420
850089047 850129071
657115733 657131634
424688436 424763067
996435669 996514769
632528709 632560768
808507722 808587344
260337356 260429852
920975040 921008920
296125051 296200853
484139882 484177250
243111206 243186562
945877992 945913335
941750422 941804151
283247039 283249291
564599799 564699292
725872701 725958866
751198580 751272159
183972085 183991236
241085939 241092197
637073551 637116568
537412357 537467425
137765049 137844406
776261688 776324214
776901643 776930286
618066721 618154410
877861702 877931587
689927700 689996171
625601600 625636939
107115374 107148035
169321921 169335502
8564266 8663914
613114047 613172446
138608002 138616025
742247606 742270326
123634420 123697170
817851666 817857349
514247371 514290209
323581317 323649288
373391201 373416461
308234135 308316750
762094026 762148133
397868623 397912753
507469315 507546072
141639093 141655564
40042366 40074405
10909909 10915534
324024403 324060860
608473379 608530112
910808554 910848451
409634059 409642460
159323633 159418469
655990131 656019419
608353703 608360861
883647122 883650712
151864824 151961463
939139278 939185910
114499625 114517499
836214183 836229230
219086451 219182637
927470743 927531229
357897966 357949541
928055622 928102315
567757106 567849772
638775022 638826351
204348728 204392083
625293851 625338073
674314637 674403444
901495260 901557042
2487676 2560471
461971098 461981438
990739298 990814490
654428401 654457028
73856614 73890836
757864453 757911704
593296553 593335658
203101025 203135022
747069786 747112681
425791005 425841847
237605395 237616490
77823712 77852918
582010754 582082940
398343846 398350146
950280848 950307679
318496956 318521017
204541049 204594448
169190920 169278837
795494178 795511969
35954751 35987344
209275290 209315926
491257600 491295972
196614578 196649329
436559233 436586485
704399637 704413765
20096765 20136252
249098112 249185051
484002276 484095889
622174941 622229426
541632630 541729814
744260313 744348761
860063170 860149420
425464891 425535706
892488956 892492629
35078649 35151023
849834147 849919492
336932206 337025367
760044284 760062748
611045924 611082701
409556368 409655100
625526230 625532800
164272446 164358144
96283053 96367809
711530233 711594104
470464462 470501955
69161097 69222153
282926639 282951323
40308132 40347729
223165768 223207520
62755223 62775561
245222112 245292441
852485739 852533792
50392501 50413915
173932251 174005532
654447733 654484477
453252524 453303753
363290298 363314045
481525620 481624135
361608429 361704090
936453887 936552702
990292300 990391755
171243626 171269706
215867040 215884536
558682859 558702955
669594504 669625146
10006500 10024365
17439414 17457036
354537802 354590398
615916460 615930591
231419540 231446333
942546380 942547686
246661935 246664815
235642938 235668795
272342683 272396199
502990092 503047892
72714670 72810886
743306376 743322479
719758689 719814759
841076154 841135962
392130623 392132027
469804556 469860507
152465381 152528085
654630876 654710825
372989414 373087837
873844067 873885380
267494277 267592371
60844159 60866908
298493796 298577913
397493972 397521577
60183273 60193529
970138106 970160787
977357586 977387842
788895427 788971675
597138545 597172403
876242839 876306755
183209692 183240493
31185099 31213514
290826442 290920387
985587403 985604680
50108003 50124657
580017903 580056701
492259801 492268728
858515558 858591780
869193386 869290563
855947538 855949686
97567679 97627215
770623786 770645157
175456486 175543245
855845991 855863346
314256405 314263237
946052494 946101424
62802828 62860415
874373959 874468621
444085808 444119749
709264290 709335917
496680697 496776334
833425421 833438737
893027901 893090329
689549602 689632972
741938227 742003133
344794527 344828665
444443186 444457063
668188021 668266759
925850557 925874528
993919115 993953680
53736958 53787594
386290168 386374031
581564334 581594139
576409237 576467002
165448759 165537579
503757718 503840153
159276659 159321156
543087065 543095466
193143303 193163692
340008830 340087316
43060532 43137201
839602878 839693068
368553408 368603908
423272165 423371551
573138128 573175058
765160823 765194210
982321403 982387874
778148313 778245241
158304834 158337262
521267068 521299719
673452004 673476597
484654326 484729484
826159475 826169477
853011821 853036241
107083934 107100973
90770196 90781462
50622931 50638559
570066556 570126573
551380104 551385605
253087594 253178937
372218629 372308854
593563318 593617835
866877318 866974672
659482289 659488843
718987870 718997561
487923963 487930449
926589654 926653189
312832579 312923489
38712327 38794808
242166669 242245085
162189339 162235545
111206375 111283414
665103990 665184895
270388753 270479776
381135017 381158375
642288333 642330059
789435015 789449354
530419606 530432979
185396014 185419018
152584053 152648571
416408272 416506372
273296462 273329201
236558240 236631321
487912048 487935876
175610233 175613047
387316452 387354367
160689244 160708164
121318733 121367975
189137013 189186412
729207280 729249289
735619677 735653844
634691587 634776266
410706397 410731610
975786110 975811709
794609651 794706113
1618906 1709655
579367963 579393588
217278817 217316815
316139273 316178863
475472865 475475293
327204844 327270669
902606515 902674485
535899983 535966643
643407916 643483953
990471674 990515006
12609563 12645079
498887226 498889954
863760321 863782107
11085734 11134780
659116058 659205596
405362403 405428921
734820282 734866074
76634497 76714724
822581493 822622548
203438093 203527468
481245766 481310888
276358226 276440004
753756887 753780698
426555697 426611683
681461885 681548122
224630093 224651060
942367520 942445867
795729566 795771055
444652427 444682990
287770819 287795066
485707684 485772959
509131114 509172914
853399697 853422045
171817988 171865003
609067946 609088081
18830065 18884901
86493560 86545906
375046939 375118077
89888254 89906835
869216778 869296023
143689450 143693091
702355819 702404170
614936900 615031944
995838043 995858709
162037706 162115370
306915716 306931055
76596310 76638592
992202456 992256263
234469035 234474546
162816584 162894102
341177295 341218689
813306642 813393784
752834128 752910355
431883871 431914358
468035089 468067119
497434896 497522502
773310521 773330729
693371580 693425137
185070646 185152229
776014547 776053431
713050798 713074376
45897520 45954073
404782647 404792609
359944564 360031497
278323485 278405209
552302795 552306343
693966999 694054663
591873162 591917680
104256082 104281580
219862291 219957168
114857250 114886484
702980150 703050708
816347780 816353082
46825230 46860962
616216813 616286863
914471182 914500602
756314186 756334769
68968950 69053147
89880738 89903909
913221430 913241332
101319576 101342238
839785263 839795260
399553498 399651695
317905455 317972481
711618397 711633163
763676110 763724933
578023583 578043723
933865695 933922770
583514119 583568797
575295261 575360732
431068038 431107092
959527375 959528481
111648957 111725353
117827354 117896933
350809299 350843659
597292534 597362951
62800627 62851675
332112514 332152569
805388622 805406129
898906236 898994542
1030786 1036368
853208639 853259530
190762432 190837146
996506122 996571983
983081807 983147059
474856057 474939718
563088897 563151870
262585662 262626777
559184314 559227213
833157493 833254061
416307728 416391327
431350662 431387595
934387619 934439956
804162114 804202851
832225920 832323616
127508942 127587034
467447503 467542429
138836080 138864616
318036205 318122517
193587709 193602362
655535503 655553973
767574023 767631186
868295630 868314614
192248833 192258677
207562816 207586806
18369308 18409369
741071924 741080308
48825334 48862601
175122081 175202263
271587583 271657300
232957049 232971830
302155787 302251829
521406398 521473387
984660523 984735019
829450102 829541855
929689806 929704476
96687876 96749619
926317991 926398600
479440227 479460337
886247548 886347209
436208983 436286071
654349393 654427258
658167504 658203901
617795946 617886472
565696534 565709188
699744320 699765408
551567503 551659032
213849093 213863629
789582334 789654365
21370039 21377512
235514710 235571332
453385696 453439413
22480683 22577349
738937197 739034863
180486879 180579447
2288094 2296272
5779569 5825161
211214114 211312156
173187740 173258420
361486522 361511871
584085302 584137211
202456229 202468860
4132664 4174839
678399002 678405086
350724299 350747822
290074356 290106374
951652992 951722390
965449018 965479813
590379021 590472054
2051917 2098485
593941069 594031393
173773109 173827888
904575175 904655909
183519753 183606259
835750612 835824610
823888937 823969083
67052783 67060601
484366936 484419117
573358664 573450088
464066437 464087935
883297559 883357510
812056458 812113625
262063464 262093236
190385594 190458446
955131356 955158463
947055457 947121203
654353069 654403580
722816092 722842811
230307055 230370449
437559503 437657412
89444613 89510891
361016148 361099379
122454582 122537303
582323497 582421807
888147142 888199898
190087877 190139998
488419169 488432900
266107754 266164647
592866520 592906459
834266782 834281025
880981 890731
203873421 203893745
712775601 712841903
849439243 849459802
215956412 215985984
769761490 769841284
163589464 163602460
722657135 722727988
911766440 911833038
785001708 785031043
375087671 375112160
495087968 495184591
644338106 644433569
919271535 919279832
567316833 567379338
349359982 349452814
820611315 820707822
751959902 751962496
436004269 436067483
529363665 529414212
101975326 102060608
46652745 46708122
811230903 811313367
776692943 776741471
886397259 886473544
179366591 179367414
681615671 681686218
561187595 561200762
919445763 919531509
873186881 873221799
265603228 265613067
666976116 666992820
501532871 501612393
477379903 477433610
125390370 125450748
985932168 985998120
746028910 746043416
378325727 378403508
449897021 449972985
916147446 916217339
690686045 690718414
580913418 581004222
320950640 320996508
709465411 709530617
191335505 191431768
725373743 725375924
769003668 769099598
161786361 161878308
419606746 419656144
395823594 395914812
882589275 882641606
573234879 573285273
820037430 820059820
656738678 656785065
617128968 617141316
148569163 148611588
481269742 481296500
330763906 330844744
544633854 544711603
607205726 607227027
368753641 368796391
239998152 240077103
292947601 293035572
467244461 467326811
683395805 683396989
820334754 820392995
792608419 792647461
951973524 951991416
622052543 622132213
24132145 24190479
287888518 287970753
510220123 510238830
821232299 821313216
442387788 442443239
633792928 633832842
67569640 67627033
616429066 616510165
425585386 425648882
23186044 23259764
4130943 4203459
839501686 839579712
491005307 491045546
736588668 736677760
534756202 534789614
600382710 600428840
736140136 736221114
913333631 913408471
305186017 305239184
296137576 296147442
546597878 546623246
861922308 862002035
861122322 861188392
909437730 909477349
120843803 120897668
496115253 496147043
310284823 310344898
557258636 557341201
368682878 368709913
428066498 428162584
624407683 624477995
868042162 868112052
114694782 114744697
314571238 314647821
573060518 573064183
284778990 284817003
339342254 339343549
850763485 850842775
178955493 179042379
687205222 687272694
865654456 865706164
940424195 940425495
350756034 350778435
126988835 126992951
176122005 176174234
149830992 149891113
41966685 42018683
429727329 429765324
593647102 593725985
968227158 968235181
19411302 19482653
192351716 192387179
574066705 574099823
385010812 385078981
112071430 112100455
584937 657850
941950560 942021290
615398372 615471189
203961435 204048693
863823038 863828432
354205969 354269207
327621466 327708860
874888608 874959500
591701787 591732846
664489816 664567805
791233200 791295293
281225320 281322774
113801929 113874456
373268072 373322598
929316796 929347803
15643227 15662807
993699027 993757627
846433675 846482245
982686986 982688654
50727105 50727188
228550315 228556335
729776196 729821405
773312996 773364164
815799285 815888260
433036927 433050274
635841848 635920025
382135011 382219559
218297901 218300167
978351100 978397950
415970340 416008716
104251102 104324235
280310221 280384321
205709493 205766939
581283349 581370508
906958295 906996856
463849174 463908003
611476881 611483669
539720207 539819976
515237557 515332062
979538371 979540928
701827399 701842907
569963093 570024973
173941324 173995647
942945971 943030217
862908190 862912767
33532963 33547774
677556202 677654522
219091556 219147620
399819829 399909998
131936295 131942535
247955119 247990690
986697856 986736605
325361053 325394092
141225724 141304558
639204955 639210626
422404300 422467733
294483082 294570280
368233419 368288724
599820199 599872742
878857902 878906953
176989901 177029339
41467227 41516750
152217266 152233788
125444347 125486763
977278139 977323254
656358865 656437162
468353254 468415866
147024266 147065610
456845156 456868521
197822758 197846456
134093369 134173191
8498023 8541511
253308409 253336650
682043247 682128119
708569224 708607877
471992022 471995876
277690895 277756288
329964279 330027247
967190749 967241710
325960088 326031023
309853650 309943400
843389163 843431851
399824326 399902614
239269763 239348509
469303994 469346758
183311841 183324475
910643838 910674216
573783531 573813052
335587077 335587878
525165952 525176679
147295778 147333458
357574208 357669715
373338050 373366645
109121575 109143363
753247905 753326016
60512446 60512882
795666663 795699318
423469229 423485971
706964540 706988767
98144918 98153830
997823677 997917673
836587372 836649278
254292725 254376624
153745209 153828218
497480080 497544916
168634305 168690090
829359146 829394628
575602611 575686830
585809705 585905586
264549339 264630275
372056967 372129802
344655032 344748404
724890370 724932475
595007427 595049990
183576774 183600491
627554783 627642417
327785295 327807619
731505779 731551167
150262765 150356194
922577599 922618576
108880800 108934026
124184852 124250697
351856326 351920454
395398331 395478934
90230175 90288978
71468379 71475554
360764627 360771473
568109294 568192752
50641543 50689158
331264192 331342742
99585411 99619271
481290660 481350181
329913959 329949250
506393748 506423937
821075090 821123079
685722215 685750373
382919961 382938462
319505958 319563415
938283963 938353291
785764410 785861843
916089501 916185479
317609179 317623877
894713443 894773900
127863848 127910563
623394061 623433420
754118769 754193622
493343922 493370063
279127209 279165140
909894594 909973635
218156994 218161798
357953357 357983683
524340765 524407684
573717006 573720976
238634331 238659921
134015614 134085063
233832239 233887458
89277215 89286213
739143299 739169650
257317854 257402305
559597342 559676100
195657042 195713026
40195056 40262294
509419913 509486240
574395925 574418874
871969694 872042678
73355224 73401444
852984682 853007501
515309123 515380336
510261270 510287000
10353744 10391132
888209893 888282619
466857508 466881620
339269877 339359566
67210737 67251823
194926313 194942334
477998010 478088648
328274622 328328178
350807271 350893896
228392282 228435200
782691805 782721484
518221003 518288094
53689819 53703127
549631327 549705321
927151361 927165436
382510271 382565958
736113452 736176153
201854363 201892707
299806241 299856248
533181562 533193047
789437181 789499990
475338076 475435372
406840665 406861976
636181145 636233245
632273227 632281787
333280484 333309908
225378563 225430475
146621292 146698318
649185608 649261052
275900673 275949966
675496328 675552691
281312969 281357725
56541402 56621303
630868347 630943729
629037950 629041751
740338262 740343103
120436830 120443151
571516246 571594310
594964192 595008794
515063822 515093691
620020886 620023110
570470132 570500797
894062201 894151823
761143625 761188240
175799272 175811751
756206028 756217168
580145479 580223395
439803308 439890284
560565413 560603491
971309115 971346797
182752130 182837400
316548807 316599908
297357066 297453552
552547306 552615032
319482003 319563170
806468773 806556591
660428699 660523621
491581751 491658145
398049146 398106561
183284039 183357576
978005563 978054183
884640015 884704277
352824489 352907735
762333884 762408729
374230679 374329538
558237613 558254183
556534054 556631296
119359157 119436796
55128199 55151681
154038170 154047537
473635441 473733115
626857981 626918636
785042792 785113416
654126431 654212983
963354748 963441593
908093902 908176635
900430925 900440622
880470108 880488152
321306214 321375528
580301523 580326104
686440732 686520481
974210152 974269378
964986477 964997219
496199824 496201710
994532169 994575183
805964314 806040415
568139243 568178467
983444514 983478946
993684208 993727296
870681342 870694303
848156788 848191637
853415402 853442418
456827810 456892867
816633730 816654686
561644584 561695862
561964329 561978067
89120763 89144648
779664824 779693351
685257010 685260901
225399930 225469158
539853219 539898009
807438286 807495226
911522287 911592591
122489176 122499913
620754042 620786255
654719022 654783469
895814380 895884998
85669964 85706023
984015226 984059340
618945314 618946803
952954420 952957391
792301737 792382635
705116773 705211163
615102293 615184905
908303073 908324953
894850544 894864355
478131746 478193090
619648027 619654187
397720983 397762353
158706512 158779949
924967447 925023183
992794223 992849662
628354912 628382140
237308920 237357898
96025017 96107331
890195231 890281345
336168130 336265715
541802139 541872717
806227616 806230325
810185625 810280248
498945753 499043927
12765430 12853109
341897555 341923135
135867560 135955816
423659676 423662295
801149698 801247270
130500296 130516269
618124470 618156076
845319144 845395755
85706314 85707682
266953462 267023276
134915899 134991070
509287097 509327386
144312092 144396807
930010278 930051586
375339059 375354954
261294334 261389166
458049581 458055121
616293206 616300949
740972530 741042145
352284061 352354187
856417659 856430906
918677674 918743510
770064941 770081066
45866491 45903638
351908445 351916440
944162246 944180024
321410504 321438315
767332033 767392463
221817966 221870456
74817032 74862023
748569845 748639436
532779258 532806212
407071250 407170541
431705400 431723732
982487307 982544962
84681609 84710056
741104253 741149956
547240037 547334491
643798260 643850813
610261100 610293258
224396789 224443088
259839605 259920697
64804229 64896545
7639026 7721160
358483099 358554475
345484075 345582547
903611890 903668278
97009970 97058037
679538032 679576292
483573331 483660581
264473629 264484895
698642489 698686308
924249235 924299808
880909985 880959213
257063230 257139879
523281005 523355467
199648752 199695554
372284924 372300088
108729236 108779022
311575520 311607777
421859610 421948588
658680824 658686407
708696059 708713626
900138348 900204941
978193357 978224813
506308772 506372494
195110449 195170341
30250567 30271330
584869609 584947532
452930293 453015511
406100235 406153957
5031540 5076513
981520923 981553609
316738022 316761234
559677207 559687983
405564081 405597490
275333978 275342982
877247301 877339680
733320192 733374222
82187850 82192433
959175018 959188760
669426316 669517617
495883160 495925540
681402995 681429831
359448074 359518252
936509441 936592648
986818248 986857519
439799004 439833817
46013804 46062734
133616139 133621051
202839899 202927623
601527902 601599581
1312566 1330310
526579042 526607091
8882594 8917205
153233612 153297393
450647757 450675090
453356002 453373608
920427669 920494400
936692083 936705512
282713132 282796201
278274210 278362872
290541859 290601273
124617663 124686983
810651266 810727159
246871212 246948804
340363836 340391547
994891607 994894440
617771418 617825389
617544034 617549920
449241856 449306776
431785885 431819981
746435811 746534924
924023134 924109547
923704726 923784263
672909894 673000604
987698566 987699038
611676151 611698919
185900374 185966652
576149519 576185986
658918948 658985683
487848958 487884298
935410343 935452274
810029537 810075492
120136491 120229148
254615840 254658917
577283947 577382070
958590157 958649622
145797792 145862144
132377207 132436650
285488676 285514438
22841695 22925818
456145108 456217565
601242434 601258139
847006402 847020251
813422740 813473039
901023704 901059224
832858219 832952702
822128258 822132861
218071673 218111659
223622397 223699815
541033587 541133203
561263584 561272105
544663192 544727866
220703798 220775675
504544064 504602154
699971837 700069802
385628176 385695281
238848174 238944158
251294700 251322809
434546517 434583737
817097058 817159304
482654600 482656426
890561573 890594482
101246436 101276917
770366950 770368055
649659822 649661455
668606852 668621627
374850376 374875674
550454911 550538393
937749910 937804847
24902282 24926700
585136792 585153533
425092245 425109710
374393181 374427851
845597785 845619656
42433446 42467783
72821248 72907128
909869920 909892253
925948183 925978677
960396223 960407364
656285072 656289640
777562137 777647645
382358908 382417918
495881130 495898688
7862802 7897999
813855409 813892044
71172715 71175295
60770672 60863377
741033555 741098403
740309605 740387143
900725137 900817432
292177384 292190453
606692213 606720406
171327357 171362842
398606691 398638175
902145738 902217938
690680725 690690593
63884670 63966117
518317920 518411583
661559866 661600442
106075687 106158825
991704654 991723587
154831838 154930228
297477863 297549165
499951473 499955165
630696309 630792017
789606876 789680017
509672432 509692227
799302869 799353958
274619476 274694756
436877463 436904292
196851498 196874758
400714339 400724580
532585515 532624647
851961446 851980341
199202913 199240874
15020342 15055079
893763079 893854030
693300251 693388522
229764562 229787158
450129768 450142834
115837729 115907666
889527695 889609204
55424086 55428732
206608224 206648264
410783462 410852385
463449694 463462699
738242891 738292893
230975006 230981594
509910484 509912057
160319624 160391210
428805552 428864358
745669210 745754774
182359183 182366535
998544540 998564391
836483568 836488175
34142338 34220268
359940991 359971983
419751154 419805432
774642128 774659894
75246152 75321026
386966858 386992626
439450487 439521752
626412812 626416899
10712073 10756502
499124953 499187317
649522748 649563773
32239174 32247030
102842658 102907530
261343406 261361306
358134077 358207882
13233072 13236480
857415121 857475597
232129971 232210625
495509445 495521173
203481116 203579766
836114544 836119081
702601350 702660526
184324080 184345084
100420837 100435145
219251480 219322330
872948805 872998701
608136911 608142319
798052605 798119363
507465413 507475319
703393214 703444313
532161763 532180446
199327145 199342868
26791708 26824986
339531501 339624555
830511365 830547978
798307196 798360610
850776308 850790972
532552285 532566829
611473873 611495787
587506049 587515015
508911742 508912567
488325075 488358739
328987253 329019350
437079839 437086890
155370170 155399738
815588814 815628337
314752120 314769389
197211078 197258336
154860087 154872257
695726498 695778575
16532141 16551025
367564615 367588351
230504270 230581303
289779406 289878409
88349807 88368409
786589310 786676384
784288269 784290500
626357673 626393272
327588870 327686114
884003952 884062421
856670202 856732391
948438227 948461859
403541834 403622709
24270806 24298101
724134645 724158583
451686952 451771042
671636160 671682445
339094404 339106774
241215349 241232461
505007363 505060969
84721244 84806644
499954258 500033253
878687154 878726490
773308960 773381993
25884092 25972845
143813251 143848687
370383380 370474088
385570264 385646856
579874163 579920138
120201918 120252023
39787918 39805143
113568279 113582213
617371983 617459463
118584160 118626060
998731131 998801520
624318789 624330706
183319438 183375782
580349506 580402539
813303658 813395818
306591696 306687708
651385807 651456044
950150006 950204221
274125495 274188275
597003247 597059341
849505560 849572892
724200758 724255979
136259676 136287712
497796336 497846061
63122517 63123785
537085539 537154420
289088110 289129000
489826537 489860461
25378537 25445538
804448917 804479159
470644657 470730818
598600588 598612198
606186445 606200803
614059063 614063327
526880492 526918710
665409860 665484212
140262356 140273596
469421905 469461329
46828133 46834733
433430835 433505714
791323080 791418252
820436780 820506129
884634188 884660613
422021469 422101152
784220501 784302464
137285996 137311868
843341577 843384312
247455860 247492377
580177541 580212802
547459629 547516914
290360213 290419071
41953985 42020068
169350920 169366291
240519718 240594965
566703831 566757600
342052414 342088370
463527323 463551898
158950514 159044154
918782591 918783867
180573895 180582536
178777701 178803824
798305910 798401181
527924471 528014429
797300155 797319605
930096564 930098471
385773547 385816651
1599970 1627251
817506752 817535301
2124225 2132216
22141829 22144212
588994359 589062385
404696908 404729502
851777317 851815550
798624180 798717807
433046650 433106083
256917100 256994924
119432184 119512425
5185375 5185816
554220401 554288702
613898237 613972703
96616677 96632579
270714544 270730157
436147256 436147604
24849236 24925212
918987665 918999769
412835580 412909992
808493840 808591015
674068912 674088871
880897770 880928585
149103783 149193635
530935396 530961813
490427635 490524912
892997999 893074280
722901108 722970830
830361458 830437109
780347983 780408254
794582515 794676410
663331844 663337707
416831500 416832668
581728641 581824725
361677486 361716835
583392565 583403340
917587367 917659144
456616661 456679580
277039590 277090513
263006459 263011785
54398124 54401147
989302073 989380287
876104224 876181490
553030719 553067070
734758230 734786951
267405921 267462880
127496852 127509538
776328776 776360800
478533665 478544477
998117240 998129839
561987206 561998369
341815794 341827914
710981155 711060340
596244497 596329139
396618782 396709786
278247203 278290421
538211480 538230030
815216554 815291702
864207402 864247910
161148492 161150874
203058079 203141431
278930456 279017584
12926019 12934987
389788510 389815178
347830006 347929967
256810602 256847006
443318944 443372830
32181468 32239989
345370822 345419983
617137562 617217151
641271309 641304128
304280775 304357060
956243080 956335362
293494698 293547707
463794658 463852542
159203528 159297391
57626131 57638648
62878521 62950681
148120733 148155729
946218422 946302828
774186902 774189004
869852551 869870807
758426762 758497420
977373322 977385329
739505679 739572132
163431603 163449662
700743524 700772687
551193479 551252034
640447815 640485693
1211822 1231390
956363502 956414762
151116724 151121139
570026395 570071832
537726803 537735982
533521546 533555898
739622550 739665118
971558649 971576468
502048377 502078183
847900230 847947221
684159813 684185065
441936923 441977762
171551118 171580252
369840503 369900067
18679727 18680831
316387957 316399386
171229992 171311225
101684681 101758084
149775416 149847724
752928709 752972227
115086733 115158686
124763823 124853820
449546595 449555698
674676863 674700023
844285110 844367889
351504394 351549739
606085186 606087533
308018616 308105853
930158453 930210565
122859966 122864122
65318142 65379045
645979232 646001894
235217398 235224657
284007049 284062948
438514565 438517650
57748100 57759275
137210063 137283668
260170812 260239281
153893259 153953327
93056826 93060709
96348005 96442824
943796190 943893923
974286873 974309913
215289344 215306011
609668786 609765125
993458417 993540619
458719363 458728361
376719621 376731362
134318070 134321919
703154820 703189488
571608179 571701939
401859971 401861483
534464106 534560501
461046721 461103767
806841920 806884532
240935163 241030913
980805603 980904421
277614663 277655565
409992924 410088005
49395876 49435914
703399213 703422506
959746581 959765499
472238097 472293012
234895006 234978108
321956934 322007111
886070463 886073760
114966531 115048063
94610173 94653807
254044979 254045877
392936834 393002268
772212025 772309480
857436085 857518126
220071781 220167712
331923285 331987749
907681520 907701037
278606992 278637778
375511492 375584674
452964165 452975054
527388732 527442450
574192091 574214253
175215227 175256889
812674707 812688019
804719299 804808348
135525113 135585256
717451204 717475226
423313146 423372530
4073079 4139846
420890278 420945107
755476553 755527334
376971843 377063435
840924182 840976636
163898908 163915951
296419255 296429294
994926822 995008271
944163798 944221723
949052617 949106196
915151485 915223022
474591565 474658496
919401368 919436701
848370834 848452564
315091480 315153518
501524962 501535516
711237418 711258343
620817231 620825108
686241228 686268451
388271081 388273053
39190967 39245072
116880122 116947003
325674553 325740168
607335545 607398902
323558333 323577414
134812659 134843500
336303462 336339098
871550901 871578358
330282480 330289512
329894892 329990058
450194320 450291172
809493991 809543590
588070959 588090930
118608583 118628351
93287387 93331464
848932397 849015916
464740834 464773967
649185641 649282406
806605556 806652255
175693103 175739885
275713180 275788525
843590330 843612884
18459667 18512053
708588868 708679434
296795419 296832520
690220666 690232193
822931772 822947989
108528825 108616720
762633133 762713410
529416590 529442224
587016782 587088929
86229903 86299528
157573462 157634227
267445075 267445406
920384137 920471784
460672283 460702889
329341319 329370856
362240948 362329706
630028057 630065741
537346357 537412246
865748967 865772399
777405890 777414380
567188111 567255852
297670698 297747597
860465290 860520311
576427933 576430974
435028428 435081533
278818931 278821328
372928462 372941352
876773205 876786412
46968041 46991863
97826498 97847601
875290209 875338846
333935946 333961646
704923873 705022145
299537351 299548134
861299031 861394217
200240083 200272476
926843050 926846892
127199606 127292436
431052131 431058811
333885770 333965895
798836185 798905377
455141926 455142476
884543831 884575252
533296706 533315355
107889701 107983225
783810899 783895029
936619684 936685907
413444890 413451820
62764682 62791242
175187063 175195253
750403119 750429549
112780010 112857956
479663895 479736085
889135496 889213121
668831255 668910474
979702580 979709068
86094666 86106393
867140722 867176901
34825449 34827180
225331808 225370844
986751109 986813348
873264983 873280290
258451662 258465679
805534487 805624909
532986099 533084081
106194604 106271897
883298323 883359486
818113517 818199007
595686071 595740459
48948859 49047061
112702393 112785014
813542395 813593245
949301684 949322078
816644671 816691173
734163355 734257110
662325843 662424312
54684101 54778704
544737945 544771811
105787377 105863640
695799923 695837265
907742408 907825788
501071639 501140306
352892501 352940298
989200228 989201464
675046798 675062590
82722485 82749491
469815209 469859869
239934992 239979255
569200353 569222065
758242981 758258629
24302873 24364811
990659957 990681777
599267885 599337155
725844870 725903019
561122703 561220310
3718488 3780312
147748824 147810164
642896798 642996473
60385198 60478923
243414699 243476034
120206586 120261047
113584298 113640234
29517566 29589987
741160403 741227510
119258561 119339245
504638956 504659224
139348578 139375160
726757971 726836054
943942828 944042203
631444637 631527703
412528694 412561635
516600571 516664851
832036025 832051835
574960654 574986602
520941587 520986001
899260138 899289851
43291532 43350175
943074596 943129545
600928410 600942310
966013625 966014540
195486701 195524292
587368866 587370823
723418965 723513704
769140627 769212591
393350716 393396840
499850534 499916136
33799063 33800994
182231638 182317010
275836935 275924640
932143813 932182239
208471970 208489659
229015470 229067278
199955363 199976632
885021510 885037441
419514230 419590918
40857417 40907808
646891673 646979346
819714221 819764347
592153618 592199810
909369058 909428813
278723623 278775844
715522004 715583891
21392269 21443248
859902939 859960937
732549899 732639374
382796811 382805501
469150720 469231952
740982303 740997822
264041505 264117274
912363223 912411022
748378142 748476259
942178252 942196870
96038353 96080540
58968513 59064956
123952832 124006123
960622176 960661261
884174240 884193271
417036164 417045693
4737159 4800119
996157157 996158422
233630781 233656685
390819134 390825219
873349521 873434558
561225246 561259067
958623850 958644369
302869605 302897377
754643224 754741274
746076779 746091526
665722917 665793460
929541020 929570136
620501769 620519720
309837223 309908242
918349325 918387708
540510063 540518709
236642661 236645753
10972456 11011965
980191770 980205813
793055198 793110915
644982771 644992549
874076774 874078802
339724201 339754169
50305579 50324894
108377056 108425330
978814416 978823758
404861859 404924285
772766784 772814590
819963657 820057283
590611154 590662028
749778765 749816881
434092211 434185655
852752789 852784911
248129275 248216798
931724388 931804928
926104216 926147470
249830241 249870855
590504980 590516871
100365230 100365642
349880532 349882771
880667345 880682876
945391507 945491260
296500148 296565510
451627750 451661774
825393292 825413670
526760528 526826794
880750569 880827274
845290364 845346003
918610533 918626561
343658910 343720837
264980053 265052380
361808085 361850153
799357837 799372408
146904781 146976348
827241215 827251224
972630602 972689459
974535996 974600573
353814892 353827801
143866809 143897508
635950793 635999567
821495018 821568784
534455575 534521988
105723175 105767919
388995820 389029846
166177088 166226421
917063486 917147306
48978137 49078070
720960294 721038749
495918162 495939236
243828244 243924497
411621499 411623972
164828264 164867014
844785589 844823957
467219082 467318485
792577986 792626458
828608583 828645308
454033342 454093973
503116571 503135098
39383204 39430142
69425841 69483715
109248530 109252111
494664874 494691557
65655153 65720695
498050069 498066126
388322810 388373178
864908666 864943214
810351552 810437056
516130880 516200553
688501872 688600522
246831921 246894987
713586772 713681493
65714543 65742922
104907397 104971187
341503774 341544000
245104026 245173505
17121611 17145953
954199223 954257197
318371805 318381360
902519328 902558875
540365793 540408302
757715792 757775957
721252726 721276459
411589553 411596082
173943651 174017396
185497838 185541398
278700607 278799140
423513020 423602838
567018691 567071491
158377529 158436626
199647787 199720533
554259528 554298884
49062746 49121558
447341738 447397917
269156658 269174498
11044076 11102445
700834134 700883581
733572515 733599631
154422158 154484842
72582581 72675172
221756923 221801260
223602245 223697486
588936494 588989040
510980840 511035572
742630509 742648645
384544028 384623162
134626127 134654687
958976523 959045862
463037605 463132244
541111866 541174150
652170882 652177714
436408368 436496426
745265538 745269498
856127755 856162260
555137912 555206505
422393200 422470706
729525390 729556029
189370376 189377918
745092763 745136621
837703414 837751979
834749206 834780050
278859607 278860397
372430714 372434044
737987225 738056016
895762547 895841713
828931753 828950731
509238563 509264780
620311933 620366737
796935161 796946146
971527491 971570401
640144677 640203578
460704282 460738017
833773051 833774209
337445494 337470641
732089486 732175501
792278277 792320439
441838199 441897212
62033292 62129859
508620737 508686299
639283070 639343806
536668462 536761613
363999473 364044597
273472436 273493249
468510269 468520359
629960600 630052936
926268771 926272392
259029536 259098607
278820661 278839950
907395824 907419539
512021174 512048707
923754469 923807218
804854504 804871575
489026761 489122266
221450714 221474342
64033984 64126543
189046983 189069979
690915223 690934521
517699612 517713151
114264220 114364042
80542723 80603644
891347764 891396391
699273096 699337334
457334957 457414485
129592059 129656523
114469419 114524854
176503487 176510986
836914980 836953585
169237408 169318252
948157925 948229123
399377110 399392055
310257828 310292983
898882657 898955073
433950946 434026591
594272037 594302537
34769841 34818967
188679435 188693010
897160365 897216049
621250746 621251777
222619259 222695873
919636133 919659618
200983484 200987363
964744969 964768586
801953462 802007623
610571363 610643400
14940230 14952768
956149313 956184197
197981588 198070535
426834569 426869780
531991459 532001609
65015091 65070444
586657298 586660611
932385361 932394727
483803315 483864205
948691782 948791328
20751995 20780312
865675814 865686351
429563416 429588847
478511131 478516288
953667702 953712586
735782540 735783953
35324099 35362268
626316318 626342308
224066914 224091130
443744019 443804160
197074370 197107637
984428346 984465002
404516250 404591954
240385838 240400667
926666572 926724319
171701718 171775538
299184258 299242402
465178496 465210172
983418438 983491211
5722375 5793145
238684647 238758418
34908759 35005941
427025549 427124670
998180524 998223136
279290514 279298492
167797666 167843515
661191133 661286623
657933328 658005424
349019772 349034023
750417561 750496680
235132092 235228845
649303788 649333262
136602037 136662595
752386291 752407001
814015094 814079747
193469339 193540239
924683897 924695302
171868828 171943879
126565106 126615912
238594744 238640366
700313111 700319371
320474498 320548320
877358932 877415194
63887297 63903739
891683719 891740139
771511738 771566760
485935286 485987077
693510145 693553547
884830703 884853201
487067847 487089632
593741395 593825874
326119443 326166092
220556221 220633307
525330306 525365011
669401451 669499614
672808571 672885430
401187260 401190327
486022322 486117060
612613 678892
922518684 922590267
466915622 466955121
876242620 876242986
449571247 449669313
531675831 531723461
809104572 809158677
908909059 908911904
182156180 182162026
585876805 585878146
714153561 714247261
990383012 990396550
606712173 606734686
638899863 638905953
178138015 178162417
828549908 828560100
970789688 970838369
833899582 833938811
947165600 947196821
665394079 665398349
300103143 300137097
582197741 582272770
981260164 981264699
627904443 627933957
186136069 186156632
374194628 374219850
265500051 265527090
186093591 186094451
180144580 180176651
383885133 383893946
43741026 43761207
869287959 869337012
972668571 972754027
864749419 864792855
369423515 369431298
121893424 121974452
949978297 950073900
242925590 242969846
304598982 304642048
854928950 855023049
733312386 733316763
242704655 242757716
623731541 623797640
873123232 873195897
868158989 868232424
305841449 305932563
841134728 841162011
669780425 669805806
810731994 810764186
206961702 206982963
316263403 316295685
423176944 423198337
635757701 635813637
142015997 142016947
871712711 871783150
28617680 28663139
605945411 606043273
795018763 795089328
692681026 692711237
131478450 131495008
892980918 893016238
808161001 808196420
97136989 97158183
944574785 944650779
61774738 61832978
837599952 837643644
806763267 806841707
421789199 421830232
974607019 974687200
645472901 645553483
143771134 143778532
126598884 126617581
260625982 260691048
431094992 431120956
80803326 80866388
493691175 493731675
631358204 631406923
298344738 298365717
70401522 70403474
412242536 412266425
639195886 639231040
688179646 688191824
608121424 608148052
968179095 968237834
367109996 367191541
855589545 855602363
629166384 629183744
194144833 194196676
479252372 479262336
754830445 754860471
107239493 107302620
399836803 399867228
775829066 775881598
137555813 137611329
918018009 918053932
508365807 508407554
162290463 162377991
915952284 916018960
675979868 676032119
270448203 270498417
110472590 110491185
752928728 752932058
956012726 956094097
457117070 457132860
481647157 481677116
28400152 28400744
613194513 613272251
170015414 170101902
796530346 796600214
968929334 968964538
338663589 338681603
290427960 290435967
205140378 205162165
757149631 757163511
67425189 67471567
742044983 742075166
923482225 923525724
380776483 380777785
341229846 341242179
290882869 290910379
772874362 772892657
107768794 107845064
687030766 687044538
321599311 321630476
715316474 715322945
555580562 555638446
520887687 520965188
494990130 495073717
149956163 149990364
500511615 500590975
136203942 136253011
743484755 743581912
269857391 269874600
164631914 164644160
538716005 538787473
253689759 253782584
879006408 879039750
674613249 674701776
345031986 345123791
579499134 579513482
634260115 634283752
790224337 790225311
324818833 324889970
518727377 518791949
44503746 44560294
529042590 529125696
410388218 410463530
212895369 212922760
945566700 945597434
813417083 813439386
632339134 632416410
599351974 599408335
380416158 380428646
384365686 384446625
61374864 61396613
365387156 365448403
769241149 769312309
714588250 714626240
465242667 465278704
61557679 61625806
358139645 358223078
540581958 540629050
789458889 789528003
569517824 569543004
890714291 890811130
581416027 581438545
831975460 832017487
751050984 751108295
763002504 763065134
144929032 144982055
846684202 846706734
19316032 19412981
545369987 545404869
427240351 427303562
134571303 134657609
627603238 627625296
389137566 389177562
992113577 992141982
925848422 925932000
939412323 939454120
791469943 791518864
86063733 86140490
420681439 420703561
596408977 596429821
185342350 185366411
933700532 933746455
9258707 9357664
114127528 114197427
196871673 196917898
783118674 783205665
682502024 682555205
180391467 180490680
948031332 948070638
480201106 480223664
593210831 593264727
202618246 202695446
816558156 816591180
945764561 945788191
693765080 693766747
97323605 97345826
851390211 851411514
263801051 263836903
93619024 93656704
611744649 611819806
187908153 187986013
12288623 12290386
650134068 650226103
703434313 703489037
423504172 423526486
892789780 892880695
476079975 476085187
144288223 144341951
427888179 427888212
281616927 281661845
889091756 889098653
623535243 623582601
462040314 462065769
198762013 198770763
512404672 512442033
694728043 694733200
20146673 20240675
248677875 248758422
80392318 80398859
791695433 791795082
90626160 90701517
235800174 235832367
398074249 398100568
578471226 578552385
190735809 190753435
172144551 172183595
898028191 898088967
100551789 100563172
635533014 635562138
410514576 410515335
746065705 746071837
450834148 450836936
567876929 567895747
495428333 495492015
707677294 707682180
343995524 344047950
301707068 301759528
119075046 119164842
803547902 803602689
892229472 892236667
508955365 509012503
934486524 934503538
419749640 419786522
234493013 234585906
564489247 564582732
380092351 380093705
15811244 15886276
349572138 349602058
497173429 497196166
214625089 214660659
454900661 454912475
477485358 477541144
707633214 707652431
920615170 920644391
722946804 722961396
220746286 220772269
844498704 844552492
123121891 123123521
690323777 690404678
278072514 278109623
765096129 765108339
467370643 467409922
147335514 147361735
768172281 768185276
417781575 417827315
296376134 296413845
124880686 124978842
211127057 211187320
191853094 191913902
504517305 504603615
960740892 960791796
561952340 561999790
511754789 511809869
960242585 960341158
33979714 34035026
921971698 922062472
223798112 223831013
648975104 649013419
193338752 193420499
48321492 48357858
944892275 944948449
868498221 868507326
508289487 508332452
921644149 921688738
107467352 107534409
591072338 591130191
21230901 21242245
897533747 897598551
665422025 665502700
606268926 606293671
185151238 185190531
748755841 748779795
44212790 44234902
308197328 308270776
235356345 235414711
330339309 330374254
828387123 828422162
83504266 83569306
180622991 180651699
288480321 288525587
459991687 460035628
854838689 854864428
537926569 537977520
614824024 614857517
481718445 481793192
816962365 816963778
177712646 177759693
938607628 938646088
829691979 829762243
396987182 397084878
242015499 242065110
904162231 904261986
146904500 146959291
600663963 600738389
44519955 44556770
738964597 739025888
185710743 185736677
553747656 553804525
788064445 788156995
285851996 285860283
700978349 700979934
3449831 3527901
363894918 363924690
537794127 537838327
671970661 672011681
517230874 517328119
287673568 287696425
98108059 98159284
779657902 779694410
251745039 251787151
837765446 837842775
647902139 647904237
896820381 896824642
624435686 624464571
512127164 512197109
83378822 83413144
721513303 721569316
53591476 53631417
524768498 524853373
681923776 681977590
791389821 791402124
315250617 315279732
489208257 489274474
973378383 973446875
281238790 281274941
227932482 227992387
55007087 55059016
781406427 781455603
88427358 88498430
807928256 807987419
905423500 905508937
919272354 919318414
943250270 943304749
275315150 275369427
911692347 911753605
141061328 141150384
941498824 941549641
810694793 810725443
433933602 434006145
992799187 992807988
394861038 394947431
318831133 318922098
93552888 93620976
400255521 400323355
801596386 801676200
613378645 613383044
64221002 64240552
486202611 486264920
992677333 992768531
179247413 179323024
905296745 905311163
11910988 11978756
330782740 330826587
44033825 44125249
487931938 488017111
903293515 903367191
413453687 413456366
311445185 311476143
390134345 390188334
808418894 808475046
35719308 35763540
965750537 965755322
244698907 244791430
266265055 266323279
286698793 286754474
635805629 635872371
263761592 263789285
29044476 29096428
518667746 518752237
472480350 472567628
226549155 226552072
877701660 877754686
505735834 505827695
849822052 849837813
588403692 588421471
196533829 196630154
196935010 196990143
440569808 440632117
978419919 978495238
689742847 689779706
833332667 833343321
659608584 659610701
827959486 828026582
485462259 485528855
694756833 694823296
462683847 462726983
234107913 234173762
815965945 816009132
726120892 726199247
867946492 867952612
415764458 415826158
806841681 806868584
614868729 614923086
219419497 219459433
729862378 729884551
747727591 747795098
744746804 744827796
932499637 932565660
811683205 811746327
429287287 429290442
796599377 796640654
857726406 857809989
346445855 346448727
906068989 906156905
683759471 683799145
613108415 613126510
149248949 149264409
745680750 745740442
63010075 63044464
695689887 695763423
453749809 453841581
821243207 821253398
585259134 585311756
733144457 733239260
475433457 475437356
437157837 437209054
221118601 221143088
900800566 900808587
818767445 818776585
431879514 431900861
620494385 620583012
962409335 962411279
509561969 509587090
869284742 869360793
624224452 624247693
823278321 823345033
901197318 901278021
85998255 86086454
608436177 608506499
999104670 999125608
526711232 526726961
603284296 603304471
449553756 449645825
346666309 346693058
829589050 829619640
497840993 497852847
491281062 491377733
981851133 981851930
573263738 573319167
883000747 883041113
655783483 655817879
184270925 184324039
630621745 630660010
169366747 169370707
221455851 221549956
746740239 746817750
575055574 575145616
713897115 713927841
949484757 949496174
724315961 724347079
350936348 350975996
737754990 737838842
645860057 645950802
20699260 20714066
303092603 303139631
832243777 832317909
655514857 655569717
482798519 482802030
408431375 408509863
192878637 192886962
662423784 662468346
879959372 880029969
471575822 471600707
2138633 2186850
277523113 277602708
569622120 569643407
291579290 291609699
602810664 602877856
797252384 797288814
707261875 707294035
871581005 871588123
748800417 748819646
840535835 840626765
728313215 728410259
80900741 80961809
778118351 778188970
119879025 119933327
506243479 506309277
923452749 923453481
414855862 414938964
404698833 404782837
291069186 291156130
238149490 238238331
122296808 122341863
948144302 948228870
566617788 566693797
927388071 927487110
814565744 814572535
110548322 110598079
698459802 698492911
947560350 947636493
988924881 989019609
706704422 706723024
967712509 967798237
548684448 548696658
352796749 352796943
214440367 214499188
831839255 831845335
122876485 122938870
58410707 58489230
167585244 167639281
677327897 677367002
45667621 45726115
944716179 944722461
218599973 218604048
551020120 551102578
579199142 579203264
555748779 555832747
964493102 964501700
487759677 487780562
431763581 431783271
567678860 567700567
644930437 644984782
590845542 590868330
699308705 699347501
894344884 894384094
904570904 904639924
350307172 350405773
32417037 32503612
913388113 913390635
491390731 491410039
554416001 554482539
708423806 708499757
363868619 363942668
197408206 197492300
694545453 694606655
677902474 677938599
95366868 95376733
449842388 449913146
2343154 2398596
636016274 636106114
120616932 120711204
644074145 644124592
921892789 921907231
184136527 184198426
436094349 436145718
142197462 142199501
598578119 598582457
569495244 569512739
902664602 902666797
257813723 257895630
128899367 128959174
61008495 61091805
813262766 813285734
990881463 990936681
208969847 209057996
967822497 967857174
301303803 301339104
234442969 234485707
862288362 862366332
409616605 409699209
698963775 698987877
689261750 689294922
358638224 358706634
730645666 730709178
966357184 966357954
87212522 87235938
11759643 11856084
801417995 801456693
870274679 870361439
999059221 999145434
153120067 153159161
174275053 174361250
941569879 941618892
230800403 230853858
640670351 640672785
628747652 628759452
994320967 994341442
239260704 239320805
391090987 391123578
9615290 9639229
591975017 592009917
611899923 611959083
434939579 435031882
63134699 63167458
655030693 655080071
696885499 696985251
481959020 481959121
141582701 141681558
315297820 315329577
403117712 403159426
142762145 142852547
331076150 331081659
377882582 377929095
238699132 238790673
820444286 820499981
274708456 274774154
809493138 809503514
751525130 751594964
875263361 875320983
848012137 848060269
836320817 836357306
729789753 729791886
260996106 261048549
888058628 888150600
292033365 292100215
587105229 587124480
127621129 127667303
938749176 938843135
611985115 612044330
535166850 535199457
555952121 556000545
296830806 296924169
429567320 429621206
163498832 163524730
136551103 136581358
459440741 459445780
409266882 409319735
866291876 866352641
648882598 648964509
567944560 567998005
304624645 304701363
79124205 79141159
400326611 400402827
333302287 333376598
876813920 876877438
978577184 978664554
971821678 971844509
144835362 144933469
54221505 54255135
199710882 199790159
563107636 563158355
198125654 198147384
441016864 441090747
665593878 665610762
11896665 11946975
447699749 447751936
78030378 78089847
611169501 611245970
438281470 438304660
203091604 203136792
404752715 404832705
633516846 633595597
705775099 705795327
631346991 631443623
647683722 647779931
588584039 588616539
231215530 231257554
806912296 806984759
788989626 789052208
928959882 929012287
596976715 597044187
498206872 498299949
531966288 532025394
655965039 655989588
399613352 399670215
13268555 13308022
130371635 130404018
273596878 273665716
185399330 185405734
561843260 561876221
961227425 961307118
873057837 873090215
102698732 102741642
214900911 214979964
566807042 566904827
203580792 203659369
90879143 90899428
135350239 135402990
10569408 10573253
4744890 4753607
310947975 310986968
53333127 53418635
706763027 706854568
500804305 500856590
157618963 157699827
777793559 777891469
72304458 72344430
795848028 795933496
710103026 710132757
915801994 915806419
934923322 934960579
785001037 785074965
75931766 75960304
322679822 322695316
17912889 17939645
554680203 554755558
532260418 532302545
163537044 163620350
905826305 905897552
504741676 504759030
35618183 35695704
658093743 658164542
466840114 466924581
351355158 351443155
412042451 412081396
171550550 171647843
843858326 843945768
748714553 748732305
318741838 318743327
353804928 353886335
761734945 761820007
162491137 162498427
556831984 556855925
250753341 250797491
892978282 893008708
33264779 33339520
520205644 520261563
459676548 459756323
859422538 859435948
668281076 668315289
599898819 599980142
430225557 430241955
982875020 982949520
888288906 888360367
989149202 989153653
696896016 696944516
431964443 432034429
141421017 141421583
91456029 91518139
707468896 707516672
264145747 264228054
2983016 3041811
661088902 661142444
439203518 439216692
564994654 565051096
614041754 614085428
515709503 515729549
813569521 813654933
982851641 982947657
689294234 689332295
912223254 912224136
332452044 332484538
854057129 854097415
526941508 526975276
129403043 129496212
175413762 175455442
242169920 242179429
705070917 705096368
517717364 517803934
664294871 664336257
913131762 913184808
104081162 104082831
55651824 55716863
526339635 526404630
210935822 211020018
182061804 182071409
532929258 532975083
66689973 66719564
449944766 449956060
813433877 813509322
817971316 818058249
192563393 192569290
157424246 157515343
358120745 358202274
799090310 799166834
641689837 641784502
76217047 76294483
212897187 212964773
519990881 520016228
225450563 225510807
43287667 43312555
320264957 320360871
197405810 197444336
914596234 914636934
295345217 295404010
307746385 307818469
653837603 653837615
837229493 837265005
529765212 529821738
27565844 27624031
805083471 805153535
446658128 446674994
831577467 831607023
338457639 338466249
991069055 991069729
742844895 742906556
444033967 444076088
81836665 81935894
653158031 653167376
844420203 844481967
676323071 676327543
986680846 986771032
598464103 598510933
96452534 96515884
746332730 746364043
705888557 705910376
927581924 927652469
636825007 636870504
84242563 84277689
377608424 377658694
206787283 206820811
39770754 39850055
873964702 873974320
599517725 599564127
546409482 546409673
369703436 369748829
584769502 584866756
84883287 84978828
790924775 790937285
344629187 344688418
279787093 279822647
771282955 771364109
421336947 421424645
392716146 392748767
646690369 646777717
125598974 125651190
50348837 50433590
528170310 528232281
2891417 2898047
306077032 306078515
631180025 631212247
958057650 958059302
769684435 769725262
342451929 342492792
125874394 125945118
296665658 296668067
817267323 817299914
648762306 648855609
586189701 586209311
191352683 191363357
863580379 863651110
25913302 26002559
224418605 224495750
410833977 410885575
825648885 825669899
823753435 823850221
785318610 785323841
256138322 256205660
399160005 399231307
595586259 595638602
734968443 735004973
674677118 674768000
798588119 798590877
708746345 708804648
573569473 573640316
13365484 13385349
420629921 420672087
169058334 169138037
749272633 749316929
97219827 97269915
303315481 303406190
469578825 469671794
644581339 644608425
930882232 930908935
775644153 775675182
367805751 367900233
448312638 448329960
214842361 214849635
203875083 203954369
502965098 503004418
283088922 283091631
540239828 540306312
966370552 966377555
818284805 818341429
523322450 523328030
542872186 542966537
649741700 649814890
518582861 518588440
640573830 640595875
44051620 44140684
768411231 768426630
643692332 643783990
660494733 660506878
580734759 580829510
882964456 883055257
675599937 675636919
929487529 929516674
84676105 84688148
214417818 214507046
919293572 919312612
870543563 870594655
406488935 406502077
103346052 103389999
576721617 576757751
594364236 594408605
602237322 602243489
368197053 368218419
859361214 859413557
258738308 258762750
706672010 706687648
119656052 119733909
704586994 704639853
34733994 34772696
488361228 488450848
721807645 721828477
157560938 157563310
336660421 336690029
644910480 644972135
728126405 728127324
511153501 511216076
292741557 292789184
763610970 763647476
318113064 318176012
779976256 780067774
848212383 848219816
927222462 927292170
728959132 729048119
829546712 829564746
986268233 986352195
961428437 961454218
85822313 85880482
806074127 806082454
310607155 310658326
800901714 800911339
883554515 883635464
614497013 614541441
782966815 782998781
619097080 619132771
452286408 452350099
863188027 863238816
438273567 438290904
937139974 937193379
193060906 193093438
350809554 350901714
814910050 814985577
403648460 403648824
390092645 390123066
14613019 14631090
804275903 804326283
79105181 79202157
574044471 574083951
17656481 17673487
401547548 401611271
872903266 872976080
974115721 974174497
6375515 6403838
973722259 973773150
555056443 555109041
51989168 52032507
996568081 996574875
422378602 422409602
44592452 44644387
424997474 425028762
465974650 465975747
398320183 398325953
138797991 138893796
570051497 570135524
94199394 94284195
679987146 680043368
285595879 285596930
669847722 669919159
631111457 631127276
11756387 11784746
629901694 629907436
636047284 636062786
177069484 177077179
864892695 864989791
254753404 254837172
30937179 30955944
391740160 391757889
25024070 25103803
281634233 281678663
169736666 169826917
214781638 214841941
812796933 812845565
610340302 610401577
747446507 747524817
393706871 393737184
920699382 920714077
616841166 616926267
885171102 885195570
421361157 421366618
53192086 53273781
769451793 769521713
462120224 462125860
142859142 142919890
374539267 374603886
317049930 317136646
345402048 345435837
871148490 871184320
676633973 676711376
147169416 147175163
342548088 342585553
802264040 802337026
649586853 649623752
744624702 744662099
993993802 994036975
241730484 241797829
97241216 97257516
598544434 598546570
677124900 677198440
129681831 129775989
588436302 588514322
417996581 418042176
675652564 675698491
568430894 568458598
304291481 304328574
818286899 818330176
427496252 427549487
168470372 168492376
641150534 641240427
398352510 398372094
132443879 132508540
661995133 662060020
56192055 56233330
750987216 751040615
407899679 407901262
252043437 252096966
110111071 110166122
902325878 902344168
332427162 332498172
454254200 454258196
480655111 480656486
318184805 318243645
927383023 927466955
165639026 165738349
452688876 452742105
17217918 17235100
211248322 211294633
858754004 858762247
392959953 393026010
392093935 392097497
76242387 76291469
213725921 213815168
4690137 4699031
473755379 473785578
729490252 729585389
681620306 681632125
454365071 454430221
868617742 868630049
339338270 339393746
57948332 57993796
565388748 565446425
614267952 614276058
400956334 400973236
192460426 192493936
324508535 324518373
224614789 224646941
634292168 634334950
330273044 330331023
608991600 609026380
60789252 60882268
403057094 403091726
785896253 785993946
392309683 392337706
104232221 104321352
871503078 871545005
745602677 745663959
626554808 626561941
342864987 342959711
494173582 494189719
614899200 614995583
85847712 85947127
690400724 690469500
684215146 684290589
570712137 570764286
466784800 466882265
322492160 322586336
434452834 434528953
230648419 230704739
354439734 354490635
950449107 950465237
594561966 594592775
209173804 209216045
766096611 766176208
531390697 531425280
673452238 673540129
600829596 600889890
425188957 425260646
7425539 7474594
737300692 737362127
52802358 52826703
260798337 260896129
745246590 745309278
910065955 910128090
860377361 860473180
95243242 95314292
284927280 284959309
918627666 918628450
865125276 865209476
107655062 107728943
199295704 199317193
27416312 27495411
386418967 386475654
524918996 524950702
233016875 233041734
913012188 913031018
741100072 741192671
648222654 648314222
514384595 514412475
844104931 844194403
143088364 143115933
607225056 607278124
310414273 310448231
42861764 42886150
932627645 932701134
989516854 989534336
345916685 345948152
819357965 819379444
875611924 875663670
863174951 863235269
403793562 403874475
922844832 922922655
700875109 700899598
277333882 277355554
471690544 471752594
986174087 986205120
667813146 667906091
171212056 171241395
774092750 774162863
931434729 931479051
699763520 699781961
50180357 50198270
255871037 255960954
195808517 195811361
617650280 617662591
269898092 269988367
142802 151356
454493262 454574114
202828617 202858496
817273630 817296593
554336068 554372625
314966144 314984272
228081895 228120814
531119971 531206458
75808441 75887694
634570294 634639143
160364195 160443901
9763308 9851476
518908724 518952162
880337609 880379694
925584449 925595473
352461851 352497074
740928626 740973466
136190970 136241958
61824924 61882932
347470858 347528061
610308420 610398824
654286534 654368105
74560682 74587125
591754292 591783277
133484474 133488335
4058932 4152861
893716417 893767974
846755407 846792677
263984684 264012661
723094929 723115210
197896047 197995448
464389002 464470977
778147508 778167241
980982297 980999112
529100384 529159288
501909254 501970447
234445010 234471717
80994747 81049033
952089883 952185039
543562503 543654233
36260167 36312390
431439223 431478380
783953139 784015811
30362354 30420413
3703348 3730524
599697364 599744748
56221065 56252266
406359893 406364422
359765872 359846398
336287286 336309499
669912818 669978803
854858358 854898235
145247252 145329851
308876810 308887927
781604722 781609650
687531046 687593033
849421482 849514289
319450186 319545597
57601686 57619024
964012774 964077794
290177266 290179692
725202546 725287482
932590038 932646967
508140620 508240053
393874147 393940514
179319690 179375793
486880829 486935912
147875836 147924497
611146626 611146944
903937453 903993775
891642144 891663103
14810549 14815794
263185142 263277756
434691461 434716484
864201380 864268012
711203345 711250116
681066645 681119538
948155017 948189407
441976873 442072416
76207508 76244566
615980553 616039250
286974459 287015755
638889920 638953582
693303150 693379985
224267921 224281617
561264846 561293366
630366539 630458157
826861362 826936170
729490679 729554171
803761910 803837187
900485910 900556910
760281649 760318061
904212535 904290937
847819529 847829673
276689804 276768283
981287080 981379626
543405815 543461816
36917065 36994303
794668618 794749912
954281678 954322965
873883682 873924784
15253620 15290595
641255139 641347178
859461280 859548029
222841319 222860053
884275842 884330492
832233178 832290394
318470593 318498968
136965418 136982692
800261457 800290612
634020498 634054218
959053631 959103571
108908855 108925995
108280750 108301322
771591987 771663822
628916168 629008429
945451252 945521201
864986638 865071955
80133173 80219751
930959864 930973539
353845501 353926231
309577633 309651346
364464740 364494622
270022266 270024401
4384912 4476637
78634632 78658547
735573274 735632313
469157942 469255108
750558193 750579604
147608004 147633316
876839511 876917051
570215471 570307641
982924971 982964842
534409591 534448936
185354672 185438162
173533220 173577917
427018183 427111917
495097146 495194995
541182759 541273997
527953677 527962094
909722114 909789406
831453319 831519011
565169914 565188441
976024260 976041138
220148797 220207813
564637437 564721712
586301924 586386981
518701991 518709569
354149886 354236035
586966919 587004947
72362185 72413033
560661324 560667809
412767481 412858908
82715671 82811523
214671602 214763079
776676811 776710290
617975516 618059722
397368100 397420636
328508459 328569741
802722296 802797657
643663544 643733862
933984038 934019561
420278662 420281874
808568763 808657820
348501479 348569023
459970961 460060968
476551084 476632812
289201113 289275480
832197547 832248249
207015005 207103908
581513487 581545134
3980685 4062068
921356446 921414744
165533725 165560114
424097377 424113018
54433654 54504827
63730847 63806074
944953953 944972396
447944517 447955485
412522033 412574564
142172514 142173486
106253684 106308564
346444433 346491138
967300040 967341807
786467460 786526393
734851529 734917926
436317169 436353579
354918890 354984330
714585584 714654101
427990502 428032770
351949238 352047753
814593189 814640175
953984702 954049391
378026991 378040082
184842392 184875785
504938143 504994629
294846466 294847216
7353617 7360473
414909754 414978407
479329976 479374224
559440441 559494827
867966319 868035913
918947020 918964426
312641556 312731117
61729243 61776090
76548248 76602607
410829214 410875470
274184267 274226878
114365722 114385895
188039131 188072776
925108958 925148613
279185875 279194882
826609653 826676801
632142326 632222493
507138389 507177201
5302432 5321270
860792502 860818942
216456600 216525975
436514589 436584636
457199926 457202153
550355696 550386286
898182240 898223958
881093466 881155064
931216530 931222022
784035295 784043622
486013453 486016059
263228241 263281746
208290739 208296714
946929574 947011129
320296157 320331256
165230512 165258321
550501575 550585853
441535783 441543748
186142240 186148168
856108975 856199898
357324681 357420537
52088656 52159508
656553956 656650410
574101952 574131226
32638306 32718092
834146087 834182523
801771163 801780229
228268030 228303304
717231001 717306812
13009441 13085972
826950850 827007639
685015124 685023803
884411612 884491226
510704245 510782414
520540297 520615776
942358632 942422462
144879413 144915162
361459462 361479498
596182986 596218209
117591776 117619268
389315748 389366767
654330632 654366061
565461184 565462912
320859944 320901596
981800503 981806040
498257752 498284576
380037473 380136238
826860668 826910167
807230588 807321199
528434502 528473713
547006415 547008272
615293690 615335878
535008358 535092273
686290977 686320177
615293993 615326921
726741310 726743780
953773887 953818030
627578454 627660759
817405678 817477572
48487381 48505778
706372967 706429616
1170123 1192220
770116692 770197563
269481986 269517411
157989166 158074452
936209393 936215199
860529750 860560325
96661752 96708122
978552000 978621527
644743965 644843935
150229418 150272951
558973371 559010120
655545337 655547639
503202486 503227549
906650445 906691363
164889013 164894370
244123442 244136074
605076465 605173996
472466267 472553429
493745499 493807256
306770994 306840802
468995799 469056129
389311064 389390974
392237509 392252410
704703228 704743699
71611803 71679107
965674059 965729812
792221833 792256870
976088671 976178683
561224269 561318856
170689421 170715828
3965917 4031566
560474157 560573066
777291141 777308068
900975758 901055237
343597385 343681453
558345447 558397409
747680119 747747530
865415402 865451638
113839384 113914168
451277189 451298053
262736640 262821405
822972735 823001543
180727140 180783418
33423400 33519978
690228124 690275388
775855314 775927225
404525652 404619557
668630388 668729576
300594969 300616694
493112299 493167348
900486752 900549741
314107655 314175335
225257040 225269972
911935939 911994064
206662873 206754597
2671296 2721621
432562399 432586228
905620035 905697415
229390375 229476516
689601604 689690915
92826879 92875577
99077073 99146493
991410451 991422291
503304708 503375603
537571781 537591387
316647587 316666813
951715346 951765348
884042458 884089882
882296130 882340680
604652399 604693348
444872135 444953775
589225883 589303704
897621920 897624988
451410152 451430175
252937673 252955174
494101846 494196865
155060901 155089746
701973086 702035183
127825866 127884890
670738389 670804265
621988060 621991596
162676582 162699030
244812050 244873854
729403184 729478316
60788845 60793553
760670305 760770302
460005257 460046723
884679582 884715330
937291891 937385538
582132175 582214448
684792001 684850725
59730990 59818953
954096906 954169283
301257560 301318642
479563332 479639475
346776484 346868663
278625365 278634619
673364868 673423218
451743874 451808939
337112192 337153333
217459614 217537386
563533342 563543487
878903995 878975383
580665526 580747357
736040046 736045262
905156752 905216054
804175683 804203226
496894333 496961729
71198655 71244890
626190692 626199186
344032888 344097653
646959695 646967308
598961481 599037638
324806842 324855286
547530767 547610528
818304652 818398003
673437464 673488662
180010955 180064038
887742068 887814149
225590886 225657147
283011015 283083170
549462079 549520183
441334646 441361564
563847201 563850197
924754297 924774686
18139985 18229802
514308007 514360252
85119337 85139121
255330790 255408605
428582025 428671319
116795399 116819046
122960934 123043719
844338240 844425784
647066078 647069730
678642238 678685982
792666015 792677578
587532232 587603906
107125379 107145655
996860107 996934435
694754655 694825437
561561333 561645688
415502175 415588115
841961746 842061678
105539641 105606586
823577253 823594793
875614277 875617758
696703831 696767854
7562191 7614855
416637565 416731317
816500253 816578371
39350408 39365930
50546742 50606339
629359157 629376453
235628419 235691471
836805412 836824645
632949009 633021733
154595764 154646571
594079079 594158600
959351359 959381633
240414769 240450801
972046740 972139335
549091046 549177915
998254486 998311720
710122316 710162135
652268031 652327554
989260067 989266126
260500943 260594509
339498723 339504522
451748017 451812352
352083844 352144169
548716955 548797458
444277539 444345509
840676056 840771687
928820233 928849762
205094266 205138611
380440939 380531447
478986627 478988367
859386451 859450262
474872187 474903137
794284492 794297804
822424132 822446521
901797471 901883743
965076929 965105506
107535290 107577614
353550537 353595137
678739715 678745313
731589220 731630940
472423094 472511715
971809682 971813973
383837363 383854007
691175622 691187893
563497143 563559854
663429973 663509076
725314595 725411477
239061838 239129547
294042538 294135719
882796169 882832890
282831675 282837536
334126591 334174779
546642852 546713290
224666067 224679787
81980092 82020904
68602871 68643316
953229255 953292615
55197049 55282430
987569987 987661942
109954091 110052729
163621480 163651210
695974304 696016602
913573660 913580112
213086324 213138831
575261633 575319825
122224928 122267435
674079234 674177545
422564607 422634576
646113933 646123718
798493028 798497940
625754532 625838270
470202904 470261931
663475999 663534511
577379805 577386810
938139331 938157960
249237774 249321505
324863979 324946235
286699379 286746193
457791634 457858793
313449429 313483954
442396350 442458351
616870019 616908482
26564074 26663857
249003443 249058921
779138454 779194458
320150230 320153068
71289646 71346270
233999677 234017335
658371231 658413083
515144640 515173297
814307019 814372373
543347637 543434395
223673969 223689570
381250537 381326860
534959079 535007059
486411508 486504100
984617494 984638488
645769764 645861948
718719784 718739092
711403766 711461331
250741721 250755413
546581788 546633366
600823275 600920667
223743428 223836577
40529314 40547233
606594194 606605824
355866743 355940040
395447040 395539475
710697685 710737571
689914514 689935968
882235154 882264878
243351931 243374876
322214785 322226644
403635940 403732460
400342801 400351842
590547490 590592967
673052297 673149142
273041260 273111717
265685514 265761940
464780359 464831355
25733285 25794439
977515252 977542424
322005627 322043853
853312462 853362834
908985845 909047573
761303338 761336710
417445276 417468435
780777200 780793235
370845636 370943024
678808314 678883327
383042986 383114391
304336489 304421726
88402322 88484519
522972582 523007675
795345985 795425908
123377845 123433511
68335098 68393026
3153993 3198122
14096002 14117179
963747544 963769248
82594982 82662304
713398764 713411091
434317284 434391280
592502979 592512391
693133016 693170592
956962022 956974983
244734296 244773599
899556349 899592192
716879784 716942635
415112849 415204475
954942171 954949849
757238597 757316035
273960435 274034157
218394426 218485390
522754862 522813812
309024558 309027944
790213860 790230698
635108981 635203218
922804408 922820842
575541228 575594322
309898557 309985647
683889701 683921338
216125325 216129084
871779315 871799181
456074388 456157543
373534240 373632427
31750706 31826091
779546238 779630886
628292008 628342402
759221556 759246089
125171515 125244631
956372935 956397657
446264411 446313840
485782154 485842406
132192956 132271571
801285082 801334569
446126710 446180956
467622490 467632709
1605955 1624247
336561786 336659646
423222120 423253645
298376580 298399373
871135032 871139236
144340189 144356967
143494332 143583468
750490102 750518962
288476710 288557152
631771542 631842874
42539324 42548810
965985784 966013147
778675451 778732824
454597289 454669868
236982555 237037734
524224538 524271473
662710205 662807247
17335994 17348287
509332633 509391923
659565446 659574906
351540744 351560369
682539782 682579685
296436681 296489583
129168599 129204559
315428507 315432034
662263984 662285507
226869570 226901724
834151436 834197372
67288298 67348319
326466318 326518151
974920702 974967953
466305670 466345932
150444644 150494045
873549236 873556124
118158489 118230525
412027060 412059348
525721452 525819967
137697390 137747147
234274669 234283384
609468370 609544989
839982638 840081000
383008202 383104549
971302449 971386709
409516741 409597002
680436295 680480186
382268223 382344592
813825022 813845725
686506269 686530217
521803741 521893566
471020080 471069315
913547977 913582411
871763264 871775412
320652120 320731793
48298195 48301646
232284598 232356370
347222742 347223068
192093081 192190462
860691707 860735554
368588798 368597128
782336194 782430829
223645672 223681204
836968387 837006208
993597302 993686870
274682465 274754467
428777535 428840596
151055978 151079646
572782300 572852548
245558116 245633177
852145 891558
503393775 503492739
258986887 259017483
70979361 71012482
993373794 993421137
296345583 296395125
785136202 785233056
747062857 747073827
401355420 401445419
517760172 517798499
623049042 623074991
159790935 159837807
99637865 99652868
279939915 280031231
839309279 839386397
491761337 491830279
555187465 555248618
633126953 633168479
229411667 229419994
143895449 143985654
8672862 8710810
14993741 15070178
345992536 346029946
261842917 261900696
532089656 532174936
467557361 467613057
101746250 101813600
208648628 208655414
749863778 749933029
863708439 863757457
539070425 539077189
64182427 64195522
776408389 776499709
575432794 575495765
261143429 261154672
335028764 335055782
625236759 625247810
348507042 348519114
69710448 69743239
245715035 245771807
516879006 516949112
442975196 442997588
677861093 677874710
859195052 859196990
521715301 521787195
83339806 83411738
489741809 489754565
48680569 48761197
720897372 720950508
677382709 677451457
343687047 343742523
323402772 323419664
355052582 355152326
487630738 487637669
436525602 436609792
588320242 588405662
899637353 899637655
153317341 153373416
882581569 882657354
704960582 704986525
262412963 262507530
77418933 77467730
282692545 282716034
758844218 758941611
210642308 210643912
434054101 434058458
56686948 56711156
209634863 209641972
198663157 198728982
463574299 463618240
694745236 694835857
359850837 359941982
20258162 20346673
350513277 350531379
180603031 180640820
795535798 795548326
102904878 102942794
846389170 846409277
29322278 29375194
439007575 439070542
39372167 39385681
338268506 338278388
274979435 275021347
792996284 793073463
608156420 608174989
20501292 20513803
923328074 923380739
455712014 455744763
220983217 221080235
557601416 557619852
138217410 138235195
915773528 915791437
298366390 298371287
33830549 33872429
249223189 249300143
140114400 140138543
713865691 713888773
50671530 50720347
405638961 405657290
703317049 703320658
102655932 102742867
793667217 793747689
813368384 813374461
913041736 913051636
122268903 122368278
223053274 223086832
573576866 573617072
224493551 224522863
618342232 618355475
206634199 206664061
689065600 689088448
390430996 390454791
555149383 555199038
125352608 125380747
169998959 170030844
786985545 787063888
272905421 272949401
893786805 893840771
729365886 729403020
357831517 357848064
232549218 232589101
199362146 199427761
429204469 429243582
829481744 829520797
654351049 654409077
459772803 459773456
186039346 186073911
626689236 626756345
461760990 461817273
207582943 207618021
186688954 186786659
58528342 58623983
869988383 870064843
382906258 382938701
469510152 469608503
487282360 487365808
719429524 719491594
671198563 671230349
297134330 297221083
615091298 615163407
683948029 684029961
387108839 387132085
667685374 667747227
891611042 891641458
382479056 382532110
896401754 896413828
359282971 359373196
190657505 190707791
434096846 434145465
874105436 874149020
604216585 604225280
287237827 287301781
820371612 820422742
169335584 169384046
845608416 845640698
936665199 936749031
548571494 548579435
665278108 665332707
447201781 447241122
112985973 113020917
507592684 507641112
235337896 235370561
434135058 434211291
749438713 749487324
170997635 171035455
942913834 942971707
834785617 834821111
991926928 991978546
466328476 466422806
341214469 341301884
250531071 250575382
223744527 223818084
623371785 623463371
740237366 740329079
994213365 994266806
136667802 136767665
680527220 680602795
592108780 592153225
803091954 803124702
165459293 165497257
217484230 217576908
810651684 810702574
530271854 530349500
161849986 161889021
110872170 110916572
509835246 509845968
168206196 168290208
491415741 491500265
749302294 749357128
211007145 211104787
671406909 671478613
999890112 999919552
347872560 347908140
228172807 228259230
307755020 307808868
588978276 589021337
537097783 537195967
460813379 460845669
718071166 718146893
28061387 28115515
842664268 842677542
422298769 422394548
578102496 578121779
317865266 317939389
505076253 505153617
686030276 686061257
661329522 661409269
807508347 807607820
586669983 586756134
82854171 82908603
103274109 103320573
923894848 923924288
723498853 723564402
89445288 89458593
422679992 422747530
704137005 704162792
745862088 745922631
94902133 94905964
262898308 262901339
533760050 533787342
508936232 508953377
407527532 407535257
506301857 506392446
178290718 178291252
102455175 102491072
575853611 575934030
454850228 454913402
594735329 594828598
20507383 20580251
962327620 962345962
415105893 415201827
295384759 295459974
223345200 223360644
141535182 141551237
306526419 306578617
841549820 841575571
635819714 635858754
840736866 840794803
426125807 426149917
347156546 347240753
298469255 298488150
803873197 803948977
892652729 892735676
176574462 176625397
904571628 904663711
318404981 318450132
806007114 806060259
220240357 220265426
641934318 641948590
493931430 493949609
803213869 803290557
924034912 924112066
677111434 677150831
12184992 12213203
424569982 424645042
281604337 281670611
908901581 908988737
85817576 85905102
117936900 117960693
689375674 689429887
754320679 754370915
771596547 771634838
608980151 609040466
94952259 95033579
440232016 440291195
721806761 721810114
442052973 442142355
954563775 954635957
240729042 240757675
352870829 352899754
644333516 644348057
35284751 35298498
418361395 418375477
182330232 182376095
843174275 843249146
29570739 29585628
430948539 431042704
265105261 265179669
645997398 646033064
785315016 785391707
36386265 36486066
809977792 809988449
209044028 209073706
248704170 248739845
291947019 291975258
511356700 511443979
450179202 450242383
705224457 705251343
736212307 736248173
572818823 572831982
302201255 302207231
886400277 886474117
585721107 585811725
284866066 284877681
782081762 782089899
76406146 76463053
530024523 530103232
232475983 232480925
79363941 79396847
975719628 975790985
97861794 97875391
429987108 429988475
303789239 303865044
702713346 702806457
633845760 633932650
706194013 706204897
828562611 828565877
51067852 51108688
704543412 704564587
959530101 959535168
161621906 161691327
603250965 603305653
916133484 916188141
994101980 994117587
434004656 434075998
35412408 35510449
77689213 77770589
646630665 646635850
264621313 264659584
155026264 155042254
907990567 908016857
276828850 276894641
961341130 961438480
353397017 353436649
594334595 594368823
953649355 953669794
64331867 64359331
342793673 342819558
80194702 80250469
65909932 66001075
513308032 513382150
720802689 720815294
521477174 521554727
107040611 107067535
988680745 988751989
410338581 410346283
85724841 85767299
845254335 845317322
106173783 106265782
948929724 948941050
849024504 849089452
124560633 124587278
941569644 941587370
840407941 840500403
104970141 105046552
732125677 732166236
994524188 994526315
145340361 145380136
973037964 973098773
718340692 718341257
173486582 173554839
596619707 596705586
94773719 94811642
98801043 98816671
142292276 142362219
493251831 493334669
321128214 321169779
146799231 146862746
748613214 748623056
829580506 829660142
228843118 228900284
511570179 511637036
395676434 395740772
408627910 408666520
923618006 923674197
201350528 201429853
77038394 77069700
594968649 594979095
40275218 40358731
536137579 536177119
659992800 660007376
706115507 706165177
131119155 131194862
307377982 307400176
267902440 267986512
162942208 162957802
374039143 374076363
941648559 941654836
81749503 81842563
254979960 254990761
987929729 987973706
233855589 233899039
55189435 55243301
640821972 640908933
465297930 465384686
199228610 199279537
71327924 71381208
588268259 588301456
874185572 874230713
361996126 362018044
347006489 347029493
813531145 813617127
533486596 533583537
334887063 334896901
2165309 2183519
679674908 679722525
303864320 303928095
773807006 773815527
759765442 759826593
626796234 626867381
641250089 641342467
658828370 658864536
558986139 559055046
982367938 982414979
457326856 457378031
649086625 649123631
544047343 544122082
641973370 642002325
62657456 62661471
396472975 396486865
634417214 634499615
752431231 752526976
365859402 365916116
484706065 484751661
712328947 712381624
223560797 223608720
390908237 390974411
318089247 318108337
914546473 914570621
481309963 481393607
777830352 777841680
489287766 489308222
418454667 418507648
143096531 143196201
701593800 701641199
434965957 435014055
27799533 27833480
411008592 411009640
511542358 511545315
712252506 712258121
89123910 89162454
922367227 922452937
988896194 988932168
119434017 119463179
5469253 5518808
546796602 546881574
452023094 452046692
279899811 279905123
845521529 845613337
549703534 549761872
835402644 835416093
941616596 941617271
3683345 3766992
872663070 872717053
439351615 439422590
643713656 643721389
721893612 721929257
863510654 863610229
107686219 107749902
145573193 145643487
151095447 151096458
506497318 506550749
180926067 180951256
538483880 538578267
119529669 119545623
377070584 377157040
173235109 173253460
246282525 246301246
592935478 592954888
194327188 194350125
597071746 597092066
304844433 304846160
575579346 575615748
505777985 505820812
930212822 930233210
564797692 564822938
384309225 384388655
634640765 634718818
319073389 319077577
1383869 1419642
99073557 99078671
779847825 779946301
595115811 595150936
485729796 485809140
861714079 861729261
244998923 245047817
955530204 955543545
756484459 756499593
264435446 264480932
716200656 716204550
886956564 886997776
208563524 208605295
837270243 837328308
996051871 996070958
176879621 176963918
569740950 569818552
140930757 140931761
849915680 849972917
310599478 310614900
686718671 686810449
713936096 713983202
525462480 525535425
43953474 44031960
815153519 815214384
562845642 562877134
31364696 31381425
994965938 995036776
18461505 18471046
25479496 25518831
109872416 109953951
308913843 309007205
353721022 353752819
323499395 323509514
658487666 658531303
935859432 935958923
135557399 135657291
548186646 548286386
973228998 973241530
998402636 998488592
282004346 282042084
504155048 504227881
440223841 440283366
309062669 309158714
948957939 949040359
138397631 138469800
39097790 39120766
91270684 91354775
547543249 547631610
596426568 596506554
239737188 239740147
413955271 413984371
811758204 811803340
534424799 534498101
689852717 689945827
26776418 26864720
244109289 244170193
599482034 599558736
830119369 830134496
716866969 716886094
104525419 104554507
884663831 884750425
666326694 666421772
971629987 971724192
477420812 477453657
999828728 999860127
882636511 882730948
432178354 432256508
618162780 618164582
342455450 342498958
593295614 593337972
369883245 369947862
842079705 842128475
636037933 636112928
328630554 328722026
824801062 824803796
584900730 585000288
298776562 298801017
618381406 618477950
711561 766494
647190187 647246539
608208946 608292522
52440411 52530782
320015135 320062228
959778212 959798296
558154519 558234177
860070031 860141233
460797183 460799120
405082191 405090931
781563500 781569854
417156536 417199995
451378108 451438362
258334487 258365097
485704002 485803112
293527111 293575773
476797391 476803058
89114506 89166814
341822918 341841780
476912483 476966796
100108623 100137809
449097560 449184577
601444428 601453487
320878001 320955039
965206188 965278519
62906470 62924822
384092859 384121689
681845686 681848373
549786162 549822909
208790471 208853243
776192887 776245116
661387608 661468058
172581465 172665371
658063738 658115875
317570922 317606227
323511951 323572223
830938733 831004125
923075731 923099370
346935263 346936463
570697818 570734779
725110871 725135013
258114953 258212464
151224299 151257137
186948009 186975874
323713330 323780477
5118980 5123163
294105041 294115529
487875211 487968199
135311908 135352254
118767591 118861983
355402113 355446941
264785282 264837491
644623687 644637845
351788060 351858129
362964007 363005338
492349166 492386101
908218649 908295321
996611241 996615016
412502316 412525138
895604142 895669546
604623578 604673232
16048474 16069728
298017489 298039056
396127640 396186908
65964382 65995730
819145719 819173624
237966137 238052273
155047144 155128486
853440301 853484596
725480666 725559281
312584128 312631162
194651280 194680410
910880393 910891216
345915066 345998957
577480205 577498464
564101797 564152506
243052008 243058050
300147499 300150154
978875036 978893363
649722111 649779139
421239642 421263736
971544197 971634658
662752783 662831439
97330269 97388285
169577801 169590805
521165231 521203962
168549881 168628556
149072469 149089643
28392744 28432333
93429353 93482735
498227721 498298707
996014925 996038103
971921608 971937235
385669380 385759099
258490376 258567754
189078350 189131581
410652273 410731457
225395650 225457889
921740647 921741297
425432708 425461714
135508256 135554781
806943035 806947363
231336425 231352300
900871029 900901258
629609385 629629950
536990823 536996742
324345573 324415256
837770968 837817931
8149630 8173872
162375273 162381183
448809963 448822444
720936490 721013173
52343781 52357707
618963008 618994382
690401984 690433903
227253619 227302597
664641015 664670598
525498942 525578136
523141589 523152698
648220964 648229064
2213702 2221322
693774286 693777128
197361395 197454291
624667819 624752758
366781205 366837604
106783640 106833026
157007785 157031930
903753832 903798464
404342096 404435884
770883944 770972682
301477675 301569428
528527305 528535693
552035096 552132085
395637588 395683975
643925238 643965753
2638572 2733874
482643785 482719724
667490610 667509305
243636854 243636916
306719360 306764466
780563393 780591862
146798146 146895520
251612944 251623803
413466574 413551888
673799431 673860868
499798047 499868102
825041255 825051147
305870200 305913651
404633664 404671626
473619085 473715281
309173063 309205184
476674680 476676365
840064818 840161824
126991159 127071761
317514400 317613614
378755735 378781401
727652457 727732972
750867234 750880920
987838937 987849460
719492928 719552089
535746975 535803062
451744840 451838098
459573422 459617985
62720822 62765990
189832340 189918695
505658736 505743685
962427821 962527392
448921233 448930002
134240941 134244415
841548925 841624357
171928587 172001172
92922198 93013987
695787915 695830010
511949457 512021212
58995729 59049047
711011291 711021014
855937129 856031680
671032358 671040206
167374517 167391825
264040072 264049149
724960881 724975808
419609273 419671986
672230652 672302361
729878857 729936765
25813192 25863836
675597843 675660473
679260985 679317029
219577812 219621761
264220420 264238179
162316070 162342078
734391465 734455205
132182114 132252782
381968328 382045107
166765379 166774766
933086689 933104785
406465823 406549154
554927743 555022176
305462246 305547066
550430935 550479122
444620463 444649387
978838980 978904252
89966735 89977631
307162097 307182050
650981778 651022616
206765234 206768062
42995194 42998985
801502803 801534895
487001911 487046037
829904866 829937065
611815503 611914114
577537806 577611810
974811399 974902742
159453509 159485398
754882391 754973787
78543765 78570921
153761150 153795184
469605022 469650187
643641875 643728213
672558716 672624541
914244672 914294493
408010532 408090828
224081095 224097717
514051496 514150451
574851985 574945519
276869382 276882920
527087788 527174179
594578317 594604755
860547563 860637087
533577000 533631098
367754980 367829708
76856654 76901327
961553822 961581388
987144435 987213090
149745158 149750564
101197568 101210461
836383929 836419947
716506780 716510756
874589687 874640522
863104232 863150514
175736606 175828400
459529593 459581094
314431459 314455575
462871399 462929742
929644213 929673092
935770873 935819213
68304647 68323587
523826833 523850830
300271755 300313164
370898583 370927499
867367036 867399661
525069355 525117253
722243014 722294428
337171431 337269915
414360037 414440463
503865874 503919710
279363689 279433018
473828119 473895138
315148778 315225938
457264222 457285160
176831027 176867555
874182513 874258241
309215170 309307990
394716243 394732013
23278962 23319179
436793882 436875865
148272789 148314064
6242265 6296434
621261073 621278062
609329827 609384721
351103958 351154169
573197608 573241361
922073938 922088338
153539203 153627306
58236121 58291395
822395677 822412242
806051348 806109978
940400317 940455091
763389561 763454074
192546728 192625015
248480008 248576962
343142852 343234885
23391364 23471828
473358718 473435305
834969743 834997991
276381823 276471584
942032055 942067352
930368026 930386178
78328639 78345809
617968512 617982963
323369996 323427286
932734319 932820400
398624538 398625111
199765871 199785184
845488046 845513721
314292188 314356863
495498654 495570758
920229769 920320153
917621404 917713055
717399298 717494971
750579047 750579867
308029141 308074347
529082656 529177427
609066840 609127611
921237782 921255732
401128806 401144039
927733266 927801391
312788206 312879710
703772538 703779346
492799685 492802861
218626496 218656666
697642338 697722419
568760811 568778369
100510003 100548356
486172634 486245445
730825510 730844387
831260068 831291921
207305046 207363335
692679092 692774924
945785011 945805467
744549246 744556600
994784022 994858391
750241428 750333593
289616289 289657794
68753065 68847145
990557911 990609647
524241199 524293655
822418910 822514573
478101838 478103379
424583449 424609288
437008782 437091376
235911495 235999432
150994689 151062876
457777489 457803764
4664655 4679444
72331127 72349257
948415590 948435454
29062574 29068998
957070444 957164822
725730325 725798220
313723656 313789635
985808656 985843839
135828540 135879357
877361720 877394898
830254571 830325762
218549677 218576494
808246350 808274205
454042040 454101201
725522076 725597608
409123196 409126203
848238398 848305181
178655186 178745802
580096911 580176243
435371900 435437275
777154633 777251635
685194877 685206123
748732917 748760029
409300283 409301427
914636179 914680163
687318239 687406999
271865605 271945112
985001905 985039397
956330883 956387882
941358133 941436697
142894408 142897558
603755635 603804194
984864864 984919824
300574412 300648895
767931864 767938680
122110890 122135505
156306033 156340316
667471886 667520330
819906844 819919110
975061483 975135398
999147327 999175528
401794646 401801189
885697597 885783199
955629083 955629203
83156238 83170431
965210136 965253626
313289430 313340746
117815720 117878005
370420116 370489663
768149749 768240310
960544590 960637453
689644824 689652691
580779824 580786219
232719721 232788393
787856332 787923123
619631786 619715531
813179169 813274623
789520089 789524772
306919711 306953172
685108889 685117820
65767893 65804836
65966225 66001869
259835090 259843463
374275212 374328384
413349886 413416598
364997557 365007499
737771850 737799844
895111822 895155099
205011870 205080348
681080247 681166038
110625281 110661253
553032433 553117070
233261266 233323829
333175966 333236008
343295427 343341599
542976037 542982583
211618404 211623918
670514618 670598395
12908795 12922310
990177217 990230081
554393971 554435621
409560759 409597700
480369204 480383621
522974827 523033915
589392845 589427221
38753165 38765121
995510502 995590220
39945088 39965374
954102561 954163194
848588711 848674833
110281316 110334374
963637900 963717371
565985718 566076671
599958121 600042773
755145684 755172450
519404179 519496156
110413630 110470769
100296964 100310950
392789405 392857033
996263845 996314867
455581409 455649221
453543326 453558114
91469330 91543878
613413941 613475548
887556863 887607376
470879520 470926215
621849498 621945947
765370460 765438790
216857873 216944905
213896048 213916998
444339294 444347902
511627667 511633131
772468292 772510347
928612220 928615902
357383647 357453943
222671897 222721040
203572125 203605625
382828761 382913123
578874106 578882885
631427251 631472835
453099742 453142623
472158255 472250738
161008845 161080336
396873790 396906154
391643071 391674452
265713640 265789466
704518080 704595841
827279121 827378878
546727713 546749091
303105147 303126017
416500500 416552953
708087800 708106416
101215572 101276931
972188972 972280775
517519754 517563683
600820902 600826580
71442309 71531611
354604182 354674886
874438089 874473175
997538946 997594694
459300570 459372405
520633149 520712416
933089107 933116373
4617588 4644117
6936450 6956324
846852780 846920340
366116319 366143125
169211291 169271850
191952296 192015079
809547419 809597784
461706302 461783966
601483985 601568835
238347677 238381107
340006560 340015687
685016512 685065137
870811194 870908011
762485957 762493983
176744903 176786838
135057312 135125189
397946637 397985936
457917712 457931671
256144513 256145093
863064875 863136227
501561699 501586661
982759607 982760611
574635345 574709310
991984648 992046502
134283913 134378555
904488018 904489064
686022853 686082711
821976984 822006313
596538618 596632338
906894284 906916163
519455070 519517345
503738144 503797898
987685558 987783456
811392745 811407944
129783792 129883401
538226709 538265047
150547787 150589605
137730655 137821527
786502751 786565762
700587789 700653844
989497876 989548986
213051357 213051501
837768549 837847526
66012063 66013193
475222427 475233299
157224640 157234233
51593244 51611799
769151313 769187838
151196040 151221398
316972106 317060598
311672240 311736316
232579277 232668119
55651033 55696751
793344209 793430540
519077362 519168030
711048084 711106678
504283985 504296298
813242686 813323826
895735458 895828757
969901391 969957385
129181373 129270221
622366327 622442685
677420300 677482525
116325355 116374665
391662987 391756019
654890063 654947015
375666832 375719099
432326979 432386651
436711889 436750686
43692620 43772215
654338257 654433079
731498898 731548395
562657008 562687749
209134166 209171859
836421995 836456863
17263380 17265670
660343984 660437491
393682606 393702574
173384473 173421377
148616244 148704648
407873572 407962983
765198335 765246115
210750463 210810612
670168441 670194694
745775496 745799391
136562916 136574483
622185513 622195467
816300465 816334331
261861195 261942954
755291929 755293671
492476734 492479520
388528937 388619807
305494488 305557172
721298838 721330721
452403329 452409892
818473705 818488650
359247099 359311697
846742958 846826915
630011407 630026388
88708282 88751373
39880775 39978453
753873078 753885685
47090260 47099336
426238382 426331291
889921576 889941420
449961186 449962355
32996092 33062142
35107823 35125459
430920206 430965905
601859191 601934141
770697312 770724698
718789234 718823530
906984875 907046312
976820587 976864662
641961632 642021364
927194362 927267279
986246734 986273382
236928708 236970474
310335417 310401950
537293625 537387176
222281728 222328673
528277329 528289029
644377168 644401665
115746097 115783281
612521417 612574229
506799338 506874067
98021549 98054599
412750544 412782325
962337361 962430538
542623237 542677392
680290934 680341704
915970249 916007426
728833045 728864511
872214492 872234909
24637806 24665026
98375408 98440270
743752264 743770445
877555023 877641190
437730349 437785830
391773126 391792296
836101486 836169440
152457406 152498088
421814526 421885138
357633982 357668568
921604883 921682510
968130423 968152240
773742895 773808177
719203604 719220452
311490627 311490970
42302950 42307457
740029411 740125702
725099233 725185456
151666296 151669022
586375085 586426351
713040617 713047123
92729088 92768960
715691545 715789362
404790266 404792556
343199611 343210886
632679040 632682198
600735292 600779584
300436570 300463895
884657512 884676287
532046879 532061893
430188639 430274059
217881772 217977407
61224814 61309351
747403765 747498857
212759219 212789952
343885411 343940568
907328749 907414661
976650053 976678505
409513770 409592187
765329199 765429159
894003874 894030190
871688876 871690563
96002353 96009984
61057708 61152393
40497534 40574780
56280443 56349430
881279397 881357410
632051990 632082766
70830990 70903479
476061985 476130279
122361528 122456833
3813398 3853994
916554510 916624201
48162560 48185300
565569164 565653535
247648853 247692884
750567341 750603869
69223021 69266944
583852627 583931289
811746865 811770421
671081440 671170955
54301654 54383134
794134179 794164341
53009488 53043896
758359280 758388198
680062139 680120268
447921129 447976795
95048123 95079901
827118817 827173538
422955609 422977943
573152204 573236444
26556362 26623451
847042343 847053137
150678756 150696727
724109060 724192316
460731187 460799334
71704290 71750007
915954939 916054690
614264695 614304423
837314397 837374542
960064202 960155613
275344572 275404603
909249067 909249558
936104162 936149708
978565967 978660052
236532420 236542074
889282376 889293947
39015343 39061068
731090035 731161926
227730919 227819307
837255457 837352671
262537278 262538375
925584735 925665066
464554816 464619985
998438788 998465370
649249037 649307740
664360436 664426476
311616963 311635249
101645222 101718321
627633816 627650173
802080894 802121320
150249575 150337035
453323855 453403338
249946179 250008356
438292693 438388828
927191477 927238136
695396891 695400664
813325187 813420670
111503589 111556744
872194552 872258230
458638937 458701713
740966807 740979691
546628125 546693038
514017645 514069829
933868714 933885133
706739067 706808637
582711970 582740380
439339766 439370724
464331274 464402676
564750192 564837329
715936933 715983796
26386985 26398491
782446102 782531921
425751796 425835667
173371748 173432027
992479345 992531973
184573605 184651216
170634009 170658137
456462912 456519569
467057660 467115837
552679869 552770457
552846811 552848279
611899667 611991318
738505209 738530731
480549142 480633498
426363607 426374831
424314330 424356911
181471044 181495589
590876838 590960833
646635665 646724267
957767693 957861295
577432247 577512096
725588 786380
312924792 313000917
626777510 626809209
868038114 868079794
607308994 607379178
114001826 114019597
347311290 347356038
668390203 668452675
515688401 515749331
163524359 163581223
346513740 346592811
897590038 897655051
408217232 408256080
26776473 26848438
900444855 900469492
979397451 979470464
396594605 396691868
571446570 571449800
340470409 340474253
992435606 992445101
986184637 986277775
312360952 312377310
830224364 830282143
117424883 117475678
353971277 354034565
592099952 592176330
202369193 202444122
75130801 75149030
633756029 633802230
931366409 931418377
376796271 376808437
573789591 573859437
473950920 473961443
696093047 696108009
903568249 903608668
564339511 564395680
42281596 42288947
937416833 937502225
387686272 387691986
4684518 4778681
647969968 647994038
281202525 281237885
638195468 638287744
685688236 685711954
561409134 561467751
602560432 602624825
375359489 375443304
497202093 497208620
672655611 672686140
689944027 689946211
831013283 831031803
633132508 633158222
19346520 19362707
109173086 109268911
941874014 941893666
364959908 365042958
14165618 14173982
691217014 691283491
420289420 420371414
38793135 38857807
295533528 295555931
613773008 613871868
24650666 24703292
710352841 710437138
645025424 645070596
160239713 160263458
174000876 174030638
913735044 913759821
438166450 438245713
226366906 226382513
680739347 680812852
16833364 16883754
180547742 180553228
14645927 14711264
686055154 686080788
21274005 21291845
872293080 872327379
843420302 843442947
971412652 971463101
699229551 699322689
454702326 454720531
278702972 278794952
864287211 864362475
484507003 484554646
256858396 256919944
851053161 851149470
681886552 681924338
26717496 26808891
868627566 868670379
531306928 531397418
98807536 98891685
818878651 818914970
327572358 327623611
712261598 712339922
394577133 394630612
728307628 728372645
274568855 274575370
773481842 773531706
582773536 582838148
847167085 847194385
388573222 388657887
326341155 326374337
400159634 400188322
273144808 273188102
777983498 777992095
301385801 301435716
703640609 703696857
962419975 962491930
576018658 576105515
883390229 883445127
380035703 380103089
213273741 213361069
802663164 802698248
544039773 544065765
844550454 844589340
602975115 603072294
919283670 919313639
710119644 710165936
703208697 703280398
460591776 460674349
171821373 171875964
893487413 893552232
231750332 231807241
420517057 420556342
555752874 555793925
258060505 258080724
31459063 31545964
871238459 871298847
507624622 507672453
563204337 563266072
4912821 4979392
967540306 967620123
312166485 312198428
170798072 170883328
438637698 438717663
602210972 602239604
705327275 705412319
270392082 270431505
261837363 261932889
462378529 462456788
741428202 741472402
930419392 930489591
34009445 34056111
25532712 25627616
848734469 848774525
342660291 342668100
387812085 387906553
34232063 34310167
187763577 187833309
288986794 289039340
497659026 497680678
786855574 786856648
54907528 54967544
211606308 211643056
184914801 185014175
648012228 648111645
210615559 210689896
49046809 49138159
501910480 501969048
244036309 244133080
526157496 526176093
906813989 906891360
337941215 337976558
681757573 681802840
716136735 716219165
736184335 736184963
259511714 259585407
993615041 993618787
68113501 68168776
147862053 147905973
600323252 600369280
118045760 118092206
41287038 41375720
142437498 142527824
748614868 748698234
5224364 5263673
368826759 368829795
706450849 706475097
603793998 603806347
334633658 334661147
368741931 368771682
949959098 949967583
149539129 149599946
640621265 640655976
828691060 828780685
737300459 737388584
735026019 735056499
885154285 885183619
805947165 806011584
666192957 666292367
354991663 355016317
84470578 84565154
778337658 778350840
119910474 119929118
256624948 256711039
378593678 378669190
31345200 31381215
933014280 933036152
430683223 430730143
198267042 198327430
877370600 877405229
159973712 160045980
466144752 466233311
408348488 408372498
865569439 865656974
369309222 369323773
742922742 742929442
562181776 562229418
532479507 532508795
567504460 567529684
594860708 594954413
726812702 726858590
374265162 374303508
367457545 367468064
278683318 278766146
812391968 812448512
43999572 44078691
884545461 884627488
86781613 86858238
249269501 249311992
100681534 100691810
511784511 511871748
968383148 968423052
369388693 369435549
335720941 335820006
734721943 734750769
739419171 739478646
750049068 750053165
991929457 991984230
145720142 145782258
200228129 200299409
907527731 907541842
446390055 446449776
214529688 214562122
474875053 474907845
413681853 413694367
905637890 905656293
908231046 908242433
717045593 717087204
891694626 891756968
402171933 402227400
772172620 772267243
818724360 818822293
179085302 179185055
456771901 456805630
948082016 948095321
186616146 186714877
455604710 455608478
551576310 551610067
564486546 564502082
548858166 548944019
474674893 474726307
171566508 171568359
632600842 632682295
63577072 63632633
613127985 613158662
90018511 90097614
893630305 893686861
258233773 258236418
848362993 848393779
991006966 991088030
641789327 641833371
79192371 79249496
799649496 799714255
63690400 63731133
360333624 360337883
764801530 764844775
774279071 774359752
882085406 882162762
579662627 579681350
985357080 985373470
981807545 981896305
755805594 755900435
449654093 449711859
244345007 244433704
863104832 863117934
186018670 186118362
231190616 231227369
839284525 839314561
888827004 888896606
987582453 987655337
569719512 569724556
331331460 331397269
369535009 369546865
706061153 706099394
698160783 698180740
61401186 61420225
396529993 396609660
876076856 876108614
430289001 430328032
393277039 393283095
922366787 922455854
155427067 155499547
188660977 188755658
255063540 255077574
264480329 264513799
142286492 142348277
388492555 388541194
474125109 474174733
500963127 500987350
651093986 651173892
68637205 68651650
771306918 771350334
314396543 314473938
26073527 26171633
306271505 306353912
277842291 277867730
961321184 961332336
559781642 559874343
218101953 218186744
321214817 321247419
468021128 468101743
399981886 400011381
982851196 982862279
951978039 951983038
736238982 736324595
918858571 918879121
713471849 713548560
519485938 519549331
127455659 127544553
689897190 689911242
344341759 344343830
438086917 438106195
733709195 733785813
123149911 123238142
502188486 502267779
135835919 135887015
969857276 969901806
868547459 868555878
976785048 976844282
229382889 229404087
546785453 546800074
903932675 903988691
151670952 151760777
659689472 659700401
798476584 798483607
785070927 785136912
525244213 525274175
880572380 880653455
167095480 167116024
105173253 105251071
590498849 590531118
426350888 426425233
966252310 966262209
844869714 844911954
475295669 475324221
729497396 729557756
467238191 467301636
122308152 122311679
385457063 385475008
606535331 606602682
732769359 732828502
523260052 523260181
474670032 474754373
313551421 313596806
913155855 913233825
795089814 795170915
902466584 902562135
86946413 86995324
927056615 927082371
60644610 60677942
294381403 294423058
54888010 54889367
868511653 868534929
6311887 6329049
833345770 833430469
405105319 405202628
866420115 866488370
262031460 262104921
530822799 530895538
658115488 658119973
952467364 952495289
799697241 799737832
684994889 685040269
945427274 945434521
182644562 182722478
339526145 339592075
429244463 429303785
817367114 817419098
50713791 50744953
696401042 696407272
292273188 292274304
649170321 649264540
846837680 846864644
293284532 293338021
735345748 735436159
493103293 493192346
373646776 373685783
671554361 671563380
576029696 576122887
776961069 776980232
257798550 257854120
581649741 581715931
103356530 103362383
81085733 81117661
891317925 891389944
714071368 714088691
479326098 479348711
76956109 76962462
935602303 935700652
336695455 336708580
261654107 261686163
301525258 301574449
64538795 64551975
585717643 585758342
171458407 171477924
3137483 3150399
252352313 252422492
706021687 706093371
181525693 181573097
854799679 854830619
186629880 186634013
827799366 827871479
794818130 794843950
735664891 735760732
82460537 82559138
721681612 721732303
561536783 561552716
777029187 777112703
441388038 441417171
445963550 445964735
255077060 255147508
607029508 607118210
716791829 716880987
92292087 92377089
753137285 753200054
263639060 263735828
408425205 408503879
13561750 13622811
804325154 804392038
636203800 636296394
328840457 328925394
521937249 521993402
517696817 517720959
49577858 49583461
24840763 24887109
138943860 138954450
275929276 276020863
770164282 770177353
838102022 838108623
508834631 508835790
490433737 490448698
465683552 465715199
288830383 288903866
392113169 392116785
853040475 853126224
720794143 720864022
899741821 899821337
344285661 344299319
193599260 193627663
492608918 492609760
568102114 568150783
86894675 86909110
947203989 947280554
809037464 809048016
668099110 668133822
857433884 857518109
326344709 326392132
278680786 278728414
451310578 451389944
507462143 507480725
662321836 662373666
369492974 369537333
418206657 418221716
644287848 644312236
486962881 487018952
535277800 535288057
253754591 253812157
479046938 479143193
734820939 734836187
738840227 738939219
725559179 725624850
537381943 537436374
805396086 805414616
908876659 908932451
258253884 258330516
380507688 380560221
114409077 114426703
796915313 796967968
821318437 821368465
991779466 991837219
584011182 584039856
27122080 27170873
390258355 390323160
222772686 222832818
105705141 105730779
584620857 584689638
513063229 513161198
307622220 307628320
178105056 178200665
150098218 150126716
738080015 738165904
996034405 996128435
817573669 817611509
716418659 716468569
73924480 73964055
319029495 319080742
951062905 951112878
188880588 188945369
455548847 455575690
781169981 781198609
911043 949953
730119469 730133946
76899644 76959555
446779625 446792308
734651803 734690888
186955400 187037479
720418839 720432244
402216455 402240778
317313888 317380913
243486230 243501002
645281780 645333788
571084899 571181516
452580253 452607413
952597039 952651521
281247214 281310024
29219903 29252705
416931956 416973007
404916285 404986887
607068483 607119274
636895586 636962501
968938244 969001557
995329319 995332183
232412077 232461545
591853451 591926686
836884791 836915112
3210393 3214104
298826584 298897532
236104362 236168119
733270549 733349632
988415979 988499957
244638483 244691117
782689612 782719368
740984128 740994451
821957782 822002939
619176585 619200326
801891836 801910838
836943479 837036140
637651379 637666271
710087627 710172018
180031242 180094492
61902389 61952630
354152858 354231280
239502626 239539348
69163934 69169660
974788824 974823457
53557785 53607215
797604198 797694060
155857858 155933750
101133403 101144146
583273847 583333048
182899975 182916790
551434054 551454617
301469997 301532888
133226882 133294856
206780716 206783393
93957898 94028215
122634962 122693466
747886206 747962672
829655319 829707811
700083563 700090566
910514077 910577052
359344678 359433433
481250646 481319567
658012585 658108150
848319019 848414332
559032683 559118689
270630544 270706114
512243896 512281234
624526139 624606657
481890704 481972530
644532257 644539713
339005882 339027015
998427943 998445615
114305785 114370054
133400417 133414885
299745070 299816673
916618291 916671929
848822372 848866380
448296799 448343454
554892299 554989000
101920457 101992926
665517055 665587118
711793751 711807122
957118262 957119496
464574335 464584424
528835042 528862733
678435781 678525528
917142967 917235579
336492518 336545784
925104351 925136235
101697194 101750663
214873195 214885532
180563600 180641769
494993208 495041249
894215458 894261648
481714224 481737556
799772748 799871484
444977661 444991209
449417224 449495433
327586062 327665859
440793272 440821836
523989827 524063300
544512278 544521589
95219382 95294612
901062874 901090565
564311165 564401571
762922925 763000255
696074881 696151003
952472837 952549547
57500991 57552367
569514031 569535880
749149017 749155225
122222579 122249735
690418078 690419778
536431847 536441922
457433604 457498322
373725524 373750235
853994768 854084326
746902699 746925210
123393630 123444620
238159583 238250161
208810527 208865786
988833760 988849559
861495739 861527469
82551138 82612769
659191828 659260888
353715173 353750269
621047654 621052456
809937390 809943342
333367080 333457421
646447648 646455026
260567732 260630152
722150841 722172251
645723207 645770034
805021918 805060697
398971883 399039502
833787287 833830922
540652791 540682271
366947371 367038446
452150502 452181228
730233005 730311347
984695634 984772442
588580930 588680349
892134541 892150750
164442052 164505207
913337035 913373533
786535084 786563636
648278756 648361609
165492770 165511841
977938343 977980569
834507540 834552370
113646329 113703732
868358608 868394303
74882591 74961261
752224743 752321706
197843502 197885796
598773697 598782449
675759721 675856591
905210239 905243540
893429894 893494583
931628134 931683312
964252690 964276218
971310764 971324697
879287700 879379872
195632706 195725331
201723464 201776656
870909950 870914842
130474972 130566227
581968070 582019866
250472797 250547698
642349010 642383236
384407626 384441470
104870088 104897340
776667404 776740131
270249137 270290863
250991636 251003933
337102611 337153679
233676337 233683248
647582010 647613777
9316811 9378454
641899836 641952258
559759259 559845961
791217136 791261396
832332520 832414016
49544013 49629291
630440296 630496480
747070388 747157106
328408066 328455562
946964359 947040289
578080406 578141331
145611587 145694115
298033261 298128863
34478330 34552046
804509987 804590109
649991422 650014470
754430555 754444660
494890024 494953392
682954729 682979395
352855224 352940533
816510520 816522703
449400734 449453224
545699513 545707951
71449522 71476549
231705571 231787059
505161747 505186928
460412262 460471615
30905353 30968035
743470204 743488041
129948401 130011162
705300551 705330221
758719317 758757818
12031453 12124036
987715387 987739014
328167622 328185003
698422076 698444575
694001564 694023943
789173702 789209141
100993598 101083821
662208123 662276964
944419328 944513942
246460385 246468424
442161188 442249493
979642009 979674205
198457010 198553154
251994837 252051707
335728204 335768646
968286870 968288760
101086941 101158281
107243224 107328266
849225273 849265906
311588366 311623553
180598962 180637829
816880487 816952937
936963386 936998874
166753550 166841290
717424055 717428095
168944599 169035449
300122211 300154278
868130829 868229650
394982062 394983022
749156816 749235581
330337034 330394604
441686640 441732652
753285439 753297349
126717996 126805593
790100698 790168168
457195710 457281873
69928122 69972210
447243997 447279907
8659059 8739366
861899652 861975144
306024103 306037610
331710315 331775195
377477173 377502392
666790630 666861298
665764210 665856837
69743427 69768662
501929317 501934420
343510404 343551174
892084063 892167463
144133874 144173207
900623186 900665757
100221667 100311370
680148557 680230293
59917524 59984184
976351769 976375242
413974177 413984151
716612328 716621582
29164295 29248575
214355377 214397099
411598375 411640256
661964951 661999970
194603463 194701682
620523128 620600937
188364801 188369420
680938413 680961286
259697265 259760217
410417471 410510680
409744903 409801629
626083847 626170875
454650778 454729415
186046233 186068238
611868984 611914463
250963145 250993517
576877953 576928249
100148466 100223005
268487364 268499537
896321382 896329958
671209441 671280452
840133774 840232668
206023765 206103566
726716299 726718428
897406198 897487609
851530461 851560673
841214062 841254111
136168242 136205001
701910407 701993104
921981037 922000541
315740351 315740640
406461429 406517088
723001425 723024714
550171664 550269271
201670907 201706318
440353882 440378959
216436018 216475328
724288062 724355878
578529899 578609134
247038098 247069311
276332045 276359399
507493145 507541764
110088188 110184864
565658084 565708056
468344697 468424952
273161867 273257767
40031768 40098318
466710198 466757643
871808980 871846725
188686365 188723626
267457666 267553016
603464381 603487528
412015168 412096462
143399056 143471734
354087234 354132261
22359121 22418073
288824272 288851038
365099941 365102787
620212314 620257848
175115711 175215211
915434434 915507762
680324505 680393064
866467402 866548859
400739353 400819147
292035653 292098516
905731291 905814071
929461860 929462943
267081115 267155737
458401861 458481167
938047172 938102478
304276135 304318964
224980353 225022653
645254104 645266704
901413624 901475271
434712540 434755550
48105326 48139224
491673711 491690043
861750572 861822590
561603140 561629540
4864289 4869222
818215023 818292607
857028192 857105355
365311618 365347528
146430725 146502878
546168164 546227845
227919454 227955469
305803750 305900688
783537156 783617179
692623829 692676516
716145000 716194453
554421010 554477848
461386307 461445286
632479947 632550581
656368209 656444151
277255287 277315185
17610561 17664115
752474211 752488170
491318575 491410363
916280309 916364520
23889708 23946493
627325137 627331886
91271843 91306035
667035780 667093493
975156226 975166979
86751443 86754893
814666750 814694917
857297815 857366445
279935186 280029011
481069499 481082951
361552865 361604270
515862560 515909549
449716716 449773357
781571976 781614679
55317 140858
363683343 363693380
582848040 582943457
542436315 542491677
21477842 21567787
102995382 103045761
527631129 527717924
314102957 314137136
604489928 604584720
733462952 733486637
219483775 219521011
745492775 745519971
395069737 395149783
953044494 953128336
467010400 467085830
555256497 555299445
20021570 20058040
348112611 348212157
976386825 976389006
693329066 693372992
839172011 839225615
438654121 438746843
619134721 619164780
520198442 520243421
333790545 333796517
145722248 145815563
804651333 804685975
967700215 967723539
854059387 854132918
466684177 466693628
506407638 506499783
576663129 576740177
180193887 180237290
860644116 860702536
133543031 133582440
35747571 35764618
354805543 354812844
925784860 925874316
922628879 922660431
578658039 578700471
935544043 935636544
526672882 526728959
799473996 799496597
811286994 811336329
939034879 939074313
552077496 552086848
675582258 675636165
816678525 816777600
267757020 267824824
694523088 694560775
615222108 615254155
814691870 814789998
437231853 437305160
932193007 932199793
720666725 720717236
210305599 210347946
549915726 549961706
237012088 237014572
773191198 773202285
23338491 23348907
912845782 912864303
471667883 471739878
620736162 620785625
645407079 645450787
90257839 90337845
696345359 696372674
1646890 1746386
315621981 315706222
988551877 988617900
923046865 923095214
158301477 158394291
525838800 525899050
376108295 376177001
403778292 403877774
509864314 509870707
957276883 957305226
415850822 415893755
445553352 445572578
55410982 55436450
802469456 802524829
231533041 231566298
326465386 326554516
301999461 302027155
675241896 675319902
277202534 277255352
546180292 546258641
405358971 405456910
793226267 793320473
262642788 262673280
112690923 112761338
77244239 77332617
161640251 161665965
238746839 238795439
472171979 472261060
452774308 452785945
511936255 512029849
904318440 904415799
968704490 968710758
481565908 481594723
900008759 900025017
951237337 951295861
323682852 323719545
930275920 930322756
494977891 495038388
951487671 951543771
185821044 185909545
443966941 443984755
416745164 416777278
421350588 421408850
577869350 577910397
747990466 747995859
547007301 547087813
968223971 968296621
982291356 982370715
524399338 524464337
284505193 284570178
830413941 830463006
658499804 658535537
734587946 734625545
698000086 698031469
306295291 306361147
765429893 765473709
148538572 148615569
380256642 380281580
479023200 479121492
493594605 493627865
942936026 942939631
808782525 808813986
511313927 511364953
500074797 500129834
598689074 598751376
302142953 302146233
284690208 284709908
24188595 24251512
452314206 452375449
380847085 380857639
330847110 330925331
477978491 478024463
214449061 214488127
94775843 94785809
340472854 340571733
505930559 505957783
699801244 699828502
63774865 63856391
631747336 631754963
846931431 846935668
690791506 690885567
49941122 50015961
913867896 913904303
792931318 792935709
855030011 855083625
400076911 400129134
383399210 383494365
543571747 543591410
260026075 260123706
311927084 312021765
282814531 282859542
262171421 262240278
859519811 859563528
702972470 703058614
453834625 453882527
264142429 264187250
193588551 193614803
928699904 928788618
139729973 139783925
461534283 461538464
677850879 677940472
982926465 983014429
818933929 818935696
925244336 925249162
279418113 279479247
31034525 31109318
791200100 791210413
75311805 75319661
789857674 789889855
875027376 875067703
628046958 628145717
714762928 714810334
885269889 885325125
83533496 83543807
644252655 644343021
821824012 821902374
538872596 538947006
635192769 635289186
428532743 428573947
86274942 86286315
588000960 588014304
733201681 733243399
539429016 539457202
804099224 804157921
845631194 845667460
431421973 431477861
82142091 82182981
784010024 784050187
505070797 505129607
456394196 456406387
548388626 548472884
820462015 820546938
438476085 438543079
522762788 522850466
64344 101132
773681671 773742169
787136143 787212631
441961521 442013937
720711272 720796587
921806719 921856972
587938169 587957471
760391524 760472017
16989506 17086549
400359612 400452938
142987228 143035576
433916321 433961291
644673400 644750231
402575068 402577267
565597871 565682007
664457396 664466283
296595818 296689971
176170179 176262111
249828001 249918658
248632825 248633299
783826166 783849822
616597902 616690226
199647059 199712121
453992074 454029531
918441609 918443883
338814661 338851131
899984521 900047591
730583717 730615433
669093336 669163464
453474494 453497397
982071950 982092341
72032329 72065540
58835840 58882313
72190582 72218931
940244151 940255717
571159915 571210843
403830476 403834701
331063584 331127096
330206024 330265147
931594364 931626298
228936822 229009143
634346025 634357860
272011491 272070970
787302226 787399305
537238907 537283417
180023141 180057371
488774976 488814197
928511805 928551448
888643566 888660370
2859112 2883751
351451123 351530515
281809577 281846543
110715242 110717430
998604627 998702447
938194071 938282178
178760246 178854881
242590654 242656787
516309652 516394212
242300926 242347765
88139946 88210368
983307722 983405728
732247471 732339180
810441201 810494454
444120877 444161522
993931848 993996978
514393186 514432829
102555271 102581982
96822063 96848744
986417889 986465923
81985409 82051664
724041303 724065932
9301481 9320009
381545031 381612418
401459238 401484876
287264315 287319157
829407611 829449329
573927597 573937891
375016990 375044521
667868236 667937341
833030595 833101108
391572065 391655650
180160490 180251424
127697300 127761389
590963169 591042116
352045964 352091018
941482978 941564586
866220986 866302235
62154450 62230123
561045640 561085432
757934826 758023617
852178575 852188534
984270923 984293312
594853574 594902741
354648416 354695734
867208728 867276732
901409710 901424207
404574960 404635347
370614696 370714036
666615069 666638376
230996421 231066943
220690471 220703199
630927112 630955993
333986301 334056096
818410962 818485928
98461971 98533764
957271546 957365457
821873530 821878911
786343655 786350928
210537146 210606991
69826132 69859975
930020007 930070494
203021597 203055560
136510459 136602679
651439486 651462168
334746255 334766832
110376728 110467055
653120819 653169313
616578295 616639023
799468230 799499971
819403468 819410287
902390328 902467350
789743047 789756365
186174894 186183193
552988226 553029435
166148276 166210166
971309762 971335085
316960020 316971906
93583075 93621836
777098180 777150816
94619281 94645056
267854115 267865106
356847519 356931552
382636984 382684491
210214170 210221245
67400710 67442749
239935149 239940260
203806198 203813917
868085215 868125495
318721536 318722882
482947871 483005668
572115331 572126859
721252399 721345750
107168313 107174533
662110978 662208024
437299714 437346974
659182324 659254287
325428778 325515764
824691589 824732597
343346851 343406701
436773725 436870905
901309847 901402636
464027099 464058213
804568031 804608064
349541965 349581756
128504725 128577911
796697612 796721699
641706635 641784101
105527908 105546437
436593786 436674248
920934399 921012774
286582420 286627148
163961350 163968569
447724620 447764832
734907476 734918229
663705212 663801386
862957092 862970590
24597092 24652058
112358004 112449070
803387645 803437773
687964107 688013985
740905178 740985900
100162338 100164602
63214863 63313660
953684895 953776950
780299104 780368106
683381095 683398451
171838739 171925791
268498504 268516068
859059825 859156826
132604857 132657876
575039461 575057994
448183313 448249303
993270486 993286994
163149661 163239710
89892241 89975186
870323808 870389242
382079907 382163536
431760650 431782998
698343956 698393899
897281074 897362114
610401558 610451557
156777689 156781684
568093326 568118696
677989786 678025306
533187276 533262372
858597195 858690049
92717920 92815668
4168499 4169957
370722983 370797525
247384271 247402510
710869393 710952512
680056967 680140008
377629685 377694209
139056278 139155902
142452492 142524748
673555318 673615070
52781191 52873395
216076309 216097006
156516400 156520399
50064782 50149375
709752113 709812839
980185622 980220662
600067875 600112388
661086303 661150967
789217493 789234378
272825588 272850672
597538506 597599203
131100258 131119231
655047173 655093003
94889047 94927745
359356821 359381236
967406561 967500569
871236315 871242174
355604686 355693408
549454789 549539006
24769110 24861712
998308963 998328286
980892695 980975501
554059843 554112198
17110715 17160536
47156400 47194154
593154395 593158155
186296903 186320749
281478637 281480314
449370650 449417655
909672332 909711711
951774290 951836826
282920246 282979380
863979514 864031830
743662896 743742456
366216173 366221634
770964994 771040960
25011506 25045215
934826116 934837052
681358254 681424141
782411034 782487636
542303462 542346779
467777330 467828729
738531118 738565143
219298577 219303201
100683004 100733982
353506845 353589028
903014330 903060785
463228518 463246153
236821900 236889379
600075651 600140157
569988464 570055135
995086015 995152921
475450203 475545625
944971688 945021616
373226993 373282774
748673952 748754345
669413951 669445101
79530865 79557867
418064414 418150791
56335813 56390430
694876670 694893445
950314215 950332310
905535758 905613298
24728380 24739939
104890525 104985804
932154096 932179463
597013957 597064052
9794149 9830777
517537545 517614763
297527636 297614853
808781262 808839880
969106528 969116967
809241996 809317680
660779310 660781332
230123335 230190043
17906064 17933238
353552017 353567910
815966459 816060966
784128190 784161791
920022672 920090968
630139803 630182094
783673320 783705550
601423724 601445809
771223779 771298430
311222214 311262590
78831808 78909026
763750314 763849075
131034347 131068376
493493288 493567129
784987950 784994213
388358749 388389336
330310347 330368085
137595514 137669019
257019953 257097093
384836631 384848818
789647519 789701107
509202863 509231051
686770338 686777717
880547182 880621159
355817797 355913311
237364240 237380768
705993817 706089520
422885914 422950589
8403679 8476633
274714160 274781077
815119497 815187271
433804693 433886848
567709348 567807418
827020351 827074598
896266423 896309904
408019579 408109858
709560308 709579871
636730173 636752036
394664498 394751469
711276402 711346499
712481064 712505388
936987493 937008314
564291201 564312796
769769967 769840290
967516705 967516917
816190410 816204931
565800022 565828640
165638001 165670176
401060410 401087892
44811985 44869236
964518415 964585256
552160162 552205100
458588596 458658743
781139745 781178808
731764020 731819386
520720187 520773862
686269852 686334761
539428383 539430805
655854223 655906551
299082069 299124530
860829732 860902040
234946399 235009266
288622680 288718896
301427698 301503004
349453338 349528684
509967119 510010992
157366852 157377253
248089135 248135982
683091325 683117627
87145898 87208495
346149901 346195071
734094814 734187760
354069622 354148226
674855580 674876374
991885946 991951869
751640984 751722597
524570895 524606880
577081516 577174386
491080119 491116352
93400066 93489960
69116768 69209273
683021680 683059840
565393090 565443654
734336563 734357075
460143854 460202019
347066146 347165842
129171496 129269564
699987026 700002469
848158262 848239147
664451451 664516073
455696872 455730581
359322523 359351886
287999913 288080277
436217455 436264064
845174794 845216514
77246574 77293523
836068779 836152839
467969208 468009930
952108977 952123604
656461422 656514284
473090340 473159728
643012179 643068117
255102635 255197351
8521509 8528040
607442086 607469159
376843019 376939541
541506049 541530126
65525688 65540140
425204529 425229652
898854636 898859570
92193071 92292503
790712224 790755122
618053520 618115832
700302657 700386452
166680994 166703611
989952121 989988924
155245364 155261913
562990246 563027047
815318522 815389491
850274999 850372662
230818526 230858544
829243703 829330580
644462414 644484355
514963740 515013754
440459436 440531958
52419938 52494351
674771058 674839203
822800018 822833316
468037536 468123376
745346306 745352770
88919422 89002492
938713088 938779431
36062760 36098752
8704457 8731194
211027924 211067248
594368478 594369135
77298097 77341829
934656827 934685555
470979210 471077220
259857140 259906257
853152858 853221931
428564635 428617096
801946435 802010133
112020126 112065467
350357670 350391908
292665118 292719753
945699388 945701456
370494952 370527071
628966342 628986559
958310533 958362038
43919167 43999784
956200319 956257653
520287754 520322793
802878197 802931006
679670047 679761865
147946721 148011703
146064345 146070647
675519335 675562951
804647951 804674980
424222220 424313547
915435799 915474979
670069531 670144686
67609777 67623813
643494332 643584887
164451086 164544226
569851549 569897297
438911327 438969582
793372662 793454784
993733838 993823335
164887952 164953660
391304548 391401262
45713208 45735584
91795596 91842444
344652149 344746869
951407069 951492136
900258333 900344364
233547398 233620416
264033270 264035841
723248462 723313622
487466702 487511291
939257656 939299603
589508469 589526657
95928966 95949770
414762151 414786058
447519474 447553530
233586223 233665829
398122543 398174666
512918429 513002492
549754205 549789201
309851142 309949235
424583294 424583626
478685950 478759505
654456710 654459643
892482946 892545926
891351746 891396756
88246628 88333962
838889363 838963102
748362992 748437640
107433142 107512723
542102655 542111132
489717357 489780701
402271249 402319789
73574595 73594673
614810201 614899014
738726203 738762555
320979374 320991954
851977033 852017249
648556509 648578164
364055618 364082620
721752427 721765575
461112019 461148142
665625990 665696966
190957484 191025644
815330243 815418450
815994350 816026402
555499523 555583946
361146735 361233631
612424236 612486610
292179434 292237103
477752067 477809002
376351832 376401540
837660316 837702160
625292387 625297198
516908764 516911221
388313090 388355839
325335588 325430653
657942883 657977398
696474230 696567077
225750827 225834536
896944199 896984297
239074098 239130710
576646026 576707729
705708989 705773559
109359090 109403168
923228354 923282163
859748394 859822277
187605603 187624067
779454950 779455301
891279188 891355507
285219633 285299914
921910174 921917222
522780076 522833150
745105527 745137115
320467011 320481764
371272240 371299832
386484788 386562611
498015272 498076433
134206305 134212984
712954013 712960271
117885943 117902074
357583830 357668169
270863328 270923929
488395934 488425913
823022843 823060558
659880446 659914896
258118876 258205805
77048014 77134425
281765897 281856892
576126506 576189913
143335812 143358481
378384053 378431932
502831595 502897195
361600240 361652838
273334269 273347883
239713698 239758605
290300589 290385545
785151007 785234091
523769109 523809613
102253162 102304740
573342956 573386053
940099850 940184877
401678824 401740113
229777179 229858388
714243754 714284921
162831498 162862666
924173263 924192212
575962281 576010348
400376095 400421908
593443888 593446202
895489776 895578139
805173975 805250269
843699457 843744548
521821791 521919681
641887857 641927364
894281308 894345245
388829155 388894899
104927181 105012853
438928655 438981406
47578908 47599275
845480236 845549823
830445270 830479676
674384849 674468772
126226714 126252066
440818931 440840905
255911507 255939479
796355151 796451629
703516796 703600431
324218161 324276363
2019663 2059062
19588153 19649104
109266104 109299085
429976876 430054589
477373085 477456133
769139831 769152417
273251640 273347262
529032641 529120386
633365098 633429211
773485234 773576137
263664707 263702829
133665346 133738219
375057454 375150993
342890573 342965534
365121230 365126701
556414665 556508103
232735798 232801245
304299651 304348523
766527817 766580564
39813931 39830009
495509827 495513157
205045498 205125254
885456508 885507404
108204128 108206658
83572632 83632941
373591936 373672647
727787048 727791143
707653295 707658448
813873212 813886957
470652648 470750914
37866456 37916686
493934037 494009113
848876258 848960958
289599251 289674569
35909752 35973831
583037551 583094237
752402145 752480446
191231246 191300584
335652862 335693995
730041439 730054267
427208012 427300239
167606581 167620979
804512999 804560862
620945818 620976797
713589993 713662041
827479605 827556332
455503305 455561655
431434021 431522738
268421144 268467405
212538392 212594549
522705078 522736556
395152475 395240793
854251421 854298089
755088496 755157596
638174536 638227951
48828886 48892987
62054679 62114246
137532507 137549919
573355009 573425570
230208899 230244301
836541953 836553144
229384746 229414956
859901261 859946535
880761249 880775205
808829922 808855331
657228527 657229485
79897839 79933505
203540138 203546316
648111659 648173014
977937818 977978436
177133568 177198121
682097607 682138208
659799861 659829577
464085460 464138569
913824979 913913109
990939232 990968726
336777226 336840113
764791379 764886692
609645075 609699345
474195992 474204192
745718080 745753212
558517601 558520531
210471875 210564097
824251379 824338878
11815335 11902393
55350946 55410752
723212802 723307294
245164580 245212318
831268800 831351230
469174612 469222422
602068340 602088443
418578816 418582118
551544844 551567665
912466635 912511555
194857017 194944756
445689353 445720455
963067773 963163385
505598771 505676274
283915098 284007837
835804670 835813624
151924223 151990622
927695054 927763617
419124621 419180873
626285652 626299243
94983900 95000449
721789811 721806644
210586614 210608405
81130687 81165271
672831310 672917513
178661256 178703497
930651970 930672820
864473854 864523349
88700059 88714242
628762664 628826789
847953358 848037495
586858129 586932527
865466781 865486016
905059000 905102667
869743735 869824829
928944355 928984481
423391898 423491280
814732842 814774585
484799743 484834360
675573615 675656075
292968725 293018211
982166202 982215001
751690652 751718803
194200673 194249797
737060198 737101752
300823845 300861386
992711180 992721196
117440976 117509235
104749673 104839790
571577982 571665241
912682373 912773637
367873466 367884651
229597323 229647399
989309630 989368632
201412748 201479754
19639059 19729126
363061557 363080482
62211193 62238204
593367852 593452796
690918765 690989528
107661176 107751618
636849180 636877543
477341760 477436431
460462889 460530128
323097753 323110824
576661459 576698089
925517499 925582597
86190530 86224632
410171354 410259272
144503201 144524935
29958781 29968546
280284707 280371461
560737567 560769527
212951211 212983053
347509227 347544219
64064827 64077600
119498988 119523182
475577319 475599469
581648804 581675944
978627921 978678930
12259900 12285538
1738851 1805457
517203525 517255285
987986643 988024796
503276564 503339860
49617477 49713463
615264755 615266141
452891279 452977971
714051336 714114666
467604469 467618679
583539043 583570139
832664891 832725844
405033079 405052004
795065665 795144794
400695256 400695595
518813636 518868827
702448013 702511292
739854158 739862767
683445927 683500458
199223964 199236260
535783912 535803217
44878805 44915760
585833703 585902327
907908269 907975922
423861585 423935106
52963104 53049189
321912487 321925985
537948812 537999922
873942528 874017804
238768340 238774202
242867742 242955729
173769309 173820050
907258836 907297814
702593652 702636711
854532354 854584863
275632325 275712903
461064446 461125692
320523334 320537646
632243160 632323491
89458319 89510916
39733784 39776108
770865071 770954815
808239296 808269534
654151548 654240904
21939941 21990654
842487295 842520086
854789410 854864007
35637879 35711877
772361966 772454982
806045994 806109767
692749155 692751183
246389450 246428558
140325588 140369667
874402433 874489204
122935563 123027991
640146674 640205739
733018896 733025854
132481302 132553695
74250666 74347318
927043307 927092297
599849352 599924571
107203508 107228128
426389360 426460772
152687711 152763678
420112061 420172951
11569188 11629792
297718559 297741517
126557327 126600858
990283593 990315916
71924274 72002703
267327585 267411159
967793820 967845984
782355658 782373818
838548183 838592870
184546479 184599109
854580714 854581166
150963468 150986305
121420441 121475943
613521876 613618211
997744789 997843976
26933660 27005803
760036337 760103190
489084667 489132750
851120012 851156234
552331781 552333153
152003776 152082876
249006114 249032196
829683109 829731351
585443106 585473357
811754549 811820542
888581582 888620648
206291716 206381166
901079940 901161409
685883028 685893866
4575998 4629509
388788775 388847579
256960471 257003237
914058202 914069273
515415383 515456212
363001974 363035230
405210603 405285827
233723697 233814172
758081522 758126763
131122932 131126340
940685682 940707037
788560979 788571660
326694745 326700917
974255533 974267124
161643050 161714233
262576565 262601390
93179911 93254800
354784757 354832945
551073529 551156732
625891293 625983900
517748676 517822898
620825311 620826876
236810586 236855003
867611451 867710852
925912121 925991145
487259523 487272626
529120555 529185167
87451877 87515570
750823495 750827012
206422125 206426406
370870088 370923934
537211316 537270548
974479417 974486886
959121720 959196842
325842831 325852493
139124162 139157409
977186797 977278371
410155253 410155884
354291430 354303649
421079032 421112242
580755413 580785804
816866455 816949633
677742353 677815135
634148327 634190370
224233695 224265031
481270450 481320937
599808902 599842833
123805985 123905083
598452695 598512143
820300122 820353038
491242358 491303279
929505446 929592902
467703891 467711840
10082373 10133200
300449408 300478826
333036064 333078610
704433763 704527402
999889647 999966603
857960619 858054464
488602475 488691122
681850091 681937686
904128317 904158881
904905101 904915591
686177667 686277618
507256171 507355826
253761947 253767794
244433689 244463285
190102849 190137478
622925004 622980081
803606476 803701184
778778944 778838083
357911424 358010375
536734079 536768686
932309739 932354341
124887333 124887376
324479056 324550208
301620687 301690592
922113646 922119307
629909212 629948989
752595857 752653370
778851291 778879763
905913077 905928422
581325221 581337376
369837972 369888700
20974168 21018852
907446611 907484558
174158708 174222101
55259447 55319087
638180055 638256559
956704427 956751598
877921858 877997844
771074443 771113620
861942251 862004815
444052965 444068349
112942798 112956889
55002408 55065863
618615243 618677196
421126592 421166789
946087696 946146623
388756097 388794099
723284212 723381623
376983553 377038385
366597469 366657938
160908861 160975936
606958746 607018504
162887371 162909184
415968822 416058361
619135866 619163403
317874061 317940503
362767277 362802452
730466821 730470063
814123692 814150329
622738059 622739425
653753155 653819671
276833320 276923142
408264108 408333370
921561995 921607723
796333102 796387741
12249011 12305880
406901009 406995849
633650216 633745757
641516850 641540705
990171353 990256544
770762721 770816163
72670133 72698771
557704688 557722018
439984049 440055859
511485321 511489748
670869311 670927358
948277168 948334933
956028205 956088003
471407952 471486090
402207830 402269223
43894791 43993996
702500403 702527289
611499269 611573325
958937471 958990722
154957147 155006463
239252357 239317501
502979173 503056409
197286769 197384474
867472894 867572352
990847009 990905211
74903247 74991076
843235829 843247023
59242764 59300148
815280769 815312012
383959761 383975910
139604093 139676694
641103254 641158232
185103715 185128283
709409274 709413532
436869717 436940449
967448052 967533663
983855333 983877344
308614476 308640916
176054417 176084804
206794474 206884182
833562755 833594456
55711888 55730645
231579405 231660248
632849071 632879190
270831157 270867848
407039662 407042619
845569641 845622219
874450336 874543184
955197497 955201106
896057376 896106902
607736561 607770455
759906363 759936060
730199142 730199445
428236850 428317063
369141527 369227297
140139137 140164137
366171220 366228584
577335662 577387015
346946056 346964482
642941235 642981281
97006089 97023986
543150489 543195530
260318076 260381305
768157534 768163899
35440208 35490349
925013419 925048141
272524696 272594304
951100371 951173206
361133470 361171123
570917179 570979947
837381589 837426238
263505836 263519813
125034990 125110836
678337659 678436415
821056754 821124949
841064931 841066217
274797453 274819306
388812650 388858534
333953248 333972014
568446743 568447590
347874612 347907063
476812652 476866418
816186193 816225867
141747015 141794878
357578936 357582851
515043106 515116131
923031244 923086855
591254392 591323865
684555118 684613659
584498292 584550313
29434510 29523474
193731218 193736729
245548527 245643175
633606173 633623221
181230224 181246260
267475998 267485850
984678349 984741334
36703349 36715543
667257628 667351618
970197661 970240395
601491547 601544145
445286846 445314221
635511831 635587419
710637925 710655190
579762155 579824018
607587856 607656602
834014168 834077612
171239874 171307953
533717363 533743969
887304124 887395831
81914328 81947306
860538333 860558978
864969658 865010253
609223875 609271362
855990796 856044365
186488707 186564241
877713238 877728063
508834927 508922291
620018749 620070169
332548063 332587440
123324899 123380882
8957120 8987851
209055506 209155153
196227710 196298739
597760542 597826938
7118090 7179826
4820118 4822659
348087126 348097426
753319895 753325312
191982290 192051375
523629760 523670684
363435163 363524918
85134853 85154523
22765715 22785001
731331585 731352454
784499961 784592146
704464369 704562955
3893877 3904661
776485521 776549629
387462220 387501222
393605858 393641456
71750905 71803118
295737248 295806694
535033969 535115170
147627775 147714093
928666806 928758056
73176350 73183632
932484364 932519631
435714489 435768891
141313055 141374196
343101281 343186509
794269858 794272206
837431590 837444393
381727800 381750229
435674804 435764057
730730634 730805497
480302423 480335567
296111085 296133474
886091105 886097764
246758529 246853073
427610172 427617434
516772030 516842096
975545607 975590389
313913415 314009746
582883878 582908604
216534203 216535959
615108993 615157813
545126493 545191166
152212272 152243456
739587442 739660239
232107967 232160121
574353853 574446550
691773347 691774719
457676725 457683145
854291507 854303032
928173160 928207189
360318746 360377130
638252247 638272371
246015722 246033362
430931168 430994794
81043141 81078255
796208139 796295127
570720610 570765469
537050887 537143122
107076773 107158164
681039881 681100214
7481109 7493647
391897069 391902874
775635532 775649539
607197001 607253662
532953308 533033171
909484358 909547717
718665525 718682858
29752081 29833009
138648605 138694533
79042383 79117286
140333563 140339622
127944997 128018706
166148029 166220081
777198580 777293066
378850075 378866634
255845761 255875494
757022319 757041901
606773699 606832677
903851373 903851865
892645294 892680507
617776407 617861269
913750695 913776609
809548558 809611030
628665727 628710353
542798899 542820071
637147442 637160961
369013930 369084123
678210562 678259315
981921424 981963723
870325826 870342196
83027443 83083720
904431908 904459566
861218558 861297773
693556088 693614236
89423283 89460301
645900774 645922385
20827652 20888817
358894827 358955054
325025868 325117093
922571212 922585722
850099000 850139603
982194917 982218972
321077501 321151071
870485379 870546688
887690123 887721348
625802391 625856399
170135811 170186337
139893582 139938911
645630361 645640812
555265685 555337174
255265590 255356437
75258431 75281738
322529668 322615276
617514043 617575625
781273065 781331987
253010546 253110125
992142029 992226671
466265153 466357989
847615797 847676233
515413748 515436273
946899090 946997591
276899739 276938677
205373896 205457174
328260705 328286599
676097190 676142097
923340601 923380487
668550205 668610818
557156072 557221007
176942899 177022015
930944474 930993809
388590565 388653028
118452671 118496916
970666452 970719681
808187581 808280774
914194103 914234393
239230170 239298135
930449893 930538544
695343873 695349511
896486198 896506736
658615338 658690227
50331916 50431911
865522594 865552268
290136461 290206446
695005253 695007713
687954347 687993253
134605410 134643816
505625357 505701534
927867549 927922437
54293390 54375505
32825556 32920059
53514537 53588937
308250309 308251553
645756371 645764998
449844358 449935978
380466090 380529389
244871677 244934314
445817245 445833950
309220321 309242314
435421160 435471223
745738207 745829155
894737659 894755803
135174163 135222132
280997218 281075062
165130452 165134785
237107717 237161797
839548124 839626715
247958006 247964960
639341065 639440742
90761870 90855958
288224594 288307108
62972171 62985312
728823641 728867169
159245019 159306199
259552189 259566441
763156035 763170932
807606463 807666772
197940734 197964626
425203859 425244589
978654118 978662747
277696119 277760521
930164817 930207843
452157160 452232078
846065080 846066751
943606478 943607989
680896642 680905264
560174718 560209570
135155873 135235877
855971089 856000289
233461156 233504405
655862375 655931514
791306642 791342412
481439114 481479245
175646884 175667583
617625490 617696100
684372398 684404165
895569515 895669348
695119753 695219627
346863626 346944427
448025536 448115241
446073692 446164596
516791389 516853867
856041059 856051862
378936041 378968704
926687071 926765076
21345007 21367134
178417333 178473862
825866399 825887833
796452140 796491619
499261285 499356784
836844770 836875740
432378701 432421227
11379275 11384873
772775112 772801693
153813016 153892330
604267134 604269218
617025054 617030027
755024113 755107496
59702322 59758988
322781818 322841231
436561135 436569990
928427264 928511796
334754203 334793670
156389404 156448598
540347837 540411917
267812193 267908865
757701919 757744503
341556087 341590141
707229411 707236292
767079633 767116876
189017333 189101390
266915362 266931739
430089808 430170974
529042598 529121070
154198191 154293103
757341743 757440038
65675584 65771884
464788414 464846463
390503529 390538610
613003868 613033312
667838217 667863967
328325575 328355879
734342656 734417966
429760349 429837352
20642389 20678720
343022631 343050420
793862134 793950198
633469011 633493027
849527899 849618194
372330306 372353181
551242041 551303489
599079126 599170079
238834639 238878467
490349545 490375515
266416788 266483759
105879524 105908533
264433958 264436540
516901348 516931815
297677952 297722568
266880796 266963250
964377150 964466176
223543839 223550455
194120184 194150331
454300802 454341464
108953506 108976931
163774656 163813076
814060565 814122910
272191501 272194338
680259508 680334227
578460869 578509931
204953071 205046733
879321329 879381444
168880832 168888037
259552951 259583118
372417418 372423293
348103516 348113035
429240240 429246558
134769091 134801668
882078248 882095559
350741595 350754157
879237335 879241050
523420891 523513782
96394549 96442474
382783304 382825807
573723250 573788610
58131291 58208330
286445481 286528588
749755715 749762574
293542591 293562499
163544419 163629306
878127168 878217225
724887033 724926244
366026739 366078286
328080120 328089454
84499439 84577261
666417674 666438157
398718714 398767508
918962941 918974424
141300031 141342072
249720370 249787308
859835682 859840348
522175793 522243541
80925466 81002325
97853427 97886126
882933108 883029153
951255833 951301087
970038401 970041196
375054281 375148063
797707007 797736265
783000444 783090699
332924799 333004916
272653510 272753399
73424224 73505027
765524890 765586553
118192329 118236000
743036351 743101522
921615699 921714849
337218241 337265158
532766694 532782590
960071726 960123150
464117063 464147291
186484949 186552443
678393963 678479107
141155092 141191487
439782722 439814970
18736179 18792617
129197565 129295212
440789630 440807211
907715439 907725196
720857649 720945417
936955954 937026268
705591320 705639120
957538591 957632455
464474154 464505277
339240933 339258159
9940846 9940948
491990047 492047171
78552321 78593303
44598454 44636356
165187382 165194557
337576162 337655738
603847723 603934169
413833307 413898971
868308911 868355901
716877957 716963434
451000460 451078533
478236644 478297014
941955543 941965681
328642243 328667127
736413609 736441891
743813587 743868960
25746915 25813131
45132431 45230101
821908435 821986143
40739923 40754250
47385648 47395957
984042128 984079422
821724415 821823284
448392236 448488277
103129663 103136224
786708679 786737063
644133120 644152624
521400636 521467935
563118528 563184174
598362098 598374965
577616179 577694023
222397748 222402764
301772547 301823762
704850981 704866000
414328767 414360628
595779172 595847724
122279518 122332948
545735907 545797922
759910216 759980426
787975214 788021393
95128140 95197273
877569419 877659211
379268303 379323415
999614651 999692755
49119314 49165258
673999030 674003642
709569787 709647279
409964781 410008569
429775619 429875070
597864105 597934400
814608646 814629659
408229691 408292427
189082936 189151619
36802334 36803911
514502084 514522543
767226818 767290818
168140443 168140676
777391710 777475376
594826938 594841653
722874740 722962397
928573904 928611966
480422796 480443026
678898633 678923951
491882626 491910254
377640259 377695306
303565996 303568322
500481817 500549420
239740916 239836226
777850861 777944174
838666015 838669788
572806127 572835218
53383080 53435554
648175471 648233595
949518420 949586634
816296170 816374606
627052650 627135070
611703174 611751832
110853329 110937418
274129771 274175211
305002393 305082028
589081296 589108090
442012377 442072861
957454252 957464664
279400832 279451627
516261483 516296013
605911066 605915696
466843094 466892760
565706460 565773976
776549150 776603920
482582934 482631769
73420434 73493990
362523469 362623459
527661912 527675148
90195475 90251179
326763228 326809670
462897965 462903921
376984617 377072283
652427139 652475039
881570822 881623536
222509601 222549404
267301365 267399734
95997703 96063735
52414193 52496221
704182553 704240080
224958653 225035799
157356483 157358614
772835526 772839770
144635938 144681747
568284276 568329641
460122252 460165674
814349140 814377180
257941156 258002724
755383659 755446157
517662704 517694418
19787476 19876213
214815879 214828911
406441492 406506390
738211279 738284314
516503488 516517679
635550652 635571740
901566533 901621018
115675480 115724131
304052874 304124637
515918469 516006720
165032979 165034633
914950356 914963922
154164973 154199396
713808912 713816459
148708633 148757779
878390084 878428105
361867373 361909480
25528300 25614570
62066023 62110863
317599303 317676617
33662562 33729053
799267436 799361798
39167974 39255243
605145053 605221881
986127354 986199518
905090312 905117678
609915949 609980958
431066098 431148818
492039671 492070723
558805730 558872577
513581854 513599563
332705736 332755217
104578928 104630273
230376802 230378531
217108323 217145299
267072490 267141454
235964428 236052411
63822119 63825724
32114179 32190236
85327987 85366136
239875676 239916685
168994595 169075216
329867878 329948941
242692929 242695257
527978826 528069481
766511556 766547992
114199522 114256890
610034463 610108702
691294306 691348410
337253608 337289191
443790696 443889603
416059856 416079859
549739328 549820488
533145847 533236705
209005373 209052458
107133761 107202164
650296101 650345593
168322186 168341228
361661757 361682100
485698123 485741024
678429144 678482126
59793243 59793791
178169832 178186530
268233273 268238170
139199119 139228539
962759421 962797035
41825428 41874224
410428839 410526299
502616151 502675345
916025792 916039173
198054041 198101152
84624287 84710703
396170516 396238498
605442225 605538770
46686181 46720574
109831955 109899665
913583144 913665593
178243041 178309474
947643399 947644969
361651541 361660644
443259677 443312440
463165462 463171157
761967873 762038949
860108115 860123157
912466577 912490130
233549461 233625367
136461556 136525493
566081410 566153936
315586556 315622655
521746371 521829587
659504426 659508836
626746552 626819543
409758541 409783930
446981755 446992621
350453257 350471678
508562079 508613317
656591953 656634284
890269180 890341487
870067577 870104520
325071171 325110877
166744343 166746285
155421582 155442563
858182491 858216508
745262410 745335198
160175725 160208633
576267690 576339022
898069228 898120725
205506499 205601420
75695139 75727163
932336838 932397327
252013072 252073631
82473484 82512833
394053885 394059332
243056235 243065892
899364180 899378582
980755566 980825430
33893916 33985071
163745181 163795023
729113607 729163500
677851546 677928507
872064462 872080425
987935557 987970104
846093820 846109749
648843691 648943599
266863912 266951670
616062777 616116355
6873145 6923377
91557724 91560937
283139583 283199116
999309360 999321487
937760505 937826220
609736005 609833570
133294744 133308105
874651521 874727564
863543372 863624065
134426677 134522837
338581307 338630901
706283231 706371907
643437075 643455821
953902422 953942239
779838395 779902123
439382623 439456050
592932647 593020345
834364675 834392387
310811784 310820093
48604517 48633412
281141727 281152016
301618042 301630263
212605333 212704374
74904797 74972387
111287547 111302079
921125894 921199605
680202658 680216233
335061642 335062915
367011417 367022680
748835684 748927942
248523855 248544378
338081409 338164795
124386743 124445062
938315364 938392336
717814092 717814384
332556882 332597753
483651918 483656972
539370644 539417982
444604817 444604996
614743641 614841269
295161407 295167668
866157627 866208273
486657745 486670864
317733288 317819872
877814232 877880205
492601928 492670947
228363556 228372628
23387118 23413062
112277389 112311819
869005258 869051617
819187126 819238209
291806811 291848060
508740226 508756629
820951326 820971311
491478089 491521097
710164638 710226556
643862317 643897549
848856783 848863947
488546027 488641139
287471883 287475465
238890502 238918656
921110962 921169910
285104918 285138771
663826795 663909028
623440756 623521161
989031265 989100113
482945002 482945489
648828476 648858580
265141440 265221192
114399266 114492068
245628495 245680031
802937649 803018242
310236809 310248470
199524991 199607577
434350561 434389943
76029916 76030481
894916219 894966723
18169192 18198572
180205750 180261669
815053296 815112400
376446260 376476898
70187957 70280078
693533888 693606833
48826562 48872134
524963576 525015557
259239811 259251292
735991064 735995810
87203073 87206581
573179940 573258919
435988990 436073402
356790750 356829459
437016895 437029298
177965855 178008076
242514695 242566622
40213613 40264535
999676147 999713978
22890375 22898428
301612810 301670589
312021939 312090235
429502856 429563658
643651427 643690790
941471834 941545422
406487543 406570850
683060519 683137050
876504659 876572663
634519160 634554763
546282887 546315960
554871652 554880741
501756431 501758020
964416755 964501904
264630512 264683634
867716129 867730092
27222750 27229770
989295437 989355206
856773378 856834790
4218426 4317188
77111832 77170096
522146246 522175334
702057639 702120616
336294469 336369721
974370387 974411012
639432939 639458796
868597782 868624258
876037270 876042117
476903733 476972914
110878255 110892758
950226246 950235931
474969427 474983402
616042634 616134842
814851560 814907020
893511454 893518280
39206253 39242696
661518815 661521912
182773621 182785788
287815984 287853552
315384448 315395738
869895920 869942670
358831197 358908781
454057568 454116255
299913343 299943156
249496920 249527499
714664661 714751428
557253584 557293304
712526377 712600387
784273107 784326474
753047008 753091893
401606928 401628131
245684788 245759178
116928313 116991234
833390007 833479098
28468866 28496538
780495122 780525811
386754393 386786349
973745864 973746030
941063927 941163166
59486623 59527402
662701437 662792497
855737071 855813836
626643280 626666888
413097268 413179386
434026264 434071875
230255706 230349992
414375039 414469101
119902768 119999722
658658536 658721139
695349276 695409093
252713768 252727369
487940452 487968824
609804832 609844605
819639501 819695544
745682121 745702408
293181224 293247621
531834991 531929056
776073121 776093075
997607570 997633271
851240878 851338691
871650033 871723454
883349385 883395129
908168164 908237115
403851259 403894457
710016085 710048015
897211782 897293274
164748328 164811133
707438097 707488956
594217441 594276848
712729887 712742010
280004487 280096408
84010511 84042156
293646461 293722025
215562473 215578775
960511706 960574831
985062548 985142366
419314353 419372067
35839518 35895935
6295989 6343869
390667562 390740860
688358600 688371874
512916746 512946761
885575580 885617449
496613682 496693312
134534905 134550430
945790797 945884789
130390007 130440940
146294625 146339059
26304114 26355652
748919850 748996848
598387973 598468236
201839884 201888511
805430244 805464713
422136137 422175755
430188347 430215693
880049844 880127509
574575107 574666066
639918047 639976749
16724094 16737415
317796049 317882901
674730887 674815545
351819681 351866949
521835982 521836625
909411052 909441301
643493239 643587264
254838702 254871541
710185724 710203068
510495616 510586792
901865792 901878776
777709698 777780609
424256575 424308681
802475071 802551512
162044213 162091677
345910463 345926997
648901638 648986632
58798591 58841749
25612580 25693994
992047840 992070599
418147424 418154449
7610664 7616944
715980906 715991419
841568369 841582930
716424534 716522818
59466803 59477704
878295327 878338149
455408688 455418362
445901527 445910757
908480046 908556779
493570246 493595481
603279813 603313620
845873732 845906812
828194306 828292215
669463644 669545800
552193224 552203959
149588410 149599908
918495624 918525901
1296353 1302498
722183660 722280636
597044656 597111765
150250467 150336339
820104159 820129485
570002069 570041778
715122161 715171375
893576614 893651714
670544771 670551487
820512735 820601917
737229480 737322396
880380875 880454365
915576859 915629928
513325161 513341920
211142901 211231225
234130786 234140430
65886210 65920774
714371740 714406134
568251350 568267717
530203221 530291861
954522112 954583219
674414062 674446177
674449070 674503163
919207056 919254610
340386829 340481809
449888095 449897298
650589201 650607355
135769490 135778904
829036147 829105656
587283460 587301314
943589768 943608080
22539199 22593026
229053698 229152088
87629379 87698359
780862666 780914785
882559290 882596964
130528618 130591624
412753325 412761600
685127808 685210344
673642494 673736576
239814131 239817940
167010512 167035362
443949290 443983605
820958362 820973615
741180257 741262543
468540076 468619709
256340650 256396167
544111095 544135904
340230297 340312306
654434050 654511521
70993244 71047486
910121501 910182115
466589584 466625487
16053010 16084968
158207194 158236729
839185468 839261150
715568561 715577438
765596218 765671135
788311889 788341789
707154776 707178328
368604197 368622536
846531572 846601520
160186149 160269389
864406493 864459226
864408627 864468162
978725687 978739017
187695309 187745187
953550851 953629823
258127262 258187699
626177624 626211708
649628181 649710051
609531524 609573583
908020089 908041771
200252933 200293962
198651998 198732595
445038393 445138219
276234053 276267888
323502067 323591694
558599314 558635808
816173290 816205837
860534077 860631987
676235926 676292183
823285016 823377222
783451445 783522503
467084419 467150912
121295908 121311132
79870836 79911352
840904850 840934022
237067647 237073720
457506022 457539774
26100708 26180007
759707162 759775286
26330091 26372097
603366241 603431736
514217966 514229130
902921470 902965241
340659652 340751728
373361512 373439347
724576278 724662776
839381789 839472786
59900069 59983996
976940008 976990950
750116496 750138372
837517273 837580382
569777501 569840273
997582710 997662632
55974685 55997195
990306013 990352718
619685716 619698557
738836853 738856769
16977346 17070832
783547524 783582448
418945592 418976444
502470450 502492510
124800844 124854906
191746190 191841149
426100463 426152272
778297367 778300315
232319212 232338317
204292057 204334525
546233873 546272796
77803614 77873763
855024957 855025837
188129328 188210919
343033595 343078776
706408246 706489410
632903414 632977834
525817673 525879069
826310779 826340582
774687467 774747154
984568217 984643092
209986710 210065569
891826697 891873753
524914563 524990437
339138286 339183671
72421770 72495738
690951514 690970657
273649419 273743767
484728936 484764252
732495547 732506733
78909775 78918215
514842322 514930850
232541812 232593129
990438192 990497968
12723256 12751885
762876386 762945554
457088161 457107615
381335497 381387002
701084706 701145395
926473006 926529510
111747485 111761040
172134431 172182242
596582757 596620986
784135737 784156757
220424480 220451743
32887858 32889748
583085262 583090894
388150953 388203110
267624478 267628682
797914091 797980698
751002240 751021397
620661960 620683735
674609027 674642155
684503779 684576999
149588757 149655772
500726238 500755490
976152468 976174919
858318096 858332597
42214577 42276405
733314026 733407889
560173727 560242509
217671940 217682849
184431087 184514538
473924686 473954771
769088091 769144028
379183230 379283172
987471887 987509978
584940799 584986535
160358936 160383040
2866218 2928076
143596143 143597006
68776829 68857725
482313142 482316092
591001660 591040317
147882962 147954367
504616023 504649235
890780975 890869242
74469099 74526359
732161353 732255263
171976682 172040915
658281046 658372559
461582241 461682123
953507839 953535278
675631259 675683106
350305203 350313883
168588373 168670255
785301402 785397172
351368952 351415284
356500451 356512428
734902433 734995413
20920984 20923386
390232322 390242908
34747450 34814726
123290737 123371798
325960720 326050981
577422019 577455565
762362383 762379278
138320836 138377102
941793409 941816074
223328881 223419332
51170677 51172364
225275283 225330116
11526991 11586209
144569000 144585909
258371397 258413634
41109634 41129759
800820524 800906271
567952632 567982899
3028552 3121009
971107791 971132748
719047911 719083526
733153976 733172634
941838352 941922205
294911815 294937701
490589031 490632402
866379282 866406114
616666731 616681769
466797460 466872581
151983656 152057090
32358141 32437590
120105773 120160240
761781403 761833360
237418852 237435101
453147900 453203773
657362259 657412789
897807450 897880609
505995936 506091211
725915293 725955342
9931839 9964441
221557294 221557483
272987211 273036208
298981443 299014568
69017556 69020029
418259786 418272840
468037732 468088977
283363902 283439962
498546675 498547237
32886171 32976057
586902465 586940135
311546045 311642302
355717607 355790001
29494953 29508041
353473479 353569014
704254564 704267014
525920288 525973663
321396378 321415083
622884962 622939079
891351252 891442124
182489289 182556887
3857880 3934734
139150423 139189184
102963941 102979541
385113390 385114186
341290051 341292432
702438618 702518551
865493516 865546987
660645270 660720394
757072989 757127476
105994946 106090735
771846000 771871578
131178008 131221249
898139149 898160439
760583176 760626616
399945062 399966007
749612343 749644396
747661610 747682929
142978518 143065112
851674105 851746546
51533382 51575899
540322276 540394136
207346560 207406333
695700566 695758901
682857949 682897816
252341832 252387687
989167340 989202863
794751491 794758997
751014408 751107877
328632113 328697249
434427239 434450093
364924434 365022234
934548434 934637087
213113368 213191463
390984192 390990317
828486625 828500586
93350704 93365884
982082329 982125532
833538799 833559661
877323687 877366237
342890106 342956500
736397010 736454080
896385432 896409232
497149811 497208181
756047748 756118960
592880813 592951370
190233006 190285680
43354299 43383273
88536484 88594830
296739691 296809359
630888890 630891339
255507439 255510044
273511130 273558152
861507786 861577733
956590185 956656704
7508747 7601376
815219485 815297212
505611981 505627413
898474990 898546237
463605672 463614508
858212496 858253063
887788318 887805521
191223620 191303463
958715690 958744551
395111419 395203500
352699254 352789974
824813330 824851999
709475848 709571641
391341724 391419877
944121448 944145179
48528381 48571109
790759554 790805774
605086674 605139990
475618953 475661051
477726349 477791351
643798814 643878410
915461198 915472767
114863278 114952489
202257428 202316308
636099923 636171784
239980954 239983356
760897688 760937724
814536385 814579817
502227590 502281550
153326069 153384023
938503066 938535849
349114796 349204296
111754974 111766478
417744220 417744294
590012837 590087547
957994861 958041608
569734831 569809600
499026682 499031791
856837541 856936699
117069789 117115485
707915353 707937359
194920726 194935968
833854634 833881518
216270437 216320103
761626451 761694830
638997386 639046664
65270507 65271525
982917535 982984909
210193054 210228745
492317488 492374193
730959104 731057190
75535565 75552592
721145425 721211956
682491589 682567319
953613914 953681576
629976732 630057660
774723939 774753730
7551049 7641077
988574475 988639467
301467271 301518444
969056143 969070015
795077453 795092767
802837921 802870220
784392691 784467697
648859977 648958950
686175955 686238761
619888434 619966343
135984917 136046068
112885214 112968236
973199859 973242898
747250957 747302593
52225319 52254198
226821162 226889434
726664403 726728072
803339571 803410482
946963166 947031199
726521773 726568011
947593058 947612134
551220413 551268320
787998044 788082286
602177472 602258052
549865125 549917104
550324388 550409842
112649895 112721474
829968179 830002023
833161731 833192514
617809985 617871250
425122007 425213322
260610815 260617520
764251060 764325571
9183621 9268169
4373170 4434809
254704367 254769437
630700395 630737694
660862890 660939226
656828796 656924217
701661588 701700542
839487638 839523905
335687060 335747688
734429782 734514005
708076460 708109576
933670383 933710977
297537922 297552382
912679492 912685157
485223370 485276191
624413505 624435834
798667791 798723634
145425147 145475689
687462682 687507687
305811598 305897345
249386829 249425852
825269638 825328873
891575720 891622206
609933751 609948055
740204610 740255860
33278013 33374171
278223213 278255914
366019861 366095849
700358209 700425763
224731976 224812091
553755174 553798348
672886791 672970262
763042218 763116627
795398019 795405122
496134474 496213900
755960167 756035180
460842793 460890487
543615681 543656868
483655693 483722197
812100892 812130117
989917824 990005896
533520047 533563284
447363494 447450788
856167595 856239969
77355969 77405569
512122606 512191583
332247966 332276551
329191024 329279785
41814964 41879033
903025767 903116656
226039741 226047185
475513846 475599326
719325386 719338213
865833550 865923559
902155041 902216117
500032687 500083534
100845218 100935145
683781311 683806648
339627700 339713892
27424016 27508154
672611304 672611647
528205318 528271885
574023969 574052532
416508961 416585490
168279181 168298660
204813417 204839287
768258569 768351840
537997627 538039773
303354826 303356616
253721239 253746024
438945901 439022139
631219102 631298272
365144763 365161789
595202613 595246264
732418524 732424189
781732811 781757360
240741855 240753259
821390264 821408384
998254160 998343732
860241907 860293365
338294185 338319819
170319091 170379201
255435539 255476639
745558815 745646761
763360857 763404244
868509000 868524582
305740983 305822650
483710292 483730723
281837576 281915464
740851713 740858743
202265648 202283953
137394847 137427048
287589201 287652388
523233169 523242978
313553217 313608776
850629699 850709965
354054797 354059173
628310830 628342684
762744485 762791270
337115542 337163796
370093554 370184631
484777864 484783357
980591492 980610996
39457704 39463072
441386565 441401448
504941598 504974560
79073471 79098973
448927868 448968392
285045116 285092362
605161754 605197681
858264042 858325660
858129549 858180881
119353997 119374984
115720968 115793191
605288080 605320754
995542868 995629726
641094140 641106362
681683936 681703266
512828852 512917588
786428962 786528030
843634153 843636024
904883984 904938835
348888499 348892388
469868841 469965172
435102902 435116451
972946174 972966336
181311983 181331569
973187827 973258740
696973779 697004825
704605755 704698828
678948887 678952350
391569744 391620365
317870116 317907247
450162323 450235391
746223378 746269608
266644863 266732839
4693278 4726921
398335005 398383465
347722729 347767308
623449205 623492848
54819997 54836522
437968479 437996299
757731867 757775492
460317312 460318180
536572834 536638163
523222117 523292757
650381672 650469774
334592383 334620746
249201313 249286008
146993605 147057589
440172435 440197560
619074820 619169608
644895811 644903901
282236203 282325119
884205528 884259407
37973579 37977411
557861048 557884372
745478462 745575696
885632812 885664820
429826789 429900919
404832514 404927001
709409888 709428516
455361948 455435717
18653055 18677139
736213139 736237225
160703366 160711502
605841406 605899619
402142878 402187071
726423485 726426548
429938114 429951770
491678787 491758151
39863973 39920553
690754201 690814787
25508865 25603408
72085725 72130390
728228068 728242200
185374501 185379570
59932982 59960141
627085213 627112579
271497134 271537680
656702009 656706356
490802884 490860087
643313754 643376095
959975431 959996874
979643915 979658924
410590875 410614773
781808432 781818117
591881944 591967017
207916567 208006465
255196963 255295911
736863586 736893892
631538641 631634939
682033398 682042910
795248213 795326368
169169416 169245175
987697304 987746840
840950983 841036023
654338551 654357781
120769011 120769332
912788842 912833037
240873925 240877188
515808328 515819475
171385746 171408466
987460516 987515292
45230002 45237297
963914691 963987990
135209152 135228200
548583131 548613694
700474552 700535278
477247574 477345695
300355946 300379779
487510995 487518092
338826247 338863744
666195088 666268444
348053920 348118276
789563316 789634289
574932741 574991056
847489355 847511181
956343319 956415082
156007541 156015686
429742999 429768364
161840697 161861509
744070381 744156920
556792163 556883088
802397238 802494560
27694062 27704437
179756224 179811457
619464706 619537243
56925402 56963562
277762254 277816775
755579708 755634639
392640366 392706331
622329873 622372347
147482954 147580033
946008657 946044145
527281961 527335485
14109978 14184410
447703056 447793838
882525141 882527691
694423601 694479515
951460369 951495139
472404216 472424615
746008427 746090692
276026407 276071318
189927791 189975212
495029276 495057787
486457193 486529298
500123607 500214686
269088751 269150260
531306826 531378583
972960638 973030938
280108347 280110195
474077245 474077718
870228567 870319909
750625795 750705225
292685500 292740102
341536226 341598951
502621465 502681516
832618246 832625175
465978543 465989870
152771124 152851710
551848643 551914196
651400172 651459648
989216574 989236649
586000918 586041068
166497851 166550134
560979293 560987328
854231871 854310349
146384139 146451333
855395254 855414473
959475131 959527698
737679323 737773637
76451289 76544016
691383624 691482700
405504159 405537866
128340448 128397799
28825454 28825626
366790336 366816010
929524052 929588631
80027935 80112539
553992744 554048351
35729181 35773050
415744842 415840346
770125576 770177719
582772025 582839568
11354245 11380626
79747572 79838009
901223694 901307746
431020690 431070236
328150937 328212797
934096491 934172150
899917737 899965930
682875554 682883957
154989517 155050625
625597750 625666392
204986072 205002222
945018740 945041573
817084755 817184600
281866461 281883964
597692366 597782113
387581844 387613069
400592282 400680396
736235707 736271104
89341589 89393875
850192278 850194639
90989760 91065363
648465184 648476404
662289174 662362099
731125317 731159618
597177049 597179634
560814797 560872468
2966829 3058901
127238266 127300038
1261301 1352022
552371910 552466798
735679535 735732015
521729941 521743412
394083725 394106080
42315720 42378575
501801731 501886779
111089950 111184916
58856183 58917957
887995467 888032853
62508055 62545409
242761071 242790554
455963196 456035020
621676281 621725170
785989218 786047235
641134027 641183744
486417614 486509285
162850391 162935341
979265315 979303808
442686437 442697348
719075126 719082166
351675231 351684062
98344839 98349425
994685334 994760131
993376428 993376495
55020303 55108946
503565408 503572093
875359484 875373396
532964809 533037590
791250268 791297732
30147501 30242727
189634107 189635657
399672481 399678782
159555099 159600715
714171212 714209100
607035701 607097771
175527063 175616989
818836804 818918950
246577861 246670048
733019631 733100604
188576110 188580406
87948464 87950031
724326118 724348682
665831649 665893341
391351387 391433225
848852893 848931936
508278263 508313526
696238067 696298454
724173248 724264058
702176474 702263455
923520586 923564333
687198747 687228903
932175529 932254061
453399240 453441353
638879637 638977741
484585043 484683107
332035424 332068770
892726733 892826359
179313048 179358471
162508597 162558874
712005303 712094197
730635028 730715707
819857431 819954686
276934255 277021936
696263773 696285500
60297407 60334276
89529240 89582254
305171866 305186678
374974183 375068398
226762646 226820424
313232751 313237909
851847913 851937034
913526040 913574064
99767426 99792023
255932228 255992336
838567330 838647626
823936178 823966295
932435527 932493742
847627611 847683153
854936171 855034684
424632327 424729525
615714375 615804386
652754334 652812962
407292286 407362223
123708233 123805691
725913488 725962866
823691492 823692121
899240165 899309659
343845026 343890050
533010273 533021861
867942555 868002561
323388093 323466568
705769648 705775734
858927485 858975087
559381902 559420998
660756019 660850862
419817469 419885130
546684841 546695175
295313844 295349610
631607974 631688227
37430758 37498327
62612110 62639824
879917815 879962040
540431176 540483706
183519050 183556176
788632665 788638581
723530676 723577271
476965484 476998972
285114214 285157560
28786144 28860192
662716324 662792026
598977301 599034545
224519120 224543062
277494675 277543681
821254250 821286165
340739012 340758065
473919495 474016048
634755854 634770178
104336784 104352062
97204959 97295592
60938864 61030764
556282215 556330967
859724502 859815333
925138382 925147665
573627381 573660187
440619052 440707844
455578866 455645933
654647581 654720183
717594583 717689859
345215545 345293724
238770649 238792400
82006134 82037954
383289161 383364774
442435192 442450631
536956914 537044210
225104251 225111109
879109212 879195599
487435604 487530397
745656439 745682465
698828107 698864152
744296320 744366034
8927217 9026748
42824255 42844729
158695504 158781572
921727970 921782836
284216486 284236785
371692249 371773016
531867365 531954227
144155967 144157102
359646038 359689539
318371648 318443299
887162392 887183884
883298638 883373932
555169243 555232718
989333368 989405204
928210205 928223572
771227566 771307489
151297000 151305420
916830737 916930181
863680791 863717743
505174444 505263978
274217331 274297135
782590193 782660950
300691579 300750150
327541829 327592501
5282665 5321291
187373235 187449765
266187693 266247419
111340208 111403356
774230336 774302117
986608654 986641694
732499074 732561260
852982314 853005939
86547952 86582326
461472843 461483136
491785784 491809792
535836354 535880388
574811956 574818172
868305137 868340714
369514401 369533283
667324913 667348628
455076781 455135241
928005510 928061591
665369356 665435344
556702911 556787984
664280401 664340039
633164377 633235387
563431678 563492106
505342768 505386107
314814722 314851263
353679193 353746397
277006524 277065758
814424256 814462911
74379394 74410275
298108229 298108789
124067290 124147294
994504371 994522223
775288501 775364686
742944200 742972123
446621678 446622106
742230283 742273314
646464434 646521446
195415704 195506849
487133504 487177135
712415093 712423482
749787654 749863863
224191775 224224697
404668484 404701147
553978289 554057301
29222275 29236809
164487807 164524350
903542034 903611239
307458194 307496809
513803731 513882905
260276232 260331536
771770122 771857820
375243405 375296768
127591069 127600232
386698840 386752526
595265727 595318427
146139635 146232074
142069903 142161815
989555989 989587446
931805362 931813502
871223329 871284322
30304075 30390220
449774965 449818912
658514183 658547256
556692246 556696212
930278084 930319513
249178531 249191919
406698367 406702971
141003419 141096029
140162317 140221236
682540783 682580041
259064321 259096837
56755345 56783287
898718354 898776025
724976810 724999913
868041098 868126370
768233578 768331942
975429775 975494271
72376400 72446772
444374888 444458216
696536499 696557727
305231319 305270412
490236437 490282594
449221166 449245815
925111722 925119931
858779506 858793287
139649243 139731235
82139035 82166522
583692875 583784433
15393421 15457849
584685474 584709855
598719149 598783148
579376355 579475747
856788316 856794541
972993385 973045171
446887504 446897672
342469902 342561254
947045099 947084265
372284378 372365982
925314298 925381231
355761978 355829297
430935413 430984789
248728849 248775202
464939239 464981983
760908072 760946929
85797204 85865740
998679010 998682775
177432984 177515360
917527844 917600062
730855255 730923708
189000670 189045050
149797536 149807501
183991931 184078802
561901527 561993919
580136789 580186758
464706101 464782648
44564169 44605601
895695137 895775544
292604192 292655325
632790363 632884047
650387595 650456536
817310639 817351293
188552410 188622777
538483167 538503657
743758464 743828275
307689822 307748675
948573951 948578671
352550852 352571053
47734287 47766078
85085945 85173744
236458663 236547073
179918106 179998964
580243678 580316487
930985397 931045726
97893949 97990102
810283828 810305794
225065070 225162823
171092251 171094450
223322360 223379061
409777764 409846309
468665534 468703936
136124710 136182712
998008048 998106218
515965344 516036797
417899207 417917057
458998627 459069613
754221419 754308373
835152071 835196364
199879835 199941596
154645823 154715185
496893814 496990648
406646474 406650283
775644496 775676373
160570819 160571644
543118976 543182300
481933783 482007320
243198972 243234183
469903266 469913751
798197811 798198762
436690691 436714546
714938199 715008578
244336379 244365460
285572146 285655735
679995690 680041167
873237528 873336408
812549512 812632954
756164299 756212571
515759706 515791520
367351911 367407654
186277308 186302589
698333855 698350772
922106272 922165637
536554984 536639436
766476704 766481495
60059396 60092779
354970090 354998004
364703805 364773371
382738344 382830844
627077308 627138888
234423629 234431611
135105839 135166432
236895749 236993459
682930253 683017966
885744854 885761443
182767261 182839450
369786940 369845682
990828430 990831399
335192627 335285582
175252926 175286294
44838190 44933456
163630732 163674126
367416157 367460427
311764980 311818791
559642358 559721478
780014661 780106459
734367641 734396862
621532517 621591483
958178274 958238326
697115093 697120163
314790703 314804369
111668024 111722494
511827084 511900212
577068615 577077679
386208946 386285464
452395117 452478693
842180956 842218376
429207799 429292331
494173278 494203798
566552821 566604067
903455919 903500913
408143904 408223691
10908362 10947294
299077338 299144827
720698949 720733625
801148728 801236695
463034324 463099790
801130413 801160333
222510544 222535109
764155748 764179121
669585048 669594296
740649545 740670915
304323640 304394991
646701448 646744741
378224779 378294858
499552956 499643327
469980318 469984121
11346704 11433112
911622894 911678369
956883976 956905168
256787422 256876209
660308410 660342721
335851135 335927509
902270880 902348583
727448454 727485030
171433479 171488759
294835452 294839617
524189699 524243777
25801420 25884806
596096970 596174911
346851840 346878884
63519232 63530392
138269514 138363678
50678977 50708520
922832376 922864481
618390067 618457131
31069635 31160574
125980248 126011879
774533647 774599780
535581394 535593337
931090013 931189524
403642323 403661169
584439556 584468896
266020733 266067376
455586900 455658954
670610103 670617095
344100408 344172251
832215065 832224987
41007199 41078088
723335360 723337577
125593408 125641378
878975242 879003876
221948928 222008833
300866235 300892152
350122924 350175838
492186291 492189067
138835263 138918611
704307017 704365980
527209566 527231285
549212255 549272654
76104413 76146195
994287254 994337189
392790138 392869850
463312504 463399019
666788228 666836475
496798815 496890151
984104553 984180754
717029618 717068392
379517511 379582345
365745031 365819526
368572302 368652467
612078334 612126943
394970085 394973417
956738648 956783554
348117984 348202990
257687828 257778049
675591592 675642281
143885422 143959235
762435713 762518491
89097856 89155936
123193547 123232917
551845399 551893182
939880262 939917779
963759097 963768837
600383573 600412967
670300117 670345334
172285821 172376219
336019584 336036753
793568805 793655681
963022489 963070589
153987655 153995743
486545688 486633341
830689754 830759169
692818734 692884352
176121093 176220617
79785360 79837050
698051730 698092800
103380605 103389401
655259962 655342427
762105137 762129382
99354801 99394040
893600944 893650000
527664684 527703403
762928509 762967287
343242455 343261977
64469857 64496663
43336417 43423556
145498737 145560811
677182184 677232741
821449238 821530891
946726660 946761011
497388789 497415329
27617326 27684552
784530653 784602340
151930765 151970111
60863444 60888158
883189473 883284996
389098354 389187903
921531454 921563170
185008797 185103627
98313856 98335946
792235363 792272655
942802578 942840030
10315353 10411925
754014446 754037105
625722562 625748813
829899047 829956261
250774106 250812060
691474428 691477319
618340557 618373393
96909691 96932764
856005151 856099071
95076712 95149022
967632761 967637845
388369633 388463800
891692221 891778734
176916126 176962471
513458191 513533122
340359507 340435922
610081959 610089972
759567175 759570703
303131401 303194113
652601097 652634243
95069781 95087646
859505897 859591803
254119066 254139234
348877497 348917145
436622406 436623476
92711040 92783614
966415311 966493213
93373011 93387934
218985733 219025396
795658237 795753902
250421757 250456097
860115159 860181002
762412903 762460992
507870785 507879785
217033944 217062038
645132650 645222516
669384342 669441019
742926843 742949899
958307901 958368415
459044997 459116676
446688132 446699560
199328885 199393579
256856898 256894956
879809627 879826460
124526710 124541980
161852955 161856353
830294596 830316279
664910138 664921452
947954198 948045399
759940170 759966885
539556123 539567079
240290885 240296054
99070870 99108881
635722828 635762847
601814533 601819038
174763458 174844470
564404345 564483296
54480899 54553783
585227651 585312157
567249004 567342250
75414996 75490808
407856692 407945484
442562644 442602231
869268634 869315881
169418514 169443190
125646279 125721289
115633826 115722444
618168925 618246270
38762452 38829710
165441918 165451107
720159873 720188311
206365958 206408024
421502813 421576422
780674791 780766043
222154107 222166441
474882359 474902231
250723630 250823294
462823666 462905722
428092673 428156775
57804379 57843753
994037769 994131030
944888479 944979676
74307986 74371459
91349810 91351298
921547048 921632926
233705327 233795870
588255707 588329525
99043786 99124839
123642976 123709322
851674289 851774262
514465793 514503878
38402071 38444153
873102904 873106859
120274666 120306016
775431611 775458605
839367135 839387961
24616875 24649514
292520382 292554920
636120860 636169079
461555795 461559441
529454290 529464332
274987205 275055263
509758133 509809362
370379056 370386663
887314839 887408629
532502377 532561856
372322592 372421045
755222470 755242590
384513349 384606081
923056466 923142059
493094769 493114696
242766208 242776071
886384163 886433620
811644273 811742104
224377221 224392645
423455793 423459214
896840782 896866452
710964209 711029413
689868119 689934157
781779940 781790011
99666865 99752367
915661712 915749772
799243143 799250335
338719638 338810082
810721385 810778991
909336163 909340224
201824104 201923679
920088925 920164073
657185306 657234998
923110510 923137482
64882944 64938588
428355751 428416262
24384586 24386378
370838197 370916029
652336251 652373074
432281667 432359943
926276733 926328756
426504333 426594304
649180071 649212258
924810419 924904229
147021902 147054385
234290508 234380951
495223176 495230945
31437203 31501842
116066066 116163347
731419235 731460953
561475648 561476815
838969140 838972604
622767866 622832810
930555991 930564603
294579205 294665184
52136785 52210112
451890899 451916839
268056614 268080549
232145821 232184913
231383391 231387405
858007157 858105807
436176278 436220534
955149570 955219631
835710643 835774989
314770196 314807593
946702019 946793225
581658135 581749033
564930737 565003097
206907770 206989435
939815690 939901030
183716704 183748608
502640345 502684262
644007439 644103412
5587924 5663654
529233933 529258379
152622349 152691110
913666248 913708850
980685138 980756145
900297408 900388170
151798393 151888295
401401042 401473186
362565043 362662390
294578565 294625236
339694301 339709056
227174715 227256007
826025260 826040246
960102767 960178279
451863363 451866500
230608862 230649602
557680283 557701923
835677684 835776118
252552416 252608563
532156157 532227285
602147667 602174693
588200205 588293324
525101700 525127319
425608985 425682726
903218609 903301828
206704463 206723517
258257050 258326766
18247134 18251400
277130207 277221284
252743433 252797330
274165113 274222651
390941054 391009065
334149462 334203634
452143688 452179533
555404401 555460858
792479741 792542605
764194130 764228963
105511157 105562655
247914405 247978774
823263556 823275135
139875725 139880784
429845412 429875295
113439922 113499871
357466215 357511462
955910939 955933046
617495401 617553370
516239917 516292299
40068174 40084143
279331896 279378866
551243580 551283152
5230073 5297297
111066366 111080903
804551228 804586533
271722511 271732928
397146454 397204049
191408020 191479330
121053478 121146111
334584226 334677463
229969604 230061754
407210819 407219790
78052074 78106348
578762883 578812849
126983659 126997026
329548258 329598945
985086097 985090167
923147016 923173001
942155451 942204610
81741828 81753537
554477082 554556718
178655525 178707911
803712640 803810727
23767568 23811195
366892342 366936879
761580663 761663317
289495166 289544854
376490558 376524402
188387941 188485134
427603231 427668869
264997964 265047742
543911630 544010336
274328115 274358455
536690382 536749637
96105103 96140089
866461099 866464678
213035313 213073333
941977605 942066296
292799879 292882702
736571444 736612701
301517204 301561502
910103129 910177395
380289631 380378048
440525586 440581160
30775818 30776981
247891943 247892854
913997845 914009148
99552871 99631642
444166584 444250933
147818619 147838567
533159020 533178660
236809990 236878497
404164214 404241160
506351519 506386523
737648840 737665317
741381731 741394706
699685659 699780920
822435412 822493742
798589697 798616916
419380862 419450380
248844022 248914156
394761723 394847985
844072268 844079524
623768627 623811205
899507991 899597013
677510583 677569695
23059753 23136493
207960912 207994813
31542946 31636812
649140639 649215821
91304242 91357509
733331493 733378773
35590590 35661841
121871813 121880940
202911326 202965310
862781818 862872674
849029888 849063918
919265304 919364083
830694270 830696795
258286540 258322598
876437994 876507160
674701415 674734430
603413829 603449482
202743323 202841038
508804585 508865324
36427927 36429972
741984974 742040021
185457263 185521097
996381467 996456233
355107440 355200833
709492561 709568112
360115833 360208872
133265950 133305912
871127871 871151627
637714362 637760945
273893329 273930696
658264623 658362776
415750644 415806710
618558730 618601893
315340449 315358562
896903910 896914992
796586246 796684757
748075134 748137522
904702044 904793181
749647650 749694014
907033583 907090616
140048805 140111019
368073278 368095371
537396778 537397795
12864321 12879034
445501949 445599269
954549632 954643801
928082102 928090863
696172300 696230867
219788155 219823663
328600406 328660825
622725479 622812284
840907271 840944570
748524398 748622868
342442288 342518976
197702269 197732971
336128983 336217347
126210849 126264497
764073397 764101297
591420012 591449891
884024632 884045906
453723136 453759640
976511095 976607077
552318859 552398294
522282355 522376522
97814002 97904030
733919725 733925779
56930671 56942533
477767892 477769565
499422344 499495245
111067682 111084125
733460244 733553581
668900884 668938092
683176771 683262770
362753893 362812676
434903775 434913592
792063849 792160638
257062005 257067373
919589978 919625444
938403949 938478173
323986104 324059431
302625182 302636961
750385412 750423216
186541403 186623391
757647194 757730700
910326870 910359012
336488400 336581938
376458822 376478451
845223230 845294248
216888548 216972422
228994174 229057534
181443023 181531432
574317843 574379693
765515431 765562513
922822331 922875466
706989127 707053607
616089756 616162475
133889551 133975999
223465728 223472056
986021388 986039545
445126112 445168804
406257861 406293765
684202990 684262805
763403941 763465854
102924922 102935774
366845344 366913194
601690165 601707191
948684682 948780203
782702218 782710705
897424652 897493424
929113803 929175243
40285915 40374407
955744312 955812698
848681365 848759290
298065608 298075175
774740032 774740298
523600807 523696191
619396280 619412117
124547116 124601711
128054741 128064712
322870689 322923292
276805399 276838768
409981129 410074527
697541172 697551884
110671759 110748112
919400723 919466894
258897885 258905796
814163139 814238711
491211693 491259304
859255898 859295670
185179537 185275411
824039290 824078871
937551420 937615577
228584272 228680174
873309743 873397629
554244367 554316014
921247581 921332979
821835882 821879986
762838044 762862257
258960142 259025291
774825001 774912702
518459141 518497466
600831409 600919843
900635701 900731123
532121736 532181832
5080802 5088209
503323120 503396562
601842597 601858457
679166422 679185694
365756137 365787890
185308373 185352195
101798023 101818579
92928243 93026674
697718946 697814246
827741629 827814365
889393590 889397627
591203740 591225161
810623204 810644962
436131305 436194623
613913227 613989977
64857031 64937576
439267296 439354570
435795587 435849581
781697876 781700436
159346020 159416949
462114582 462161845
977711217 977805448
905795268 905821911
589821200 589849382
890072645 890147500
694267742 694315060
493249310 493257591
440091547 440131844
432192934 432292285
886131467 886219107
568660691 568678202
116412247 116506263
1249664 1251483
202842616 202932121
799963146 800025063
10336124 10435348
804515269 804593091
904928942 904931718
479981898 479988012
870528253 870560493
523361256 523429438
833988241 833996207
566645512 566728286
549880257 549978799
787240810 787295456
986821238 986914771
757040315 757097285
806874162 806950190
241373119 241394644
39282259 39347626
859582354 859680981
758385065 758389669
612718970 612786453
251876614 251912392
541817695 541853258
637660725 637680983
721969537 722060665
742561766 742618808
527967333 528062038
326920491 326991379
472723510 472777167
734562578 734585647
661092866 661146586
373246805 373254574
915281290 915343520
857322024 857359563
722840441 722875703
871957926 872002532
424093222 424134728
474209248 474226711
458563463 458625184
424307581 424354826
726903603 726939803
96435175 96513567
547427081 547448074
539174216 539187712
479692622 479769428
291463210 291528538
511776528 511852209
375836459 375836917
922456474 922461764
208124438 208164721
358462604 358479955
810456080 810475632
65509125 65533492
469722645 469746180
426492306 426572451
242416647 242424295
232686990 232703375
907480061 907577473
417621162 417708103
970693291 970726805
370777296 370799819
994719939 994768596
475991269 476020457
259332372 259333698
656901973 656995788
814901883 814906210
495474385 495573146
832445630 832479435
832750670 832850364
42114722 42210725
409200097 409229864
359715746 359727090
464587184 464654679
368110453 368129674
695028919 695048382
291803243 291864190
429187564 429285165
513931181 513979429
131180821 131197224
367861809 367954620
599126457 599152686
517745101 517844724
679546430 679621765
637324488 637327729
66409609 66503997
857440249 857487194
902546953 902574471
428895906 428990715
992298052 992351555
644759560 644786937
208437490 208455317
528889725 528946673
247549203 247577659
276887926 276904903
160469142 160538976
381127235 381218613
429761770 429782656
830357371 830425481
247903183 247964178
150122898 150151618
533963706 534052071
189745082 189769493
361870954 361969378
622480427 622507677
109529296 109533929
250265190 250295262
770367611 770429417
885356111 885452233
750503640 750597276
950633464 950640438
7414852 7486053
744024005 744100560
335215832 335234520
703279442 703306655
269491264 269495725
219487821 219585216
478642832 478644293
286794101 286819990
205178525 205209094
952290029 952389862
211154450 211243946
132918000 133000872
672962146 673032585
952663986 952731441
226067875 226137786
301647105 301695227
428018905 428102086
822533020 822543833
137312945 137360138
693282561 693346376
956545029 956616782
672094592 672096249
289246942 289307857
235278869 235336527
108477609 108555262
562388160 562481335
689039032 689121123
399093213 399191877
737750046 737838852
122054168 122116758
452009325 452084216
707300695 707351242
580200438 580202609
959544471 959630002
674131185 674181801
317604667 317653102
906399790 906492330
382834308 382874569
324755077 324850486
893351871 893442463
154704137 154716702
394760200 394824356
714776831 714868153
579154183 579183341
497751737 497833097
718029650 718050274
467159530 467197458
32338342 32380706
221468507 221562000
156196790 156279266
884664178 884723201
212836039 212920934
646966801 647022989
560917085 560986464
389402718 389483556
219234692 219269174
779351567 779368972
564973986 565046875
229120065 229203383
861987993 862062988
40819526 40848487
647713554 647773430
658857798 658937384
503315519 503404247
721694349 721762229
926111419 926139953
727695820 727723506
86224320 86315204
399748123 399751119
255574722 255596347
101579310 101657149
547403478 547452517
813424845 813501084
885058379 885146747
451622146 451667425
856704041 856751595
836850122 836860700
731148751 731238529
781130243 781134156
137188533 137232000
12544885 12596806
468056824 468113762
941618901 941715428
697234711 697303394
434635966 434719577
720582137 720586964
433010470 433095173
491497426 491526676
319614644 319679422
448342099 448403839
100524037 100563076
889958222 890032703
619555530 619644468
571114994 571171167
264798825 264817480
600773464 600849955
384802096 384897013
661036066 661047735
956250329 956346106
1041182 1071475
566653454 566697357
198855373 198896061
157449604 157511169
409239149 409261287
163964620 163978142
349239215 349285414
607715881 607815414
429970242 430001964
974468292 974557029
474342849 474381510
221081537 221156610
726562836 726617183
244654366 244732560
648236657 648270365
660444339 660488487
984571682 984649864
310344001 310344948
215889329 215962249
604390162 604435758
344010866 344108397
307086540 307140904
389010069 389067149
836117626 836204465
701065592 701113827
213015750 213025514
504583657 504591287
551417634 551481938
233217184 233221289
57526117 57545728
792776694 792788627
16857943 16944738
157272422 157368931
866150067 866211375
219068996 219118826
720997200 721046489
237777259 237866768
797688209 797710196
376801784 376898231
419319325 419405415
853334272 853394723
219996555 220090903
756426284 756450649
182548833 182644479
219585678 219623045
985828333 985894524
485350165 485385280
605891322 605919349
642515850 642524411
457504775 457592270
420302252 420302919
855716698 855729286
623049761 623065994
35847163 35926227
11141705 11181337
589178808 589246887
462558731 462610679
773091397 773186721
24594432 24692447
474985960 475013207
922191418 922289183
165626738 165680917
332367961 332407834
992110329 992209348
480256855 480329944
951945325 952020170
674255909 674346461
212281214 212368308
503615599 503682983
383759551 383840035
389840536 389923125
299996111 300008087
520060242 520116701
853581180 853588819
844918864 844999652
720368347 720371390
643676136 643702066
532198890 532211569
986185869 986240243
314215200 314307902
705376180 705462931
392717830 392801520
600465575 600479658
15546677 15584107
375884257 375982722
527038018 527070383
768554797 768590436
449325412 449382472
617024006 617063347
273741451 273806169
851235758 851263730
739449654 739480300
579350162 579407897
824755606 824827578
947236893 947244359
799078978 799172241
349590917 349608058
538130888 538205940
32206282 32292683
356219248 356270234
468949402 468994592
986114658 986126177
593914313 593939398
475132962 475204046
857756079 857795787
794730104 794789003
475176523 475188395
637174525 637243819
990379823 990478606
579547727 579613586
253821258 253879593
293602802 293634982
875409053 875443660
380920851 380926540
650934690 650987549
545580284 545622085
664613594 664641686
540482894 540488213
424204655 424225331
801984693 802027078
62017009 62036644
257422785 257428694
549223228 549298025
692482298 692559853
