10000
0 1000000000
1 999999999
2 999999998
3 999999997
4 999999996
5 999999995
6 999999994
7 999999993
8 999999992
9 999999991
10 999999990
11 999999989
12 999999988
13 999999987
14 999999986
15 999999985
16 999999984
17 999999983
18 999999982
19 999999981
20 999999980
21 999999979
22 999999978
23 999999977
24 999999976
25 999999975
26 999999974
27 999999973
28 999999972
29 999999971
30 999999970
31 999999969
32 999999968
33 999999967
34 999999966
35 999999965
36 999999964
37 999999963
38 999999962
39 999999961
40 999999960
41 999999959
42 999999958
43 999999957
44 999999956
45 999999955
46 999999954
47 999999953
48 999999952
49 999999951
50 999999950
51 999999949
52 999999948
53 999999947
54 999999946
55 999999945
56 999999944
57 999999943
58 999999942
59 999999941
60 999999940
61 999999939
62 999999938
63 999999937
64 999999936
65 999999935
66 999999934
67 999999933
68 999999932
69 999999931
70 999999930
71 999999929
72 999999928
73 999999927
74 999999926
75 999999925
76 999999924
77 999999923
78 999999922
79 999999921
80 999999920
81 999999919
82 999999918
83 999999917
84 999999916
85 999999915
86 999999914
87 999999913
88 999999912
89 999999911
90 999999910
91 999999909
92 999999908
93 999999907
94 999999906
95 999999905
96 999999904
97 999999903
98 999999902
99 999999901
100 999999900
101 999999899
102 999999898
103 999999897
104 999999896
105 999999895
106 999999894
107 999999893
108 999999892
109 999999891
110 999999890
111 999999889
112 999999888
113 999999887
114 999999886
115 999999885
116 999999884
117 999999883
118 999999882
119 999999881
120 999999880
121 999999879
122 999999878
123 999999877
124 999999876
125 999999875
126 999999874
127 999999873
128 999999872
129 999999871
130 999999870
131 999999869
132 999999868
133 999999867
134 999999866
135 999999865
136 999999864
137 999999863
138 999999862
139 999999861
140 999999860
141 999999859
142 999999858
143 999999857
144 999999856
145 999999855
146 999999854
147 999999853
148 999999852
149 999999851
150 999999850
151 999999849
152 999999848
153 999999847
154 999999846
155 999999845
156 999999844
157 999999843
158 999999842
159 999999841
160 999999840
161 999999839
162 999999838
163 999999837
164 999999836
165 999999835
166 999999834
167 999999833
168 999999832
169 999999831
170 999999830
171 999999829
172 999999828
173 999999827
174 999999826
175 999999825
176 999999824
177 999999823
178 999999822
179 999999821
180 999999820
181 999999819
182 999999818
183 999999817
184 999999816
185 999999815
186 999999814
187 999999813
188 999999812
189 999999811
190 999999810
191 999999809
192 999999808
193 999999807
194 999999806
195 999999805
196 999999804
197 999999803
198 999999802
199 999999801
200 999999800
201 999999799
202 999999798
203 999999797
204 999999796
205 999999795
206 999999794
207 999999793
208 999999792
209 999999791
210 999999790
211 999999789
212 999999788
213 999999787
214 999999786
215 999999785
216 999999784
217 999999783
218 999999782
219 999999781
220 999999780
221 999999779
222 999999778
223 999999777
224 999999776
225 999999775
226 999999774
227 999999773
228 999999772
229 999999771
230 999999770
231 999999769
232 999999768
233 999999767
234 999999766
235 999999765
236 999999764
237 999999763
238 999999762
239 999999761
240 999999760
241 999999759
242 999999758
243 999999757
244 999999756
245 999999755
246 999999754
247 999999753
248 999999752
249 999999751
250 999999750
251 999999749
252 999999748
253 999999747
254 999999746
255 999999745
256 999999744
257 999999743
258 999999742
259 999999741
260 999999740
261 999999739
262 999999738
263 999999737
264 999999736
265 999999735
266 999999734
267 999999733
268 999999732
269 999999731
270 999999730
271 999999729
272 999999728
273 999999727
274 999999726
275 999999725
276 999999724
277 999999723
278 999999722
279 999999721
280 999999720
281 999999719
282 999999718
283 999999717
284 999999716
285 999999715
286 999999714
287 999999713
288 999999712
289 999999711
290 999999710
291 999999709
292 999999708
293 999999707
294 999999706
295 999999705
296 999999704
297 999999703
298 999999702
299 999999701
300 999999700
301 999999699
302 999999698
303 999999697
304 999999696
305 999999695
306 999999694
307 999999693
308 999999692
309 999999691
310 999999690
311 999999689
312 999999688
313 999999687
314 999999686
315 999999685
316 999999684
317 999999683
318 999999682
319 999999681
320 999999680
321 999999679
322 999999678
323 999999677
324 999999676
325 999999675
326 999999674
327 999999673
328 999999672
329 999999671
330 999999670
331 999999669
332 999999668
333 999999667
334 999999666
335 999999665
336 999999664
337 999999663
338 999999662
339 999999661
340 999999660
341 999999659
342 999999658
343 999999657
344 999999656
345 999999655
346 999999654
347 999999653
348 999999652
349 999999651
350 999999650
351 999999649
352 999999648
353 999999647
354 999999646
355 999999645
356 999999644
357 999999643
358 999999642
359 999999641
360 999999640
361 999999639
362 999999638
363 999999637
364 999999636
365 999999635
366 999999634
367 999999633
368 999999632
369 999999631
370 999999630
371 999999629
372 999999628
373 999999627
374 999999626
375 999999625
376 999999624
377 999999623
378 999999622
379 999999621
380 999999620
381 999999619
382 999999618
383 999999617
384 999999616
385 999999615
386 999999614
387 999999613
388 999999612
389 999999611
390 999999610
391 999999609
392 999999608
393 999999607
394 999999606
395 999999605
396 999999604
397 999999603
398 999999602
399 999999601
400 999999600
401 999999599
402 999999598
403 999999597
404 999999596
405 999999595
406 999999594
407 999999593
408 999999592
409 999999591
410 999999590
411 999999589
412 999999588
413 999999587
414 999999586
415 999999585
416 999999584
417 999999583
418 999999582
419 999999581
420 999999580
421 999999579
422 999999578
423 999999577
424 999999576
425 999999575
426 999999574
427 999999573
428 999999572
429 999999571
430 999999570
431 999999569
432 999999568
433 999999567
434 999999566
435 999999565
436 999999564
437 999999563
438 999999562
439 999999561
440 999999560
441 999999559
442 999999558
443 999999557
444 999999556
445 999999555
446 999999554
447 999999553
448 999999552
449 999999551
450 999999550
451 999999549
452 999999548
453 999999547
454 999999546
455 999999545
456 999999544
457 999999543
458 999999542
459 999999541
460 999999540
461 999999539
462 999999538
463 999999537
464 999999536
465 999999535
466 999999534
467 999999533
468 999999532
469 999999531
470 999999530
471 999999529
472 999999528
473 999999527
474 999999526
475 999999525
476 999999524
477 999999523
478 999999522
479 999999521
480 999999520
481 999999519
482 999999518
483 999999517
484 999999516
485 999999515
486 999999514
487 999999513
488 999999512
489 999999511
490 999999510
491 999999509
492 999999508
493 999999507
494 999999506
495 999999505
496 999999504
497 999999503
498 999999502
499 999999501
500 999999500
501 999999499
502 999999498
503 999999497
504 999999496
505 999999495
506 999999494
507 999999493
508 999999492
509 999999491
510 999999490
511 999999489
512 999999488
513 999999487
514 999999486
515 999999485
516 999999484
517 999999483
518 999999482
519 999999481
520 999999480
521 999999479
522 999999478
523 999999477
524 999999476
525 999999475
526 999999474
527 999999473
528 999999472
529 999999471
530 999999470
531 999999469
532 999999468
533 999999467
534 999999466
535 999999465
536 999999464
537 999999463
538 999999462
539 999999461
540 999999460
541 999999459
542 999999458
543 999999457
544 999999456
545 999999455
546 999999454
547 999999453
548 999999452
549 999999451
550 999999450
551 999999449
552 999999448
553 999999447
554 999999446
555 999999445
556 999999444
557 999999443
558 999999442
559 999999441
560 999999440
561 999999439
562 999999438
563 999999437
564 999999436
565 999999435
566 999999434
567 999999433
568 999999432
569 999999431
570 999999430
571 999999429
572 999999428
573 999999427
574 999999426
575 999999425
576 999999424
577 999999423
578 999999422
579 999999421
580 999999420
581 999999419
582 999999418
583 999999417
584 999999416
585 999999415
586 999999414
587 999999413
588 999999412
589 999999411
590 999999410
591 999999409
592 999999408
593 999999407
594 999999406
595 999999405
596 999999404
597 999999403
598 999999402
599 999999401
600 999999400
601 999999399
602 999999398
603 999999397
604 999999396
605 999999395
606 999999394
607 999999393
608 999999392
609 999999391
610 999999390
611 999999389
612 999999388
613 999999387
614 999999386
615 999999385
616 999999384
617 999999383
618 999999382
619 999999381
620 999999380
621 999999379
622 999999378
623 999999377
624 999999376
625 999999375
626 999999374
627 999999373
628 999999372
629 999999371
630 999999370
631 999999369
632 999999368
633 999999367
634 999999366
635 999999365
636 999999364
637 999999363
638 999999362
639 999999361
640 999999360
641 999999359
642 999999358
643 999999357
644 999999356
645 999999355
646 999999354
647 999999353
648 999999352
649 999999351
650 999999350
651 999999349
652 999999348
653 999999347
654 999999346
655 999999345
656 999999344
657 999999343
658 999999342
659 999999341
660 999999340
661 999999339
662 999999338
663 999999337
664 999999336
665 999999335
666 999999334
667 999999333
668 999999332
669 999999331
670 999999330
671 999999329
672 999999328
673 999999327
674 999999326
675 999999325
676 999999324
677 999999323
678 999999322
679 999999321
680 999999320
681 999999319
682 999999318
683 999999317
684 999999316
685 999999315
686 999999314
687 999999313
688 999999312
689 999999311
690 999999310
691 999999309
692 999999308
693 999999307
694 999999306
695 999999305
696 999999304
697 999999303
698 999999302
699 999999301
700 999999300
701 999999299
702 999999298
703 999999297
704 999999296
705 999999295
706 999999294
707 999999293
708 999999292
709 999999291
710 999999290
711 999999289
712 999999288
713 999999287
714 999999286
715 999999285
716 999999284
717 999999283
718 999999282
719 999999281
720 999999280
721 999999279
722 999999278
723 999999277
724 999999276
725 999999275
726 999999274
727 999999273
728 999999272
729 999999271
730 999999270
731 999999269
732 999999268
733 999999267
734 999999266
735 999999265
736 999999264
737 999999263
738 999999262
739 999999261
740 999999260
741 999999259
742 999999258
743 999999257
744 999999256
745 999999255
746 999999254
747 999999253
748 999999252
749 999999251
750 999999250
751 999999249
752 999999248
753 999999247
754 999999246
755 999999245
756 999999244
757 999999243
758 999999242
759 999999241
760 999999240
761 999999239
762 999999238
763 999999237
764 999999236
765 999999235
766 999999234
767 999999233
768 999999232
769 999999231
770 999999230
771 999999229
772 999999228
773 999999227
774 999999226
775 999999225
776 999999224
777 999999223
778 999999222
779 999999221
780 999999220
781 999999219
782 999999218
783 999999217
784 999999216
785 999999215
786 999999214
787 999999213
788 999999212
789 999999211
790 999999210
791 999999209
792 999999208
793 999999207
794 999999206
795 999999205
796 999999204
797 999999203
798 999999202
799 999999201
800 999999200
801 999999199
802 999999198
803 999999197
804 999999196
805 999999195
806 999999194
807 999999193
808 999999192
809 999999191
810 999999190
811 999999189
812 999999188
813 999999187
814 999999186
815 999999185
816 999999184
817 999999183
818 999999182
819 999999181
820 999999180
821 999999179
822 999999178
823 999999177
824 999999176
825 999999175
826 999999174
827 999999173
828 999999172
829 999999171
830 999999170
831 999999169
832 999999168
833 999999167
834 999999166
835 999999165
836 999999164
837 999999163
838 999999162
839 999999161
840 999999160
841 999999159
842 999999158
843 999999157
844 999999156
845 999999155
846 999999154
847 999999153
848 999999152
849 999999151
850 999999150
851 999999149
852 999999148
853 999999147
854 999999146
855 999999145
856 999999144
857 999999143
858 999999142
859 999999141
860 999999140
861 999999139
862 999999138
863 999999137
864 999999136
865 999999135
866 999999134
867 999999133
868 999999132
869 999999131
870 999999130
871 999999129
872 999999128
873 999999127
874 999999126
875 999999125
876 999999124
877 999999123
878 999999122
879 999999121
880 999999120
881 999999119
882 999999118
883 999999117
884 999999116
885 999999115
886 999999114
887 999999113
888 999999112
889 999999111
890 999999110
891 999999109
892 999999108
893 999999107
894 999999106
895 999999105
896 999999104
897 999999103
898 999999102
899 999999101
900 999999100
901 999999099
902 999999098
903 999999097
904 999999096
905 999999095
906 999999094
907 999999093
908 999999092
909 999999091
910 999999090
911 999999089
912 999999088
913 999999087
914 999999086
915 999999085
916 999999084
917 999999083
918 999999082
919 999999081
920 999999080
921 999999079
922 999999078
923 999999077
924 999999076
925 999999075
926 999999074
927 999999073
928 999999072
929 999999071
930 999999070
931 999999069
932 999999068
933 999999067
934 999999066
935 999999065
936 999999064
937 999999063
938 999999062
939 999999061
940 999999060
941 999999059
942 999999058
943 999999057
944 999999056
945 999999055
946 999999054
947 999999053
948 999999052
949 999999051
950 999999050
951 999999049
952 999999048
953 999999047
954 999999046
955 999999045
956 999999044
957 999999043
958 999999042
959 999999041
960 999999040
961 999999039
962 999999038
963 999999037
964 999999036
965 999999035
966 999999034
967 999999033
968 999999032
969 999999031
970 999999030
971 999999029
972 999999028
973 999999027
974 999999026
975 999999025
976 999999024
977 999999023
978 999999022
979 999999021
980 999999020
981 999999019
982 999999018
983 999999017
984 999999016
985 999999015
986 999999014
987 999999013
988 999999012
989 999999011
990 999999010
991 999999009
992 999999008
993 999999007
994 999999006
995 999999005
996 999999004
997 999999003
998 999999002
999 999999001
1000 999999000
1001 999998999
1002 999998998
1003 999998997
1004 999998996
1005 999998995
1006 999998994
1007 999998993
1008 999998992
1009 999998991
1010 999998990
1011 999998989
1012 999998988
1013 999998987
1014 999998986
1015 999998985
1016 999998984
1017 999998983
1018 999998982
1019 999998981
1020 999998980
1021 999998979
1022 999998978
1023 999998977
1024 999998976
1025 999998975
1026 999998974
1027 999998973
1028 999998972
1029 999998971
1030 999998970
1031 999998969
1032 999998968
1033 999998967
1034 999998966
1035 999998965
1036 999998964
1037 999998963
1038 999998962
1039 999998961
1040 999998960
1041 999998959
1042 999998958
1043 999998957
1044 999998956
1045 999998955
1046 999998954
1047 999998953
1048 999998952
1049 999998951
1050 999998950
1051 999998949
1052 999998948
1053 999998947
1054 999998946
1055 999998945
1056 999998944
1057 999998943
1058 999998942
1059 999998941
1060 999998940
1061 999998939
1062 999998938
1063 999998937
1064 999998936
1065 999998935
1066 999998934
1067 999998933
1068 999998932
1069 999998931
1070 999998930
1071 999998929
1072 999998928
1073 999998927
1074 999998926
1075 999998925
1076 999998924
1077 999998923
1078 999998922
1079 999998921
1080 999998920
1081 999998919
1082 999998918
1083 999998917
1084 999998916
1085 999998915
1086 999998914
1087 999998913
1088 999998912
1089 999998911
1090 999998910
1091 999998909
1092 999998908
1093 999998907
1094 999998906
1095 999998905
1096 999998904
1097 999998903
1098 999998902
1099 999998901
1100 999998900
1101 999998899
1102 999998898
1103 999998897
1104 999998896
1105 999998895
1106 999998894
1107 999998893
1108 999998892
1109 999998891
1110 999998890
1111 999998889
1112 999998888
1113 999998887
1114 999998886
1115 999998885
1116 999998884
1117 999998883
1118 999998882
1119 999998881
1120 999998880
1121 999998879
1122 999998878
1123 999998877
1124 999998876
1125 999998875
1126 999998874
1127 999998873
1128 999998872
1129 999998871
1130 999998870
1131 999998869
1132 999998868
1133 999998867
1134 999998866
1135 999998865
1136 999998864
1137 999998863
1138 999998862
1139 999998861
1140 999998860
1141 999998859
1142 999998858
1143 999998857
1144 999998856
1145 999998855
1146 999998854
1147 999998853
1148 999998852
1149 999998851
1150 999998850
1151 999998849
1152 999998848
1153 999998847
1154 999998846
1155 999998845
1156 999998844
1157 999998843
1158 999998842
1159 999998841
1160 999998840
1161 999998839
1162 999998838
1163 999998837
1164 999998836
1165 999998835
1166 999998834
1167 999998833
1168 999998832
1169 999998831
1170 999998830
1171 999998829
1172 999998828
1173 999998827
1174 999998826
1175 999998825
1176 999998824
1177 999998823
1178 999998822
1179 999998821
1180 999998820
1181 999998819
1182 999998818
1183 999998817
1184 999998816
1185 999998815
1186 999998814
1187 999998813
1188 999998812
1189 999998811
1190 999998810
1191 999998809
1192 999998808
1193 999998807
1194 999998806
1195 999998805
1196 999998804
1197 999998803
1198 999998802
1199 999998801
1200 999998800
1201 999998799
1202 999998798
1203 999998797
1204 999998796
1205 999998795
1206 999998794
1207 999998793
1208 999998792
1209 999998791
1210 999998790
1211 999998789
1212 999998788
1213 999998787
1214 999998786
1215 999998785
1216 999998784
1217 999998783
1218 999998782
1219 999998781
1220 999998780
1221 999998779
1222 999998778
1223 999998777
1224 999998776
1225 999998775
1226 999998774
1227 999998773
1228 999998772
1229 999998771
1230 999998770
1231 999998769
1232 999998768
1233 999998767
1234 999998766
1235 999998765
1236 999998764
1237 999998763
1238 999998762
1239 999998761
1240 999998760
1241 999998759
1242 999998758
1243 999998757
1244 999998756
1245 999998755
1246 999998754
1247 999998753
1248 999998752
1249 999998751
1250 999998750
1251 999998749
1252 999998748
1253 999998747
1254 999998746
1255 999998745
1256 999998744
1257 999998743
1258 999998742
1259 999998741
1260 999998740
1261 999998739
1262 999998738
1263 999998737
1264 999998736
1265 999998735
1266 999998734
1267 999998733
1268 999998732
1269 999998731
1270 999998730
1271 999998729
1272 999998728
1273 999998727
1274 999998726
1275 999998725
1276 999998724
1277 999998723
1278 999998722
1279 999998721
1280 999998720
1281 999998719
1282 999998718
1283 999998717
1284 999998716
1285 999998715
1286 999998714
1287 999998713
1288 999998712
1289 999998711
1290 999998710
1291 999998709
1292 999998708
1293 999998707
1294 999998706
1295 999998705
1296 999998704
1297 999998703
1298 999998702
1299 999998701
1300 999998700
1301 999998699
1302 999998698
1303 999998697
1304 999998696
1305 999998695
1306 999998694
1307 999998693
1308 999998692
1309 999998691
1310 999998690
1311 999998689
1312 999998688
1313 999998687
1314 999998686
1315 999998685
1316 999998684
1317 999998683
1318 999998682
1319 999998681
1320 999998680
1321 999998679
1322 999998678
1323 999998677
1324 999998676
1325 999998675
1326 999998674
1327 999998673
1328 999998672
1329 999998671
1330 999998670
1331 999998669
1332 999998668
1333 999998667
1334 999998666
1335 999998665
1336 999998664
1337 999998663
1338 999998662
1339 999998661
1340 999998660
1341 999998659
1342 999998658
1343 999998657
1344 999998656
1345 999998655
1346 999998654
1347 999998653
1348 999998652
1349 999998651
1350 999998650
1351 999998649
1352 999998648
1353 999998647
1354 999998646
1355 999998645
1356 999998644
1357 999998643
1358 999998642
1359 999998641
1360 999998640
1361 999998639
1362 999998638
1363 999998637
1364 999998636
1365 999998635
1366 999998634
1367 999998633
1368 999998632
1369 999998631
1370 999998630
1371 999998629
1372 999998628
1373 999998627
1374 999998626
1375 999998625
1376 999998624
1377 999998623
1378 999998622
1379 999998621
1380 999998620
1381 999998619
1382 999998618
1383 999998617
1384 999998616
1385 999998615
1386 999998614
1387 999998613
1388 999998612
1389 999998611
1390 999998610
1391 999998609
1392 999998608
1393 999998607
1394 999998606
1395 999998605
1396 999998604
1397 999998603
1398 999998602
1399 999998601
1400 999998600
1401 999998599
1402 999998598
1403 999998597
1404 999998596
1405 999998595
1406 999998594
1407 999998593
1408 999998592
1409 999998591
1410 999998590
1411 999998589
1412 999998588
1413 999998587
1414 999998586
1415 999998585
1416 999998584
1417 999998583
1418 999998582
1419 999998581
1420 999998580
1421 999998579
1422 999998578
1423 999998577
1424 999998576
1425 999998575
1426 999998574
1427 999998573
1428 999998572
1429 999998571
1430 999998570
1431 999998569
1432 999998568
1433 999998567
1434 999998566
1435 999998565
1436 999998564
1437 999998563
1438 999998562
1439 999998561
1440 999998560
1441 999998559
1442 999998558
1443 999998557
1444 999998556
1445 999998555
1446 999998554
1447 999998553
1448 999998552
1449 999998551
1450 999998550
1451 999998549
1452 999998548
1453 999998547
1454 999998546
1455 999998545
1456 999998544
1457 999998543
1458 999998542
1459 999998541
1460 999998540
1461 999998539
1462 999998538
1463 999998537
1464 999998536
1465 999998535
1466 999998534
1467 999998533
1468 999998532
1469 999998531
1470 999998530
1471 999998529
1472 999998528
1473 999998527
1474 999998526
1475 999998525
1476 999998524
1477 999998523
1478 999998522
1479 999998521
1480 999998520
1481 999998519
1482 999998518
1483 999998517
1484 999998516
1485 999998515
1486 999998514
1487 999998513
1488 999998512
1489 999998511
1490 999998510
1491 999998509
1492 999998508
1493 999998507
1494 999998506
1495 999998505
1496 999998504
1497 999998503
1498 999998502
1499 999998501
1500 999998500
1501 999998499
1502 999998498
1503 999998497
1504 999998496
1505 999998495
1506 999998494
1507 999998493
1508 999998492
1509 999998491
1510 999998490
1511 999998489
1512 999998488
1513 999998487
1514 999998486
1515 999998485
1516 999998484
1517 999998483
1518 999998482
1519 999998481
1520 999998480
1521 999998479
1522 999998478
1523 999998477
1524 999998476
1525 999998475
1526 999998474
1527 999998473
1528 999998472
1529 999998471
1530 999998470
1531 999998469
1532 999998468
1533 999998467
1534 999998466
1535 999998465
1536 999998464
1537 999998463
1538 999998462
1539 999998461
1540 999998460
1541 999998459
1542 999998458
1543 999998457
1544 999998456
1545 999998455
1546 999998454
1547 999998453
1548 999998452
1549 999998451
1550 999998450
1551 999998449
1552 999998448
1553 999998447
1554 999998446
1555 999998445
1556 999998444
1557 999998443
1558 999998442
1559 999998441
1560 999998440
1561 999998439
1562 999998438
1563 999998437
1564 999998436
1565 999998435
1566 999998434
1567 999998433
1568 999998432
1569 999998431
1570 999998430
1571 999998429
1572 999998428
1573 999998427
1574 999998426
1575 999998425
1576 999998424
1577 999998423
1578 999998422
1579 999998421
1580 999998420
1581 999998419
1582 999998418
1583 999998417
1584 999998416
1585 999998415
1586 999998414
1587 999998413
1588 999998412
1589 999998411
1590 999998410
1591 999998409
1592 999998408
1593 999998407
1594 999998406
1595 999998405
1596 999998404
1597 999998403
1598 999998402
1599 999998401
1600 999998400
1601 999998399
1602 999998398
1603 999998397
1604 999998396
1605 999998395
1606 999998394
1607 999998393
1608 999998392
1609 999998391
1610 999998390
1611 999998389
1612 999998388
1613 999998387
1614 999998386
1615 999998385
1616 999998384
1617 999998383
1618 999998382
1619 999998381
1620 999998380
1621 999998379
1622 999998378
1623 999998377
1624 999998376
1625 999998375
1626 999998374
1627 999998373
1628 999998372
1629 999998371
1630 999998370
1631 999998369
1632 999998368
1633 999998367
1634 999998366
1635 999998365
1636 999998364
1637 999998363
1638 999998362
1639 999998361
1640 999998360
1641 999998359
1642 999998358
1643 999998357
1644 999998356
1645 999998355
1646 999998354
1647 999998353
1648 999998352
1649 999998351
1650 999998350
1651 999998349
1652 999998348
1653 999998347
1654 999998346
1655 999998345
1656 999998344
1657 999998343
1658 999998342
1659 999998341
1660 999998340
1661 999998339
1662 999998338
1663 999998337
1664 999998336
1665 999998335
1666 999998334
1667 999998333
1668 999998332
1669 999998331
1670 999998330
1671 999998329
1672 999998328
1673 999998327
1674 999998326
1675 999998325
1676 999998324
1677 999998323
1678 999998322
1679 999998321
1680 999998320
1681 999998319
1682 999998318
1683 999998317
1684 999998316
1685 999998315
1686 999998314
1687 999998313
1688 999998312
1689 999998311
1690 999998310
1691 999998309
1692 999998308
1693 999998307
1694 999998306
1695 999998305
1696 999998304
1697 999998303
1698 999998302
1699 999998301
1700 999998300
1701 999998299
1702 999998298
1703 999998297
1704 999998296
1705 999998295
1706 999998294
1707 999998293
1708 999998292
1709 999998291
1710 999998290
1711 999998289
1712 999998288
1713 999998287
1714 999998286
1715 999998285
1716 999998284
1717 999998283
1718 999998282
1719 999998281
1720 999998280
1721 999998279
1722 999998278
1723 999998277
1724 999998276
1725 999998275
1726 999998274
1727 999998273
1728 999998272
1729 999998271
1730 999998270
1731 999998269
1732 999998268
1733 999998267
1734 999998266
1735 999998265
1736 999998264
1737 999998263
1738 999998262
1739 999998261
1740 999998260
1741 999998259
1742 999998258
1743 999998257
1744 999998256
1745 999998255
1746 999998254
1747 999998253
1748 999998252
1749 999998251
1750 999998250
1751 999998249
1752 999998248
1753 999998247
1754 999998246
1755 999998245
1756 999998244
1757 999998243
1758 999998242
1759 999998241
1760 999998240
1761 999998239
1762 999998238
1763 999998237
1764 999998236
1765 999998235
1766 999998234
1767 999998233
1768 999998232
1769 999998231
1770 999998230
1771 999998229
1772 999998228
1773 999998227
1774 999998226
1775 999998225
1776 999998224
1777 999998223
1778 999998222
1779 999998221
1780 999998220
1781 999998219
1782 999998218
1783 999998217
1784 999998216
1785 999998215
1786 999998214
1787 999998213
1788 999998212
1789 999998211
1790 999998210
1791 999998209
1792 999998208
1793 999998207
1794 999998206
1795 999998205
1796 999998204
1797 999998203
1798 999998202
1799 999998201
1800 999998200
1801 999998199
1802 999998198
1803 999998197
1804 999998196
1805 999998195
1806 999998194
1807 999998193
1808 999998192
1809 999998191
1810 999998190
1811 999998189
1812 999998188
1813 999998187
1814 999998186
1815 999998185
1816 999998184
1817 999998183
1818 999998182
1819 999998181
1820 999998180
1821 999998179
1822 999998178
1823 999998177
1824 999998176
1825 999998175
1826 999998174
1827 999998173
1828 999998172
1829 999998171
1830 999998170
1831 999998169
1832 999998168
1833 999998167
1834 999998166
1835 999998165
1836 999998164
1837 999998163
1838 999998162
1839 999998161
1840 999998160
1841 999998159
1842 999998158
1843 999998157
1844 999998156
1845 999998155
1846 999998154
1847 999998153
1848 999998152
1849 999998151
1850 999998150
1851 999998149
1852 999998148
1853 999998147
1854 999998146
1855 999998145
1856 999998144
1857 999998143
1858 999998142
1859 999998141
1860 999998140
1861 999998139
1862 999998138
1863 999998137
1864 999998136
1865 999998135
1866 999998134
1867 999998133
1868 999998132
1869 999998131
1870 999998130
1871 999998129
1872 999998128
1873 999998127
1874 999998126
1875 999998125
1876 999998124
1877 999998123
1878 999998122
1879 999998121
1880 999998120
1881 999998119
1882 999998118
1883 999998117
1884 999998116
1885 999998115
1886 999998114
1887 999998113
1888 999998112
1889 999998111
1890 999998110
1891 999998109
1892 999998108
1893 999998107
1894 999998106
1895 999998105
1896 999998104
1897 999998103
1898 999998102
1899 999998101
1900 999998100
1901 999998099
1902 999998098
1903 999998097
1904 999998096
1905 999998095
1906 999998094
1907 999998093
1908 999998092
1909 999998091
1910 999998090
1911 999998089
1912 999998088
1913 999998087
1914 999998086
1915 999998085
1916 999998084
1917 999998083
1918 999998082
1919 999998081
1920 999998080
1921 999998079
1922 999998078
1923 999998077
1924 999998076
1925 999998075
1926 999998074
1927 999998073
1928 999998072
1929 999998071
1930 999998070
1931 999998069
1932 999998068
1933 999998067
1934 999998066
1935 999998065
1936 999998064
1937 999998063
1938 999998062
1939 999998061
1940 999998060
1941 999998059
1942 999998058
1943 999998057
1944 999998056
1945 999998055
1946 999998054
1947 999998053
1948 999998052
1949 999998051
1950 999998050
1951 999998049
1952 999998048
1953 999998047
1954 999998046
1955 999998045
1956 999998044
1957 999998043
1958 999998042
1959 999998041
1960 999998040
1961 999998039
1962 999998038
1963 999998037
1964 999998036
1965 999998035
1966 999998034
1967 999998033
1968 999998032
1969 999998031
1970 999998030
1971 999998029
1972 999998028
1973 999998027
1974 999998026
1975 999998025
1976 999998024
1977 999998023
1978 999998022
1979 999998021
1980 999998020
1981 999998019
1982 999998018
1983 999998017
1984 999998016
1985 999998015
1986 999998014
1987 999998013
1988 999998012
1989 999998011
1990 999998010
1991 999998009
1992 999998008
1993 999998007
1994 999998006
1995 999998005
1996 999998004
1997 999998003
1998 999998002
1999 999998001
2000 999998000
2001 999997999
2002 999997998
2003 999997997
2004 999997996
2005 999997995
2006 999997994
2007 999997993
2008 999997992
2009 999997991
2010 999997990
2011 999997989
2012 999997988
2013 999997987
2014 999997986
2015 999997985
2016 999997984
2017 999997983
2018 999997982
2019 999997981
2020 999997980
2021 999997979
2022 999997978
2023 999997977
2024 999997976
2025 999997975
2026 999997974
2027 999997973
2028 999997972
2029 999997971
2030 999997970
2031 999997969
2032 999997968
2033 999997967
2034 999997966
2035 999997965
2036 999997964
2037 999997963
2038 999997962
2039 999997961
2040 999997960
2041 999997959
2042 999997958
2043 999997957
2044 999997956
2045 999997955
2046 999997954
2047 999997953
2048 999997952
2049 999997951
2050 999997950
2051 999997949
2052 999997948
2053 999997947
2054 999997946
2055 999997945
2056 999997944
2057 999997943
2058 999997942
2059 999997941
2060 999997940
2061 999997939
2062 999997938
2063 999997937
2064 999997936
2065 999997935
2066 999997934
2067 999997933
2068 999997932
2069 999997931
2070 999997930
2071 999997929
2072 999997928
2073 999997927
2074 999997926
2075 999997925
2076 999997924
2077 999997923
2078 999997922
2079 999997921
2080 999997920
2081 999997919
2082 999997918
2083 999997917
2084 999997916
2085 999997915
2086 999997914
2087 999997913
2088 999997912
2089 999997911
2090 999997910
2091 999997909
2092 999997908
2093 999997907
2094 999997906
2095 999997905
2096 999997904
2097 999997903
2098 999997902
2099 999997901
2100 999997900
2101 999997899
2102 999997898
2103 999997897
2104 999997896
2105 999997895
2106 999997894
2107 999997893
2108 999997892
2109 999997891
2110 999997890
2111 999997889
2112 999997888
2113 999997887
2114 999997886
2115 999997885
2116 999997884
2117 999997883
2118 999997882
2119 999997881
2120 999997880
2121 999997879
2122 999997878
2123 999997877
2124 999997876
2125 999997875
2126 999997874
2127 999997873
2128 999997872
2129 999997871
2130 999997870
2131 999997869
2132 999997868
2133 999997867
2134 999997866
2135 999997865
2136 999997864
2137 999997863
2138 999997862
2139 999997861
2140 999997860
2141 999997859
2142 999997858
2143 999997857
2144 999997856
2145 999997855
2146 999997854
2147 999997853
2148 999997852
2149 999997851
2150 999997850
2151 999997849
2152 999997848
2153 999997847
2154 999997846
2155 999997845
2156 999997844
2157 999997843
2158 999997842
2159 999997841
2160 999997840
2161 999997839
2162 999997838
2163 999997837
2164 999997836
2165 999997835
2166 999997834
2167 999997833
2168 999997832
2169 999997831
2170 999997830
2171 999997829
2172 999997828
2173 999997827
2174 999997826
2175 999997825
2176 999997824
2177 999997823
2178 999997822
2179 999997821
2180 999997820
2181 999997819
2182 999997818
2183 999997817
2184 999997816
2185 999997815
2186 999997814
2187 999997813
2188 999997812
2189 999997811
2190 999997810
2191 999997809
2192 999997808
2193 999997807
2194 999997806
2195 999997805
2196 999997804
2197 999997803
2198 999997802
2199 999997801
2200 999997800
2201 999997799
2202 999997798
2203 999997797
2204 999997796
2205 999997795
2206 999997794
2207 999997793
2208 999997792
2209 999997791
2210 999997790
2211 999997789
2212 999997788
2213 999997787
2214 999997786
2215 999997785
2216 999997784
2217 999997783
2218 999997782
2219 999997781
2220 999997780
2221 999997779
2222 999997778
2223 999997777
2224 999997776
2225 999997775
2226 999997774
2227 999997773
2228 999997772
2229 999997771
2230 999997770
2231 999997769
2232 999997768
2233 999997767
2234 999997766
2235 999997765
2236 999997764
2237 999997763
2238 999997762
2239 999997761
2240 999997760
2241 999997759
2242 999997758
2243 999997757
2244 999997756
2245 999997755
2246 999997754
2247 999997753
2248 999997752
2249 999997751
2250 999997750
2251 999997749
2252 999997748
2253 999997747
2254 999997746
2255 999997745
2256 999997744
2257 999997743
2258 999997742
2259 999997741
2260 999997740
2261 999997739
2262 999997738
2263 999997737
2264 999997736
2265 999997735
2266 999997734
2267 999997733
2268 999997732
2269 999997731
2270 999997730
2271 999997729
2272 999997728
2273 999997727
2274 999997726
2275 999997725
2276 999997724
2277 999997723
2278 999997722
2279 999997721
2280 999997720
2281 999997719
2282 999997718
2283 999997717
2284 999997716
2285 999997715
2286 999997714
2287 999997713
2288 999997712
2289 999997711
2290 999997710
2291 999997709
2292 999997708
2293 999997707
2294 999997706
2295 999997705
2296 999997704
2297 999997703
2298 999997702
2299 999997701
2300 999997700
2301 999997699
2302 999997698
2303 999997697
2304 999997696
2305 999997695
2306 999997694
2307 999997693
2308 999997692
2309 999997691
2310 999997690
2311 999997689
2312 999997688
2313 999997687
2314 999997686
2315 999997685
2316 999997684
2317 999997683
2318 999997682
2319 999997681
2320 999997680
2321 999997679
2322 999997678
2323 999997677
2324 999997676
2325 999997675
2326 999997674
2327 999997673
2328 999997672
2329 999997671
2330 999997670
2331 999997669
2332 999997668
2333 999997667
2334 999997666
2335 999997665
2336 999997664
2337 999997663
2338 999997662
2339 999997661
2340 999997660
2341 999997659
2342 999997658
2343 999997657
2344 999997656
2345 999997655
2346 999997654
2347 999997653
2348 999997652
2349 999997651
2350 999997650
2351 999997649
2352 999997648
2353 999997647
2354 999997646
2355 999997645
2356 999997644
2357 999997643
2358 999997642
2359 999997641
2360 999997640
2361 999997639
2362 999997638
2363 999997637
2364 999997636
2365 999997635
2366 999997634
2367 999997633
2368 999997632
2369 999997631
2370 999997630
2371 999997629
2372 999997628
2373 999997627
2374 999997626
2375 999997625
2376 999997624
2377 999997623
2378 999997622
2379 999997621
2380 999997620
2381 999997619
2382 999997618
2383 999997617
2384 999997616
2385 999997615
2386 999997614
2387 999997613
2388 999997612
2389 999997611
2390 999997610
2391 999997609
2392 999997608
2393 999997607
2394 999997606
2395 999997605
2396 999997604
2397 999997603
2398 999997602
2399 999997601
2400 999997600
2401 999997599
2402 999997598
2403 999997597
2404 999997596
2405 999997595
2406 999997594
2407 999997593
2408 999997592
2409 999997591
2410 999997590
2411 999997589
2412 999997588
2413 999997587
2414 999997586
2415 999997585
2416 999997584
2417 999997583
2418 999997582
2419 999997581
2420 999997580
2421 999997579
2422 999997578
2423 999997577
2424 999997576
2425 999997575
2426 999997574
2427 999997573
2428 999997572
2429 999997571
2430 999997570
2431 999997569
2432 999997568
2433 999997567
2434 999997566
2435 999997565
2436 999997564
2437 999997563
2438 999997562
2439 999997561
2440 999997560
2441 999997559
2442 999997558
2443 999997557
2444 999997556
2445 999997555
2446 999997554
2447 999997553
2448 999997552
2449 999997551
2450 999997550
2451 999997549
2452 999997548
2453 999997547
2454 999997546
2455 999997545
2456 999997544
2457 999997543
2458 999997542
2459 999997541
2460 999997540
2461 999997539
2462 999997538
2463 999997537
2464 999997536
2465 999997535
2466 999997534
2467 999997533
2468 999997532
2469 999997531
2470 999997530
2471 999997529
2472 999997528
2473 999997527
2474 999997526
2475 999997525
2476 999997524
2477 999997523
2478 999997522
2479 999997521
2480 999997520
2481 999997519
2482 999997518
2483 999997517
2484 999997516
2485 999997515
2486 999997514
2487 999997513
2488 999997512
2489 999997511
2490 999997510
2491 999997509
2492 999997508
2493 999997507
2494 999997506
2495 999997505
2496 999997504
2497 999997503
2498 999997502
2499 999997501
2500 999997500
2501 999997499
2502 999997498
2503 999997497
2504 999997496
2505 999997495
2506 999997494
2507 999997493
2508 999997492
2509 999997491
2510 999997490
2511 999997489
2512 999997488
2513 999997487
2514 999997486
2515 999997485
2516 999997484
2517 999997483
2518 999997482
2519 999997481
2520 999997480
2521 999997479
2522 999997478
2523 999997477
2524 999997476
2525 999997475
2526 999997474
2527 999997473
2528 999997472
2529 999997471
2530 999997470
2531 999997469
2532 999997468
2533 999997467
2534 999997466
2535 999997465
2536 999997464
2537 999997463
2538 999997462
2539 999997461
2540 999997460
2541 999997459
2542 999997458
2543 999997457
2544 999997456
2545 999997455
2546 999997454
2547 999997453
2548 999997452
2549 999997451
2550 999997450
2551 999997449
2552 999997448
2553 999997447
2554 999997446
2555 999997445
2556 999997444
2557 999997443
2558 999997442
2559 999997441
2560 999997440
2561 999997439
2562 999997438
2563 999997437
2564 999997436
2565 999997435
2566 999997434
2567 999997433
2568 999997432
2569 999997431
2570 999997430
2571 999997429
2572 999997428
2573 999997427
2574 999997426
2575 999997425
2576 999997424
2577 999997423
2578 999997422
2579 999997421
2580 999997420
2581 999997419
2582 999997418
2583 999997417
2584 999997416
2585 999997415
2586 999997414
2587 999997413
2588 999997412
2589 999997411
2590 999997410
2591 999997409
2592 999997408
2593 999997407
2594 999997406
2595 999997405
2596 999997404
2597 999997403
2598 999997402
2599 999997401
2600 999997400
2601 999997399
2602 999997398
2603 999997397
2604 999997396
2605 999997395
2606 999997394
2607 999997393
2608 999997392
2609 999997391
2610 999997390
2611 999997389
2612 999997388
2613 999997387
2614 999997386
2615 999997385
2616 999997384
2617 999997383
2618 999997382
2619 999997381
2620 999997380
2621 999997379
2622 999997378
2623 999997377
2624 999997376
2625 999997375
2626 999997374
2627 999997373
2628 999997372
2629 999997371
2630 999997370
2631 999997369
2632 999997368
2633 999997367
2634 999997366
2635 999997365
2636 999997364
2637 999997363
2638 999997362
2639 999997361
2640 999997360
2641 999997359
2642 999997358
2643 999997357
2644 999997356
2645 999997355
2646 999997354
2647 999997353
2648 999997352
2649 999997351
2650 999997350
2651 999997349
2652 999997348
2653 999997347
2654 999997346
2655 999997345
2656 999997344
2657 999997343
2658 999997342
2659 999997341
2660 999997340
2661 999997339
2662 999997338
2663 999997337
2664 999997336
2665 999997335
2666 999997334
2667 999997333
2668 999997332
2669 999997331
2670 999997330
2671 999997329
2672 999997328
2673 999997327
2674 999997326
2675 999997325
2676 999997324
2677 999997323
2678 999997322
2679 999997321
2680 999997320
2681 999997319
2682 999997318
2683 999997317
2684 999997316
2685 999997315
2686 999997314
2687 999997313
2688 999997312
2689 999997311
2690 999997310
2691 999997309
2692 999997308
2693 999997307
2694 999997306
2695 999997305
2696 999997304
2697 999997303
2698 999997302
2699 999997301
2700 999997300
2701 999997299
2702 999997298
2703 999997297
2704 999997296
2705 999997295
2706 999997294
2707 999997293
2708 999997292
2709 999997291
2710 999997290
2711 999997289
2712 999997288
2713 999997287
2714 999997286
2715 999997285
2716 999997284
2717 999997283
2718 999997282
2719 999997281
2720 999997280
2721 999997279
2722 999997278
2723 999997277
2724 999997276
2725 999997275
2726 999997274
2727 999997273
2728 999997272
2729 999997271
2730 999997270
2731 999997269
2732 999997268
2733 999997267
2734 999997266
2735 999997265
2736 999997264
2737 999997263
2738 999997262
2739 999997261
2740 999997260
2741 999997259
2742 999997258
2743 999997257
2744 999997256
2745 999997255
2746 999997254
2747 999997253
2748 999997252
2749 999997251
2750 999997250
2751 999997249
2752 999997248
2753 999997247
2754 999997246
2755 999997245
2756 999997244
2757 999997243
2758 999997242
2759 999997241
2760 999997240
2761 999997239
2762 999997238
2763 999997237
2764 999997236
2765 999997235
2766 999997234
2767 999997233
2768 999997232
2769 999997231
2770 999997230
2771 999997229
2772 999997228
2773 999997227
2774 999997226
2775 999997225
2776 999997224
2777 999997223
2778 999997222
2779 999997221
2780 999997220
2781 999997219
2782 999997218
2783 999997217
2784 999997216
2785 999997215
2786 999997214
2787 999997213
2788 999997212
2789 999997211
2790 999997210
2791 999997209
2792 999997208
2793 999997207
2794 999997206
2795 999997205
2796 999997204
2797 999997203
2798 999997202
2799 999997201
2800 999997200
2801 999997199
2802 999997198
2803 999997197
2804 999997196
2805 999997195
2806 999997194
2807 999997193
2808 999997192
2809 999997191
2810 999997190
2811 999997189
2812 999997188
2813 999997187
2814 999997186
2815 999997185
2816 999997184
2817 999997183
2818 999997182
2819 999997181
2820 999997180
2821 999997179
2822 999997178
2823 999997177
2824 999997176
2825 999997175
2826 999997174
2827 999997173
2828 999997172
2829 999997171
2830 999997170
2831 999997169
2832 999997168
2833 999997167
2834 999997166
2835 999997165
2836 999997164
2837 999997163
2838 999997162
2839 999997161
2840 999997160
2841 999997159
2842 999997158
2843 999997157
2844 999997156
2845 999997155
2846 999997154
2847 999997153
2848 999997152
2849 999997151
2850 999997150
2851 999997149
2852 999997148
2853 999997147
2854 999997146
2855 999997145
2856 999997144
2857 999997143
2858 999997142
2859 999997141
2860 999997140
2861 999997139
2862 999997138
2863 999997137
2864 999997136
2865 999997135
2866 999997134
2867 999997133
2868 999997132
2869 999997131
2870 999997130
2871 999997129
2872 999997128
2873 999997127
2874 999997126
2875 999997125
2876 999997124
2877 999997123
2878 999997122
2879 999997121
2880 999997120
2881 999997119
2882 999997118
2883 999997117
2884 999997116
2885 999997115
2886 999997114
2887 999997113
2888 999997112
2889 999997111
2890 999997110
2891 999997109
2892 999997108
2893 999997107
2894 999997106
2895 999997105
2896 999997104
2897 999997103
2898 999997102
2899 999997101
2900 999997100
2901 999997099
2902 999997098
2903 999997097
2904 999997096
2905 999997095
2906 999997094
2907 999997093
2908 999997092
2909 999997091
2910 999997090
2911 999997089
2912 999997088
2913 999997087
2914 999997086
2915 999997085
2916 999997084
2917 999997083
2918 999997082
2919 999997081
2920 999997080
2921 999997079
2922 999997078
2923 999997077
2924 999997076
2925 999997075
2926 999997074
2927 999997073
2928 999997072
2929 999997071
2930 999997070
2931 999997069
2932 999997068
2933 999997067
2934 999997066
2935 999997065
2936 999997064
2937 999997063
2938 999997062
2939 999997061
2940 999997060
2941 999997059
2942 999997058
2943 999997057
2944 999997056
2945 999997055
2946 999997054
2947 999997053
2948 999997052
2949 999997051
2950 999997050
2951 999997049
2952 999997048
2953 999997047
2954 999997046
2955 999997045
2956 999997044
2957 999997043
2958 999997042
2959 999997041
2960 999997040
2961 999997039
2962 999997038
2963 999997037
2964 999997036
2965 999997035
2966 999997034
2967 999997033
2968 999997032
2969 999997031
2970 999997030
2971 999997029
2972 999997028
2973 999997027
2974 999997026
2975 999997025
2976 999997024
2977 999997023
2978 999997022
2979 999997021
2980 999997020
2981 999997019
2982 999997018
2983 999997017
2984 999997016
2985 999997015
2986 999997014
2987 999997013
2988 999997012
2989 999997011
2990 999997010
2991 999997009
2992 999997008
2993 999997007
2994 999997006
2995 999997005
2996 999997004
2997 999997003
2998 999997002
2999 999997001
3000 999997000
3001 999996999
3002 999996998
3003 999996997
3004 999996996
3005 999996995
3006 999996994
3007 999996993
3008 999996992
3009 999996991
3010 999996990
3011 999996989
3012 999996988
3013 999996987
3014 999996986
3015 999996985
3016 999996984
3017 999996983
3018 999996982
3019 999996981
3020 999996980
3021 999996979
3022 999996978
3023 999996977
3024 999996976
3025 999996975
3026 999996974
3027 999996973
3028 999996972
3029 999996971
3030 999996970
3031 999996969
3032 999996968
3033 999996967
3034 999996966
3035 999996965
3036 999996964
3037 999996963
3038 999996962
3039 999996961
3040 999996960
3041 999996959
3042 999996958
3043 999996957
3044 999996956
3045 999996955
3046 999996954
3047 999996953
3048 999996952
3049 999996951
3050 999996950
3051 999996949
3052 999996948
3053 999996947
3054 999996946
3055 999996945
3056 999996944
3057 999996943
3058 999996942
3059 999996941
3060 999996940
3061 999996939
3062 999996938
3063 999996937
3064 999996936
3065 999996935
3066 999996934
3067 999996933
3068 999996932
3069 999996931
3070 999996930
3071 999996929
3072 999996928
3073 999996927
3074 999996926
3075 999996925
3076 999996924
3077 999996923
3078 999996922
3079 999996921
3080 999996920
3081 999996919
3082 999996918
3083 999996917
3084 999996916
3085 999996915
3086 999996914
3087 999996913
3088 999996912
3089 999996911
3090 999996910
3091 999996909
3092 999996908
3093 999996907
3094 999996906
3095 999996905
3096 999996904
3097 999996903
3098 999996902
3099 999996901
3100 999996900
3101 999996899
3102 999996898
3103 999996897
3104 999996896
3105 999996895
3106 999996894
3107 999996893
3108 999996892
3109 999996891
3110 999996890
3111 999996889
3112 999996888
3113 999996887
3114 999996886
3115 999996885
3116 999996884
3117 999996883
3118 999996882
3119 999996881
3120 999996880
3121 999996879
3122 999996878
3123 999996877
3124 999996876
3125 999996875
3126 999996874
3127 999996873
3128 999996872
3129 999996871
3130 999996870
3131 999996869
3132 999996868
3133 999996867
3134 999996866
3135 999996865
3136 999996864
3137 999996863
3138 999996862
3139 999996861
3140 999996860
3141 999996859
3142 999996858
3143 999996857
3144 999996856
3145 999996855
3146 999996854
3147 999996853
3148 999996852
3149 999996851
3150 999996850
3151 999996849
3152 999996848
3153 999996847
3154 999996846
3155 999996845
3156 999996844
3157 999996843
3158 999996842
3159 999996841
3160 999996840
3161 999996839
3162 999996838
3163 999996837
3164 999996836
3165 999996835
3166 999996834
3167 999996833
3168 999996832
3169 999996831
3170 999996830
3171 999996829
3172 999996828
3173 999996827
3174 999996826
3175 999996825
3176 999996824
3177 999996823
3178 999996822
3179 999996821
3180 999996820
3181 999996819
3182 999996818
3183 999996817
3184 999996816
3185 999996815
3186 999996814
3187 999996813
3188 999996812
3189 999996811
3190 999996810
3191 999996809
3192 999996808
3193 999996807
3194 999996806
3195 999996805
3196 999996804
3197 999996803
3198 999996802
3199 999996801
3200 999996800
3201 999996799
3202 999996798
3203 999996797
3204 999996796
3205 999996795
3206 999996794
3207 999996793
3208 999996792
3209 999996791
3210 999996790
3211 999996789
3212 999996788
3213 999996787
3214 999996786
3215 999996785
3216 999996784
3217 999996783
3218 999996782
3219 999996781
3220 999996780
3221 999996779
3222 999996778
3223 999996777
3224 999996776
3225 999996775
3226 999996774
3227 999996773
3228 999996772
3229 999996771
3230 999996770
3231 999996769
3232 999996768
3233 999996767
3234 999996766
3235 999996765
3236 999996764
3237 999996763
3238 999996762
3239 999996761
3240 999996760
3241 999996759
3242 999996758
3243 999996757
3244 999996756
3245 999996755
3246 999996754
3247 999996753
3248 999996752
3249 999996751
3250 999996750
3251 999996749
3252 999996748
3253 999996747
3254 999996746
3255 999996745
3256 999996744
3257 999996743
3258 999996742
3259 999996741
3260 999996740
3261 999996739
3262 999996738
3263 999996737
3264 999996736
3265 999996735
3266 999996734
3267 999996733
3268 999996732
3269 999996731
3270 999996730
3271 999996729
3272 999996728
3273 999996727
3274 999996726
3275 999996725
3276 999996724
3277 999996723
3278 999996722
3279 999996721
3280 999996720
3281 999996719
3282 999996718
3283 999996717
3284 999996716
3285 999996715
3286 999996714
3287 999996713
3288 999996712
3289 999996711
3290 999996710
3291 999996709
3292 999996708
3293 999996707
3294 999996706
3295 999996705
3296 999996704
3297 999996703
3298 999996702
3299 999996701
3300 999996700
3301 999996699
3302 999996698
3303 999996697
3304 999996696
3305 999996695
3306 999996694
3307 999996693
3308 999996692
3309 999996691
3310 999996690
3311 999996689
3312 999996688
3313 999996687
3314 999996686
3315 999996685
3316 999996684
3317 999996683
3318 999996682
3319 999996681
3320 999996680
3321 999996679
3322 999996678
3323 999996677
3324 999996676
3325 999996675
3326 999996674
3327 999996673
3328 999996672
3329 999996671
3330 999996670
3331 999996669
3332 999996668
3333 999996667
3334 999996666
3335 999996665
3336 999996664
3337 999996663
3338 999996662
3339 999996661
3340 999996660
3341 999996659
3342 999996658
3343 999996657
3344 999996656
3345 999996655
3346 999996654
3347 999996653
3348 999996652
3349 999996651
3350 999996650
3351 999996649
3352 999996648
3353 999996647
3354 999996646
3355 999996645
3356 999996644
3357 999996643
3358 999996642
3359 999996641
3360 999996640
3361 999996639
3362 999996638
3363 999996637
3364 999996636
3365 999996635
3366 999996634
3367 999996633
3368 999996632
3369 999996631
3370 999996630
3371 999996629
3372 999996628
3373 999996627
3374 999996626
3375 999996625
3376 999996624
3377 999996623
3378 999996622
3379 999996621
3380 999996620
3381 999996619
3382 999996618
3383 999996617
3384 999996616
3385 999996615
3386 999996614
3387 999996613
3388 999996612
3389 999996611
3390 999996610
3391 999996609
3392 999996608
3393 999996607
3394 999996606
3395 999996605
3396 999996604
3397 999996603
3398 999996602
3399 999996601
3400 999996600
3401 999996599
3402 999996598
3403 999996597
3404 999996596
3405 999996595
3406 999996594
3407 999996593
3408 999996592
3409 999996591
3410 999996590
3411 999996589
3412 999996588
3413 999996587
3414 999996586
3415 999996585
3416 999996584
3417 999996583
3418 999996582
3419 999996581
3420 999996580
3421 999996579
3422 999996578
3423 999996577
3424 999996576
3425 999996575
3426 999996574
3427 999996573
3428 999996572
3429 999996571
3430 999996570
3431 999996569
3432 999996568
3433 999996567
3434 999996566
3435 999996565
3436 999996564
3437 999996563
3438 999996562
3439 999996561
3440 999996560
3441 999996559
3442 999996558
3443 999996557
3444 999996556
3445 999996555
3446 999996554
3447 999996553
3448 999996552
3449 999996551
3450 999996550
3451 999996549
3452 999996548
3453 999996547
3454 999996546
3455 999996545
3456 999996544
3457 999996543
3458 999996542
3459 999996541
3460 999996540
3461 999996539
3462 999996538
3463 999996537
3464 999996536
3465 999996535
3466 999996534
3467 999996533
3468 999996532
3469 999996531
3470 999996530
3471 999996529
3472 999996528
3473 999996527
3474 999996526
3475 999996525
3476 999996524
3477 999996523
3478 999996522
3479 999996521
3480 999996520
3481 999996519
3482 999996518
3483 999996517
3484 999996516
3485 999996515
3486 999996514
3487 999996513
3488 999996512
3489 999996511
3490 999996510
3491 999996509
3492 999996508
3493 999996507
3494 999996506
3495 999996505
3496 999996504
3497 999996503
3498 999996502
3499 999996501
3500 999996500
3501 999996499
3502 999996498
3503 999996497
3504 999996496
3505 999996495
3506 999996494
3507 999996493
3508 999996492
3509 999996491
3510 999996490
3511 999996489
3512 999996488
3513 999996487
3514 999996486
3515 999996485
3516 999996484
3517 999996483
3518 999996482
3519 999996481
3520 999996480
3521 999996479
3522 999996478
3523 999996477
3524 999996476
3525 999996475
3526 999996474
3527 999996473
3528 999996472
3529 999996471
3530 999996470
3531 999996469
3532 999996468
3533 999996467
3534 999996466
3535 999996465
3536 999996464
3537 999996463
3538 999996462
3539 999996461
3540 999996460
3541 999996459
3542 999996458
3543 999996457
3544 999996456
3545 999996455
3546 999996454
3547 999996453
3548 999996452
3549 999996451
3550 999996450
3551 999996449
3552 999996448
3553 999996447
3554 999996446
3555 999996445
3556 999996444
3557 999996443
3558 999996442
3559 999996441
3560 999996440
3561 999996439
3562 999996438
3563 999996437
3564 999996436
3565 999996435
3566 999996434
3567 999996433
3568 999996432
3569 999996431
3570 999996430
3571 999996429
3572 999996428
3573 999996427
3574 999996426
3575 999996425
3576 999996424
3577 999996423
3578 999996422
3579 999996421
3580 999996420
3581 999996419
3582 999996418
3583 999996417
3584 999996416
3585 999996415
3586 999996414
3587 999996413
3588 999996412
3589 999996411
3590 999996410
3591 999996409
3592 999996408
3593 999996407
3594 999996406
3595 999996405
3596 999996404
3597 999996403
3598 999996402
3599 999996401
3600 999996400
3601 999996399
3602 999996398
3603 999996397
3604 999996396
3605 999996395
3606 999996394
3607 999996393
3608 999996392
3609 999996391
3610 999996390
3611 999996389
3612 999996388
3613 999996387
3614 999996386
3615 999996385
3616 999996384
3617 999996383
3618 999996382
3619 999996381
3620 999996380
3621 999996379
3622 999996378
3623 999996377
3624 999996376
3625 999996375
3626 999996374
3627 999996373
3628 999996372
3629 999996371
3630 999996370
3631 999996369
3632 999996368
3633 999996367
3634 999996366
3635 999996365
3636 999996364
3637 999996363
3638 999996362
3639 999996361
3640 999996360
3641 999996359
3642 999996358
3643 999996357
3644 999996356
3645 999996355
3646 999996354
3647 999996353
3648 999996352
3649 999996351
3650 999996350
3651 999996349
3652 999996348
3653 999996347
3654 999996346
3655 999996345
3656 999996344
3657 999996343
3658 999996342
3659 999996341
3660 999996340
3661 999996339
3662 999996338
3663 999996337
3664 999996336
3665 999996335
3666 999996334
3667 999996333
3668 999996332
3669 999996331
3670 999996330
3671 999996329
3672 999996328
3673 999996327
3674 999996326
3675 999996325
3676 999996324
3677 999996323
3678 999996322
3679 999996321
3680 999996320
3681 999996319
3682 999996318
3683 999996317
3684 999996316
3685 999996315
3686 999996314
3687 999996313
3688 999996312
3689 999996311
3690 999996310
3691 999996309
3692 999996308
3693 999996307
3694 999996306
3695 999996305
3696 999996304
3697 999996303
3698 999996302
3699 999996301
3700 999996300
3701 999996299
3702 999996298
3703 999996297
3704 999996296
3705 999996295
3706 999996294
3707 999996293
3708 999996292
3709 999996291
3710 999996290
3711 999996289
3712 999996288
3713 999996287
3714 999996286
3715 999996285
3716 999996284
3717 999996283
3718 999996282
3719 999996281
3720 999996280
3721 999996279
3722 999996278
3723 999996277
3724 999996276
3725 999996275
3726 999996274
3727 999996273
3728 999996272
3729 999996271
3730 999996270
3731 999996269
3732 999996268
3733 999996267
3734 999996266
3735 999996265
3736 999996264
3737 999996263
3738 999996262
3739 999996261
3740 999996260
3741 999996259
3742 999996258
3743 999996257
3744 999996256
3745 999996255
3746 999996254
3747 999996253
3748 999996252
3749 999996251
3750 999996250
3751 999996249
3752 999996248
3753 999996247
3754 999996246
3755 999996245
3756 999996244
3757 999996243
3758 999996242
3759 999996241
3760 999996240
3761 999996239
3762 999996238
3763 999996237
3764 999996236
3765 999996235
3766 999996234
3767 999996233
3768 999996232
3769 999996231
3770 999996230
3771 999996229
3772 999996228
3773 999996227
3774 999996226
3775 999996225
3776 999996224
3777 999996223
3778 999996222
3779 999996221
3780 999996220
3781 999996219
3782 999996218
3783 999996217
3784 999996216
3785 999996215
3786 999996214
3787 999996213
3788 999996212
3789 999996211
3790 999996210
3791 999996209
3792 999996208
3793 999996207
3794 999996206
3795 999996205
3796 999996204
3797 999996203
3798 999996202
3799 999996201
3800 999996200
3801 999996199
3802 999996198
3803 999996197
3804 999996196
3805 999996195
3806 999996194
3807 999996193
3808 999996192
3809 999996191
3810 999996190
3811 999996189
3812 999996188
3813 999996187
3814 999996186
3815 999996185
3816 999996184
3817 999996183
3818 999996182
3819 999996181
3820 999996180
3821 999996179
3822 999996178
3823 999996177
3824 999996176
3825 999996175
3826 999996174
3827 999996173
3828 999996172
3829 999996171
3830 999996170
3831 999996169
3832 999996168
3833 999996167
3834 999996166
3835 999996165
3836 999996164
3837 999996163
3838 999996162
3839 999996161
3840 999996160
3841 999996159
3842 999996158
3843 999996157
3844 999996156
3845 999996155
3846 999996154
3847 999996153
3848 999996152
3849 999996151
3850 999996150
3851 999996149
3852 999996148
3853 999996147
3854 999996146
3855 999996145
3856 999996144
3857 999996143
3858 999996142
3859 999996141
3860 999996140
3861 999996139
3862 999996138
3863 999996137
3864 999996136
3865 999996135
3866 999996134
3867 999996133
3868 999996132
3869 999996131
3870 999996130
3871 999996129
3872 999996128
3873 999996127
3874 999996126
3875 999996125
3876 999996124
3877 999996123
3878 999996122
3879 999996121
3880 999996120
3881 999996119
3882 999996118
3883 999996117
3884 999996116
3885 999996115
3886 999996114
3887 999996113
3888 999996112
3889 999996111
3890 999996110
3891 999996109
3892 999996108
3893 999996107
3894 999996106
3895 999996105
3896 999996104
3897 999996103
3898 999996102
3899 999996101
3900 999996100
3901 999996099
3902 999996098
3903 999996097
3904 999996096
3905 999996095
3906 999996094
3907 999996093
3908 999996092
3909 999996091
3910 999996090
3911 999996089
3912 999996088
3913 999996087
3914 999996086
3915 999996085
3916 999996084
3917 999996083
3918 999996082
3919 999996081
3920 999996080
3921 999996079
3922 999996078
3923 999996077
3924 999996076
3925 999996075
3926 999996074
3927 999996073
3928 999996072
3929 999996071
3930 999996070
3931 999996069
3932 999996068
3933 999996067
3934 999996066
3935 999996065
3936 999996064
3937 999996063
3938 999996062
3939 999996061
3940 999996060
3941 999996059
3942 999996058
3943 999996057
3944 999996056
3945 999996055
3946 999996054
3947 999996053
3948 999996052
3949 999996051
3950 999996050
3951 999996049
3952 999996048
3953 999996047
3954 999996046
3955 999996045
3956 999996044
3957 999996043
3958 999996042
3959 999996041
3960 999996040
3961 999996039
3962 999996038
3963 999996037
3964 999996036
3965 999996035
3966 999996034
3967 999996033
3968 999996032
3969 999996031
3970 999996030
3971 999996029
3972 999996028
3973 999996027
3974 999996026
3975 999996025
3976 999996024
3977 999996023
3978 999996022
3979 999996021
3980 999996020
3981 999996019
3982 999996018
3983 999996017
3984 999996016
3985 999996015
3986 999996014
3987 999996013
3988 999996012
3989 999996011
3990 999996010
3991 999996009
3992 999996008
3993 999996007
3994 999996006
3995 999996005
3996 999996004
3997 999996003
3998 999996002
3999 999996001
4000 999996000
4001 999995999
4002 999995998
4003 999995997
4004 999995996
4005 999995995
4006 999995994
4007 999995993
4008 999995992
4009 999995991
4010 999995990
4011 999995989
4012 999995988
4013 999995987
4014 999995986
4015 999995985
4016 999995984
4017 999995983
4018 999995982
4019 999995981
4020 999995980
4021 999995979
4022 999995978
4023 999995977
4024 999995976
4025 999995975
4026 999995974
4027 999995973
4028 999995972
4029 999995971
4030 999995970
4031 999995969
4032 999995968
4033 999995967
4034 999995966
4035 999995965
4036 999995964
4037 999995963
4038 999995962
4039 999995961
4040 999995960
4041 999995959
4042 999995958
4043 999995957
4044 999995956
4045 999995955
4046 999995954
4047 999995953
4048 999995952
4049 999995951
4050 999995950
4051 999995949
4052 999995948
4053 999995947
4054 999995946
4055 999995945
4056 999995944
4057 999995943
4058 999995942
4059 999995941
4060 999995940
4061 999995939
4062 999995938
4063 999995937
4064 999995936
4065 999995935
4066 999995934
4067 999995933
4068 999995932
4069 999995931
4070 999995930
4071 999995929
4072 999995928
4073 999995927
4074 999995926
4075 999995925
4076 999995924
4077 999995923
4078 999995922
4079 999995921
4080 999995920
4081 999995919
4082 999995918
4083 999995917
4084 999995916
4085 999995915
4086 999995914
4087 999995913
4088 999995912
4089 999995911
4090 999995910
4091 999995909
4092 999995908
4093 999995907
4094 999995906
4095 999995905
4096 999995904
4097 999995903
4098 999995902
4099 999995901
4100 999995900
4101 999995899
4102 999995898
4103 999995897
4104 999995896
4105 999995895
4106 999995894
4107 999995893
4108 999995892
4109 999995891
4110 999995890
4111 999995889
4112 999995888
4113 999995887
4114 999995886
4115 999995885
4116 999995884
4117 999995883
4118 999995882
4119 999995881
4120 999995880
4121 999995879
4122 999995878
4123 999995877
4124 999995876
4125 999995875
4126 999995874
4127 999995873
4128 999995872
4129 999995871
4130 999995870
4131 999995869
4132 999995868
4133 999995867
4134 999995866
4135 999995865
4136 999995864
4137 999995863
4138 999995862
4139 999995861
4140 999995860
4141 999995859
4142 999995858
4143 999995857
4144 999995856
4145 999995855
4146 999995854
4147 999995853
4148 999995852
4149 999995851
4150 999995850
4151 999995849
4152 999995848
4153 999995847
4154 999995846
4155 999995845
4156 999995844
4157 999995843
4158 999995842
4159 999995841
4160 999995840
4161 999995839
4162 999995838
4163 999995837
4164 999995836
4165 999995835
4166 999995834
4167 999995833
4168 999995832
4169 999995831
4170 999995830
4171 999995829
4172 999995828
4173 999995827
4174 999995826
4175 999995825
4176 999995824
4177 999995823
4178 999995822
4179 999995821
4180 999995820
4181 999995819
4182 999995818
4183 999995817
4184 999995816
4185 999995815
4186 999995814
4187 999995813
4188 999995812
4189 999995811
4190 999995810
4191 999995809
4192 999995808
4193 999995807
4194 999995806
4195 999995805
4196 999995804
4197 999995803
4198 999995802
4199 999995801
4200 999995800
4201 999995799
4202 999995798
4203 999995797
4204 999995796
4205 999995795
4206 999995794
4207 999995793
4208 999995792
4209 999995791
4210 999995790
4211 999995789
4212 999995788
4213 999995787
4214 999995786
4215 999995785
4216 999995784
4217 999995783
4218 999995782
4219 999995781
4220 999995780
4221 999995779
4222 999995778
4223 999995777
4224 999995776
4225 999995775
4226 999995774
4227 999995773
4228 999995772
4229 999995771
4230 999995770
4231 999995769
4232 999995768
4233 999995767
4234 999995766
4235 999995765
4236 999995764
4237 999995763
4238 999995762
4239 999995761
4240 999995760
4241 999995759
4242 999995758
4243 999995757
4244 999995756
4245 999995755
4246 999995754
4247 999995753
4248 999995752
4249 999995751
4250 999995750
4251 999995749
4252 999995748
4253 999995747
4254 999995746
4255 999995745
4256 999995744
4257 999995743
4258 999995742
4259 999995741
4260 999995740
4261 999995739
4262 999995738
4263 999995737
4264 999995736
4265 999995735
4266 999995734
4267 999995733
4268 999995732
4269 999995731
4270 999995730
4271 999995729
4272 999995728
4273 999995727
4274 999995726
4275 999995725
4276 999995724
4277 999995723
4278 999995722
4279 999995721
4280 999995720
4281 999995719
4282 999995718
4283 999995717
4284 999995716
4285 999995715
4286 999995714
4287 999995713
4288 999995712
4289 999995711
4290 999995710
4291 999995709
4292 999995708
4293 999995707
4294 999995706
4295 999995705
4296 999995704
4297 999995703
4298 999995702
4299 999995701
4300 999995700
4301 999995699
4302 999995698
4303 999995697
4304 999995696
4305 999995695
4306 999995694
4307 999995693
4308 999995692
4309 999995691
4310 999995690
4311 999995689
4312 999995688
4313 999995687
4314 999995686
4315 999995685
4316 999995684
4317 999995683
4318 999995682
4319 999995681
4320 999995680
4321 999995679
4322 999995678
4323 999995677
4324 999995676
4325 999995675
4326 999995674
4327 999995673
4328 999995672
4329 999995671
4330 999995670
4331 999995669
4332 999995668
4333 999995667
4334 999995666
4335 999995665
4336 999995664
4337 999995663
4338 999995662
4339 999995661
4340 999995660
4341 999995659
4342 999995658
4343 999995657
4344 999995656
4345 999995655
4346 999995654
4347 999995653
4348 999995652
4349 999995651
4350 999995650
4351 999995649
4352 999995648
4353 999995647
4354 999995646
4355 999995645
4356 999995644
4357 999995643
4358 999995642
4359 999995641
4360 999995640
4361 999995639
4362 999995638
4363 999995637
4364 999995636
4365 999995635
4366 999995634
4367 999995633
4368 999995632
4369 999995631
4370 999995630
4371 999995629
4372 999995628
4373 999995627
4374 999995626
4375 999995625
4376 999995624
4377 999995623
4378 999995622
4379 999995621
4380 999995620
4381 999995619
4382 999995618
4383 999995617
4384 999995616
4385 999995615
4386 999995614
4387 999995613
4388 999995612
4389 999995611
4390 999995610
4391 999995609
4392 999995608
4393 999995607
4394 999995606
4395 999995605
4396 999995604
4397 999995603
4398 999995602
4399 999995601
4400 999995600
4401 999995599
4402 999995598
4403 999995597
4404 999995596
4405 999995595
4406 999995594
4407 999995593
4408 999995592
4409 999995591
4410 999995590
4411 999995589
4412 999995588
4413 999995587
4414 999995586
4415 999995585
4416 999995584
4417 999995583
4418 999995582
4419 999995581
4420 999995580
4421 999995579
4422 999995578
4423 999995577
4424 999995576
4425 999995575
4426 999995574
4427 999995573
4428 999995572
4429 999995571
4430 999995570
4431 999995569
4432 999995568
4433 999995567
4434 999995566
4435 999995565
4436 999995564
4437 999995563
4438 999995562
4439 999995561
4440 999995560
4441 999995559
4442 999995558
4443 999995557
4444 999995556
4445 999995555
4446 999995554
4447 999995553
4448 999995552
4449 999995551
4450 999995550
4451 999995549
4452 999995548
4453 999995547
4454 999995546
4455 999995545
4456 999995544
4457 999995543
4458 999995542
4459 999995541
4460 999995540
4461 999995539
4462 999995538
4463 999995537
4464 999995536
4465 999995535
4466 999995534
4467 999995533
4468 999995532
4469 999995531
4470 999995530
4471 999995529
4472 999995528
4473 999995527
4474 999995526
4475 999995525
4476 999995524
4477 999995523
4478 999995522
4479 999995521
4480 999995520
4481 999995519
4482 999995518
4483 999995517
4484 999995516
4485 999995515
4486 999995514
4487 999995513
4488 999995512
4489 999995511
4490 999995510
4491 999995509
4492 999995508
4493 999995507
4494 999995506
4495 999995505
4496 999995504
4497 999995503
4498 999995502
4499 999995501
4500 999995500
4501 999995499
4502 999995498
4503 999995497
4504 999995496
4505 999995495
4506 999995494
4507 999995493
4508 999995492
4509 999995491
4510 999995490
4511 999995489
4512 999995488
4513 999995487
4514 999995486
4515 999995485
4516 999995484
4517 999995483
4518 999995482
4519 999995481
4520 999995480
4521 999995479
4522 999995478
4523 999995477
4524 999995476
4525 999995475
4526 999995474
4527 999995473
4528 999995472
4529 999995471
4530 999995470
4531 999995469
4532 999995468
4533 999995467
4534 999995466
4535 999995465
4536 999995464
4537 999995463
4538 999995462
4539 999995461
4540 999995460
4541 999995459
4542 999995458
4543 999995457
4544 999995456
4545 999995455
4546 999995454
4547 999995453
4548 999995452
4549 999995451
4550 999995450
4551 999995449
4552 999995448
4553 999995447
4554 999995446
4555 999995445
4556 999995444
4557 999995443
4558 999995442
4559 999995441
4560 999995440
4561 999995439
4562 999995438
4563 999995437
4564 999995436
4565 999995435
4566 999995434
4567 999995433
4568 999995432
4569 999995431
4570 999995430
4571 999995429
4572 999995428
4573 999995427
4574 999995426
4575 999995425
4576 999995424
4577 999995423
4578 999995422
4579 999995421
4580 999995420
4581 999995419
4582 999995418
4583 999995417
4584 999995416
4585 999995415
4586 999995414
4587 999995413
4588 999995412
4589 999995411
4590 999995410
4591 999995409
4592 999995408
4593 999995407
4594 999995406
4595 999995405
4596 999995404
4597 999995403
4598 999995402
4599 999995401
4600 999995400
4601 999995399
4602 999995398
4603 999995397
4604 999995396
4605 999995395
4606 999995394
4607 999995393
4608 999995392
4609 999995391
4610 999995390
4611 999995389
4612 999995388
4613 999995387
4614 999995386
4615 999995385
4616 999995384
4617 999995383
4618 999995382
4619 999995381
4620 999995380
4621 999995379
4622 999995378
4623 999995377
4624 999995376
4625 999995375
4626 999995374
4627 999995373
4628 999995372
4629 999995371
4630 999995370
4631 999995369
4632 999995368
4633 999995367
4634 999995366
4635 999995365
4636 999995364
4637 999995363
4638 999995362
4639 999995361
4640 999995360
4641 999995359
4642 999995358
4643 999995357
4644 999995356
4645 999995355
4646 999995354
4647 999995353
4648 999995352
4649 999995351
4650 999995350
4651 999995349
4652 999995348
4653 999995347
4654 999995346
4655 999995345
4656 999995344
4657 999995343
4658 999995342
4659 999995341
4660 999995340
4661 999995339
4662 999995338
4663 999995337
4664 999995336
4665 999995335
4666 999995334
4667 999995333
4668 999995332
4669 999995331
4670 999995330
4671 999995329
4672 999995328
4673 999995327
4674 999995326
4675 999995325
4676 999995324
4677 999995323
4678 999995322
4679 999995321
4680 999995320
4681 999995319
4682 999995318
4683 999995317
4684 999995316
4685 999995315
4686 999995314
4687 999995313
4688 999995312
4689 999995311
4690 999995310
4691 999995309
4692 999995308
4693 999995307
4694 999995306
4695 999995305
4696 999995304
4697 999995303
4698 999995302
4699 999995301
4700 999995300
4701 999995299
4702 999995298
4703 999995297
4704 999995296
4705 999995295
4706 999995294
4707 999995293
4708 999995292
4709 999995291
4710 999995290
4711 999995289
4712 999995288
4713 999995287
4714 999995286
4715 999995285
4716 999995284
4717 999995283
4718 999995282
4719 999995281
4720 999995280
4721 999995279
4722 999995278
4723 999995277
4724 999995276
4725 999995275
4726 999995274
4727 999995273
4728 999995272
4729 999995271
4730 999995270
4731 999995269
4732 999995268
4733 999995267
4734 999995266
4735 999995265
4736 999995264
4737 999995263
4738 999995262
4739 999995261
4740 999995260
4741 999995259
4742 999995258
4743 999995257
4744 999995256
4745 999995255
4746 999995254
4747 999995253
4748 999995252
4749 999995251
4750 999995250
4751 999995249
4752 999995248
4753 999995247
4754 999995246
4755 999995245
4756 999995244
4757 999995243
4758 999995242
4759 999995241
4760 999995240
4761 999995239
4762 999995238
4763 999995237
4764 999995236
4765 999995235
4766 999995234
4767 999995233
4768 999995232
4769 999995231
4770 999995230
4771 999995229
4772 999995228
4773 999995227
4774 999995226
4775 999995225
4776 999995224
4777 999995223
4778 999995222
4779 999995221
4780 999995220
4781 999995219
4782 999995218
4783 999995217
4784 999995216
4785 999995215
4786 999995214
4787 999995213
4788 999995212
4789 999995211
4790 999995210
4791 999995209
4792 999995208
4793 999995207
4794 999995206
4795 999995205
4796 999995204
4797 999995203
4798 999995202
4799 999995201
4800 999995200
4801 999995199
4802 999995198
4803 999995197
4804 999995196
4805 999995195
4806 999995194
4807 999995193
4808 999995192
4809 999995191
4810 999995190
4811 999995189
4812 999995188
4813 999995187
4814 999995186
4815 999995185
4816 999995184
4817 999995183
4818 999995182
4819 999995181
4820 999995180
4821 999995179
4822 999995178
4823 999995177
4824 999995176
4825 999995175
4826 999995174
4827 999995173
4828 999995172
4829 999995171
4830 999995170
4831 999995169
4832 999995168
4833 999995167
4834 999995166
4835 999995165
4836 999995164
4837 999995163
4838 999995162
4839 999995161
4840 999995160
4841 999995159
4842 999995158
4843 999995157
4844 999995156
4845 999995155
4846 999995154
4847 999995153
4848 999995152
4849 999995151
4850 999995150
4851 999995149
4852 999995148
4853 999995147
4854 999995146
4855 999995145
4856 999995144
4857 999995143
4858 999995142
4859 999995141
4860 999995140
4861 999995139
4862 999995138
4863 999995137
4864 999995136
4865 999995135
4866 999995134
4867 999995133
4868 999995132
4869 999995131
4870 999995130
4871 999995129
4872 999995128
4873 999995127
4874 999995126
4875 999995125
4876 999995124
4877 999995123
4878 999995122
4879 999995121
4880 999995120
4881 999995119
4882 999995118
4883 999995117
4884 999995116
4885 999995115
4886 999995114
4887 999995113
4888 999995112
4889 999995111
4890 999995110
4891 999995109
4892 999995108
4893 999995107
4894 999995106
4895 999995105
4896 999995104
4897 999995103
4898 999995102
4899 999995101
4900 999995100
4901 999995099
4902 999995098
4903 999995097
4904 999995096
4905 999995095
4906 999995094
4907 999995093
4908 999995092
4909 999995091
4910 999995090
4911 999995089
4912 999995088
4913 999995087
4914 999995086
4915 999995085
4916 999995084
4917 999995083
4918 999995082
4919 999995081
4920 999995080
4921 999995079
4922 999995078
4923 999995077
4924 999995076
4925 999995075
4926 999995074
4927 999995073
4928 999995072
4929 999995071
4930 999995070
4931 999995069
4932 999995068
4933 999995067
4934 999995066
4935 999995065
4936 999995064
4937 999995063
4938 999995062
4939 999995061
4940 999995060
4941 999995059
4942 999995058
4943 999995057
4944 999995056
4945 999995055
4946 999995054
4947 999995053
4948 999995052
4949 999995051
4950 999995050
4951 999995049
4952 999995048
4953 999995047
4954 999995046
4955 999995045
4956 999995044
4957 999995043
4958 999995042
4959 999995041
4960 999995040
4961 999995039
4962 999995038
4963 999995037
4964 999995036
4965 999995035
4966 999995034
4967 999995033
4968 999995032
4969 999995031
4970 999995030
4971 999995029
4972 999995028
4973 999995027
4974 999995026
4975 999995025
4976 999995024
4977 999995023
4978 999995022
4979 999995021
4980 999995020
4981 999995019
4982 999995018
4983 999995017
4984 999995016
4985 999995015
4986 999995014
4987 999995013
4988 999995012
4989 999995011
4990 999995010
4991 999995009
4992 999995008
4993 999995007
4994 999995006
4995 999995005
4996 999995004
4997 999995003
4998 999995002
4999 999995001
5000 999995000
5001 999994999
5002 999994998
5003 999994997
5004 999994996
5005 999994995
5006 999994994
5007 999994993
5008 999994992
5009 999994991
5010 999994990
5011 999994989
5012 999994988
5013 999994987
5014 999994986
5015 999994985
5016 999994984
5017 999994983
5018 999994982
5019 999994981
5020 999994980
5021 999994979
5022 999994978
5023 999994977
5024 999994976
5025 999994975
5026 999994974
5027 999994973
5028 999994972
5029 999994971
5030 999994970
5031 999994969
5032 999994968
5033 999994967
5034 999994966
5035 999994965
5036 999994964
5037 999994963
5038 999994962
5039 999994961
5040 999994960
5041 999994959
5042 999994958
5043 999994957
5044 999994956
5045 999994955
5046 999994954
5047 999994953
5048 999994952
5049 999994951
5050 999994950
5051 999994949
5052 999994948
5053 999994947
5054 999994946
5055 999994945
5056 999994944
5057 999994943
5058 999994942
5059 999994941
5060 999994940
5061 999994939
5062 999994938
5063 999994937
5064 999994936
5065 999994935
5066 999994934
5067 999994933
5068 999994932
5069 999994931
5070 999994930
5071 999994929
5072 999994928
5073 999994927
5074 999994926
5075 999994925
5076 999994924
5077 999994923
5078 999994922
5079 999994921
5080 999994920
5081 999994919
5082 999994918
5083 999994917
5084 999994916
5085 999994915
5086 999994914
5087 999994913
5088 999994912
5089 999994911
5090 999994910
5091 999994909
5092 999994908
5093 999994907
5094 999994906
5095 999994905
5096 999994904
5097 999994903
5098 999994902
5099 999994901
5100 999994900
5101 999994899
5102 999994898
5103 999994897
5104 999994896
5105 999994895
5106 999994894
5107 999994893
5108 999994892
5109 999994891
5110 999994890
5111 999994889
5112 999994888
5113 999994887
5114 999994886
5115 999994885
5116 999994884
5117 999994883
5118 999994882
5119 999994881
5120 999994880
5121 999994879
5122 999994878
5123 999994877
5124 999994876
5125 999994875
5126 999994874
5127 999994873
5128 999994872
5129 999994871
5130 999994870
5131 999994869
5132 999994868
5133 999994867
5134 999994866
5135 999994865
5136 999994864
5137 999994863
5138 999994862
5139 999994861
5140 999994860
5141 999994859
5142 999994858
5143 999994857
5144 999994856
5145 999994855
5146 999994854
5147 999994853
5148 999994852
5149 999994851
5150 999994850
5151 999994849
5152 999994848
5153 999994847
5154 999994846
5155 999994845
5156 999994844
5157 999994843
5158 999994842
5159 999994841
5160 999994840
5161 999994839
5162 999994838
5163 999994837
5164 999994836
5165 999994835
5166 999994834
5167 999994833
5168 999994832
5169 999994831
5170 999994830
5171 999994829
5172 999994828
5173 999994827
5174 999994826
5175 999994825
5176 999994824
5177 999994823
5178 999994822
5179 999994821
5180 999994820
5181 999994819
5182 999994818
5183 999994817
5184 999994816
5185 999994815
5186 999994814
5187 999994813
5188 999994812
5189 999994811
5190 999994810
5191 999994809
5192 999994808
5193 999994807
5194 999994806
5195 999994805
5196 999994804
5197 999994803
5198 999994802
5199 999994801
5200 999994800
5201 999994799
5202 999994798
5203 999994797
5204 999994796
5205 999994795
5206 999994794
5207 999994793
5208 999994792
5209 999994791
5210 999994790
5211 999994789
5212 999994788
5213 999994787
5214 999994786
5215 999994785
5216 999994784
5217 999994783
5218 999994782
5219 999994781
5220 999994780
5221 999994779
5222 999994778
5223 999994777
5224 999994776
5225 999994775
5226 999994774
5227 999994773
5228 999994772
5229 999994771
5230 999994770
5231 999994769
5232 999994768
5233 999994767
5234 999994766
5235 999994765
5236 999994764
5237 999994763
5238 999994762
5239 999994761
5240 999994760
5241 999994759
5242 999994758
5243 999994757
5244 999994756
5245 999994755
5246 999994754
5247 999994753
5248 999994752
5249 999994751
5250 999994750
5251 999994749
5252 999994748
5253 999994747
5254 999994746
5255 999994745
5256 999994744
5257 999994743
5258 999994742
5259 999994741
5260 999994740
5261 999994739
5262 999994738
5263 999994737
5264 999994736
5265 999994735
5266 999994734
5267 999994733
5268 999994732
5269 999994731
5270 999994730
5271 999994729
5272 999994728
5273 999994727
5274 999994726
5275 999994725
5276 999994724
5277 999994723
5278 999994722
5279 999994721
5280 999994720
5281 999994719
5282 999994718
5283 999994717
5284 999994716
5285 999994715
5286 999994714
5287 999994713
5288 999994712
5289 999994711
5290 999994710
5291 999994709
5292 999994708
5293 999994707
5294 999994706
5295 999994705
5296 999994704
5297 999994703
5298 999994702
5299 999994701
5300 999994700
5301 999994699
5302 999994698
5303 999994697
5304 999994696
5305 999994695
5306 999994694
5307 999994693
5308 999994692
5309 999994691
5310 999994690
5311 999994689
5312 999994688
5313 999994687
5314 999994686
5315 999994685
5316 999994684
5317 999994683
5318 999994682
5319 999994681
5320 999994680
5321 999994679
5322 999994678
5323 999994677
5324 999994676
5325 999994675
5326 999994674
5327 999994673
5328 999994672
5329 999994671
5330 999994670
5331 999994669
5332 999994668
5333 999994667
5334 999994666
5335 999994665
5336 999994664
5337 999994663
5338 999994662
5339 999994661
5340 999994660
5341 999994659
5342 999994658
5343 999994657
5344 999994656
5345 999994655
5346 999994654
5347 999994653
5348 999994652
5349 999994651
5350 999994650
5351 999994649
5352 999994648
5353 999994647
5354 999994646
5355 999994645
5356 999994644
5357 999994643
5358 999994642
5359 999994641
5360 999994640
5361 999994639
5362 999994638
5363 999994637
5364 999994636
5365 999994635
5366 999994634
5367 999994633
5368 999994632
5369 999994631
5370 999994630
5371 999994629
5372 999994628
5373 999994627
5374 999994626
5375 999994625
5376 999994624
5377 999994623
5378 999994622
5379 999994621
5380 999994620
5381 999994619
5382 999994618
5383 999994617
5384 999994616
5385 999994615
5386 999994614
5387 999994613
5388 999994612
5389 999994611
5390 999994610
5391 999994609
5392 999994608
5393 999994607
5394 999994606
5395 999994605
5396 999994604
5397 999994603
5398 999994602
5399 999994601
5400 999994600
5401 999994599
5402 999994598
5403 999994597
5404 999994596
5405 999994595
5406 999994594
5407 999994593
5408 999994592
5409 999994591
5410 999994590
5411 999994589
5412 999994588
5413 999994587
5414 999994586
5415 999994585
5416 999994584
5417 999994583
5418 999994582
5419 999994581
5420 999994580
5421 999994579
5422 999994578
5423 999994577
5424 999994576
5425 999994575
5426 999994574
5427 999994573
5428 999994572
5429 999994571
5430 999994570
5431 999994569
5432 999994568
5433 999994567
5434 999994566
5435 999994565
5436 999994564
5437 999994563
5438 999994562
5439 999994561
5440 999994560
5441 999994559
5442 999994558
5443 999994557
5444 999994556
5445 999994555
5446 999994554
5447 999994553
5448 999994552
5449 999994551
5450 999994550
5451 999994549
5452 999994548
5453 999994547
5454 999994546
5455 999994545
5456 999994544
5457 999994543
5458 999994542
5459 999994541
5460 999994540
5461 999994539
5462 999994538
5463 999994537
5464 999994536
5465 999994535
5466 999994534
5467 999994533
5468 999994532
5469 999994531
5470 999994530
5471 999994529
5472 999994528
5473 999994527
5474 999994526
5475 999994525
5476 999994524
5477 999994523
5478 999994522
5479 999994521
5480 999994520
5481 999994519
5482 999994518
5483 999994517
5484 999994516
5485 999994515
5486 999994514
5487 999994513
5488 999994512
5489 999994511
5490 999994510
5491 999994509
5492 999994508
5493 999994507
5494 999994506
5495 999994505
5496 999994504
5497 999994503
5498 999994502
5499 999994501
5500 999994500
5501 999994499
5502 999994498
5503 999994497
5504 999994496
5505 999994495
5506 999994494
5507 999994493
5508 999994492
5509 999994491
5510 999994490
5511 999994489
5512 999994488
5513 999994487
5514 999994486
5515 999994485
5516 999994484
5517 999994483
5518 999994482
5519 999994481
5520 999994480
5521 999994479
5522 999994478
5523 999994477
5524 999994476
5525 999994475
5526 999994474
5527 999994473
5528 999994472
5529 999994471
5530 999994470
5531 999994469
5532 999994468
5533 999994467
5534 999994466
5535 999994465
5536 999994464
5537 999994463
5538 999994462
5539 999994461
5540 999994460
5541 999994459
5542 999994458
5543 999994457
5544 999994456
5545 999994455
5546 999994454
5547 999994453
5548 999994452
5549 999994451
5550 999994450
5551 999994449
5552 999994448
5553 999994447
5554 999994446
5555 999994445
5556 999994444
5557 999994443
5558 999994442
5559 999994441
5560 999994440
5561 999994439
5562 999994438
5563 999994437
5564 999994436
5565 999994435
5566 999994434
5567 999994433
5568 999994432
5569 999994431
5570 999994430
5571 999994429
5572 999994428
5573 999994427
5574 999994426
5575 999994425
5576 999994424
5577 999994423
5578 999994422
5579 999994421
5580 999994420
5581 999994419
5582 999994418
5583 999994417
5584 999994416
5585 999994415
5586 999994414
5587 999994413
5588 999994412
5589 999994411
5590 999994410
5591 999994409
5592 999994408
5593 999994407
5594 999994406
5595 999994405
5596 999994404
5597 999994403
5598 999994402
5599 999994401
5600 999994400
5601 999994399
5602 999994398
5603 999994397
5604 999994396
5605 999994395
5606 999994394
5607 999994393
5608 999994392
5609 999994391
5610 999994390
5611 999994389
5612 999994388
5613 999994387
5614 999994386
5615 999994385
5616 999994384
5617 999994383
5618 999994382
5619 999994381
5620 999994380
5621 999994379
5622 999994378
5623 999994377
5624 999994376
5625 999994375
5626 999994374
5627 999994373
5628 999994372
5629 999994371
5630 999994370
5631 999994369
5632 999994368
5633 999994367
5634 999994366
5635 999994365
5636 999994364
5637 999994363
5638 999994362
5639 999994361
5640 999994360
5641 999994359
5642 999994358
5643 999994357
5644 999994356
5645 999994355
5646 999994354
5647 999994353
5648 999994352
5649 999994351
5650 999994350
5651 999994349
5652 999994348
5653 999994347
5654 999994346
5655 999994345
5656 999994344
5657 999994343
5658 999994342
5659 999994341
5660 999994340
5661 999994339
5662 999994338
5663 999994337
5664 999994336
5665 999994335
5666 999994334
5667 999994333
5668 999994332
5669 999994331
5670 999994330
5671 999994329
5672 999994328
5673 999994327
5674 999994326
5675 999994325
5676 999994324
5677 999994323
5678 999994322
5679 999994321
5680 999994320
5681 999994319
5682 999994318
5683 999994317
5684 999994316
5685 999994315
5686 999994314
5687 999994313
5688 999994312
5689 999994311
5690 999994310
5691 999994309
5692 999994308
5693 999994307
5694 999994306
5695 999994305
5696 999994304
5697 999994303
5698 999994302
5699 999994301
5700 999994300
5701 999994299
5702 999994298
5703 999994297
5704 999994296
5705 999994295
5706 999994294
5707 999994293
5708 999994292
5709 999994291
5710 999994290
5711 999994289
5712 999994288
5713 999994287
5714 999994286
5715 999994285
5716 999994284
5717 999994283
5718 999994282
5719 999994281
5720 999994280
5721 999994279
5722 999994278
5723 999994277
5724 999994276
5725 999994275
5726 999994274
5727 999994273
5728 999994272
5729 999994271
5730 999994270
5731 999994269
5732 999994268
5733 999994267
5734 999994266
5735 999994265
5736 999994264
5737 999994263
5738 999994262
5739 999994261
5740 999994260
5741 999994259
5742 999994258
5743 999994257
5744 999994256
5745 999994255
5746 999994254
5747 999994253
5748 999994252
5749 999994251
5750 999994250
5751 999994249
5752 999994248
5753 999994247
5754 999994246
5755 999994245
5756 999994244
5757 999994243
5758 999994242
5759 999994241
5760 999994240
5761 999994239
5762 999994238
5763 999994237
5764 999994236
5765 999994235
5766 999994234
5767 999994233
5768 999994232
5769 999994231
5770 999994230
5771 999994229
5772 999994228
5773 999994227
5774 999994226
5775 999994225
5776 999994224
5777 999994223
5778 999994222
5779 999994221
5780 999994220
5781 999994219
5782 999994218
5783 999994217
5784 999994216
5785 999994215
5786 999994214
5787 999994213
5788 999994212
5789 999994211
5790 999994210
5791 999994209
5792 999994208
5793 999994207
5794 999994206
5795 999994205
5796 999994204
5797 999994203
5798 999994202
5799 999994201
5800 999994200
5801 999994199
5802 999994198
5803 999994197
5804 999994196
5805 999994195
5806 999994194
5807 999994193
5808 999994192
5809 999994191
5810 999994190
5811 999994189
5812 999994188
5813 999994187
5814 999994186
5815 999994185
5816 999994184
5817 999994183
5818 999994182
5819 999994181
5820 999994180
5821 999994179
5822 999994178
5823 999994177
5824 999994176
5825 999994175
5826 999994174
5827 999994173
5828 999994172
5829 999994171
5830 999994170
5831 999994169
5832 999994168
5833 999994167
5834 999994166
5835 999994165
5836 999994164
5837 999994163
5838 999994162
5839 999994161
5840 999994160
5841 999994159
5842 999994158
5843 999994157
5844 999994156
5845 999994155
5846 999994154
5847 999994153
5848 999994152
5849 999994151
5850 999994150
5851 999994149
5852 999994148
5853 999994147
5854 999994146
5855 999994145
5856 999994144
5857 999994143
5858 999994142
5859 999994141
5860 999994140
5861 999994139
5862 999994138
5863 999994137
5864 999994136
5865 999994135
5866 999994134
5867 999994133
5868 999994132
5869 999994131
5870 999994130
5871 999994129
5872 999994128
5873 999994127
5874 999994126
5875 999994125
5876 999994124
5877 999994123
5878 999994122
5879 999994121
5880 999994120
5881 999994119
5882 999994118
5883 999994117
5884 999994116
5885 999994115
5886 999994114
5887 999994113
5888 999994112
5889 999994111
5890 999994110
5891 999994109
5892 999994108
5893 999994107
5894 999994106
5895 999994105
5896 999994104
5897 999994103
5898 999994102
5899 999994101
5900 999994100
5901 999994099
5902 999994098
5903 999994097
5904 999994096
5905 999994095
5906 999994094
5907 999994093
5908 999994092
5909 999994091
5910 999994090
5911 999994089
5912 999994088
5913 999994087
5914 999994086
5915 999994085
5916 999994084
5917 999994083
5918 999994082
5919 999994081
5920 999994080
5921 999994079
5922 999994078
5923 999994077
5924 999994076
5925 999994075
5926 999994074
5927 999994073
5928 999994072
5929 999994071
5930 999994070
5931 999994069
5932 999994068
5933 999994067
5934 999994066
5935 999994065
5936 999994064
5937 999994063
5938 999994062
5939 999994061
5940 999994060
5941 999994059
5942 999994058
5943 999994057
5944 999994056
5945 999994055
5946 999994054
5947 999994053
5948 999994052
5949 999994051
5950 999994050
5951 999994049
5952 999994048
5953 999994047
5954 999994046
5955 999994045
5956 999994044
5957 999994043
5958 999994042
5959 999994041
5960 999994040
5961 999994039
5962 999994038
5963 999994037
5964 999994036
5965 999994035
5966 999994034
5967 999994033
5968 999994032
5969 999994031
5970 999994030
5971 999994029
5972 999994028
5973 999994027
5974 999994026
5975 999994025
5976 999994024
5977 999994023
5978 999994022
5979 999994021
5980 999994020
5981 999994019
5982 999994018
5983 999994017
5984 999994016
5985 999994015
5986 999994014
5987 999994013
5988 999994012
5989 999994011
5990 999994010
5991 999994009
5992 999994008
5993 999994007
5994 999994006
5995 999994005
5996 999994004
5997 999994003
5998 999994002
5999 999994001
6000 999994000
6001 999993999
6002 999993998
6003 999993997
6004 999993996
6005 999993995
6006 999993994
6007 999993993
6008 999993992
6009 999993991
6010 999993990
6011 999993989
6012 999993988
6013 999993987
6014 999993986
6015 999993985
6016 999993984
6017 999993983
6018 999993982
6019 999993981
6020 999993980
6021 999993979
6022 999993978
6023 999993977
6024 999993976
6025 999993975
6026 999993974
6027 999993973
6028 999993972
6029 999993971
6030 999993970
6031 999993969
6032 999993968
6033 999993967
6034 999993966
6035 999993965
6036 999993964
6037 999993963
6038 999993962
6039 999993961
6040 999993960
6041 999993959
6042 999993958
6043 999993957
6044 999993956
6045 999993955
6046 999993954
6047 999993953
6048 999993952
6049 999993951
6050 999993950
6051 999993949
6052 999993948
6053 999993947
6054 999993946
6055 999993945
6056 999993944
6057 999993943
6058 999993942
6059 999993941
6060 999993940
6061 999993939
6062 999993938
6063 999993937
6064 999993936
6065 999993935
6066 999993934
6067 999993933
6068 999993932
6069 999993931
6070 999993930
6071 999993929
6072 999993928
6073 999993927
6074 999993926
6075 999993925
6076 999993924
6077 999993923
6078 999993922
6079 999993921
6080 999993920
6081 999993919
6082 999993918
6083 999993917
6084 999993916
6085 999993915
6086 999993914
6087 999993913
6088 999993912
6089 999993911
6090 999993910
6091 999993909
6092 999993908
6093 999993907
6094 999993906
6095 999993905
6096 999993904
6097 999993903
6098 999993902
6099 999993901
6100 999993900
6101 999993899
6102 999993898
6103 999993897
6104 999993896
6105 999993895
6106 999993894
6107 999993893
6108 999993892
6109 999993891
6110 999993890
6111 999993889
6112 999993888
6113 999993887
6114 999993886
6115 999993885
6116 999993884
6117 999993883
6118 999993882
6119 999993881
6120 999993880
6121 999993879
6122 999993878
6123 999993877
6124 999993876
6125 999993875
6126 999993874
6127 999993873
6128 999993872
6129 999993871
6130 999993870
6131 999993869
6132 999993868
6133 999993867
6134 999993866
6135 999993865
6136 999993864
6137 999993863
6138 999993862
6139 999993861
6140 999993860
6141 999993859
6142 999993858
6143 999993857
6144 999993856
6145 999993855
6146 999993854
6147 999993853
6148 999993852
6149 999993851
6150 999993850
6151 999993849
6152 999993848
6153 999993847
6154 999993846
6155 999993845
6156 999993844
6157 999993843
6158 999993842
6159 999993841
6160 999993840
6161 999993839
6162 999993838
6163 999993837
6164 999993836
6165 999993835
6166 999993834
6167 999993833
6168 999993832
6169 999993831
6170 999993830
6171 999993829
6172 999993828
6173 999993827
6174 999993826
6175 999993825
6176 999993824
6177 999993823
6178 999993822
6179 999993821
6180 999993820
6181 999993819
6182 999993818
6183 999993817
6184 999993816
6185 999993815
6186 999993814
6187 999993813
6188 999993812
6189 999993811
6190 999993810
6191 999993809
6192 999993808
6193 999993807
6194 999993806
6195 999993805
6196 999993804
6197 999993803
6198 999993802
6199 999993801
6200 999993800
6201 999993799
6202 999993798
6203 999993797
6204 999993796
6205 999993795
6206 999993794
6207 999993793
6208 999993792
6209 999993791
6210 999993790
6211 999993789
6212 999993788
6213 999993787
6214 999993786
6215 999993785
6216 999993784
6217 999993783
6218 999993782
6219 999993781
6220 999993780
6221 999993779
6222 999993778
6223 999993777
6224 999993776
6225 999993775
6226 999993774
6227 999993773
6228 999993772
6229 999993771
6230 999993770
6231 999993769
6232 999993768
6233 999993767
6234 999993766
6235 999993765
6236 999993764
6237 999993763
6238 999993762
6239 999993761
6240 999993760
6241 999993759
6242 999993758
6243 999993757
6244 999993756
6245 999993755
6246 999993754
6247 999993753
6248 999993752
6249 999993751
6250 999993750
6251 999993749
6252 999993748
6253 999993747
6254 999993746
6255 999993745
6256 999993744
6257 999993743
6258 999993742
6259 999993741
6260 999993740
6261 999993739
6262 999993738
6263 999993737
6264 999993736
6265 999993735
6266 999993734
6267 999993733
6268 999993732
6269 999993731
6270 999993730
6271 999993729
6272 999993728
6273 999993727
6274 999993726
6275 999993725
6276 999993724
6277 999993723
6278 999993722
6279 999993721
6280 999993720
6281 999993719
6282 999993718
6283 999993717
6284 999993716
6285 999993715
6286 999993714
6287 999993713
6288 999993712
6289 999993711
6290 999993710
6291 999993709
6292 999993708
6293 999993707
6294 999993706
6295 999993705
6296 999993704
6297 999993703
6298 999993702
6299 999993701
6300 999993700
6301 999993699
6302 999993698
6303 999993697
6304 999993696
6305 999993695
6306 999993694
6307 999993693
6308 999993692
6309 999993691
6310 999993690
6311 999993689
6312 999993688
6313 999993687
6314 999993686
6315 999993685
6316 999993684
6317 999993683
6318 999993682
6319 999993681
6320 999993680
6321 999993679
6322 999993678
6323 999993677
6324 999993676
6325 999993675
6326 999993674
6327 999993673
6328 999993672
6329 999993671
6330 999993670
6331 999993669
6332 999993668
6333 999993667
6334 999993666
6335 999993665
6336 999993664
6337 999993663
6338 999993662
6339 999993661
6340 999993660
6341 999993659
6342 999993658
6343 999993657
6344 999993656
6345 999993655
6346 999993654
6347 999993653
6348 999993652
6349 999993651
6350 999993650
6351 999993649
6352 999993648
6353 999993647
6354 999993646
6355 999993645
6356 999993644
6357 999993643
6358 999993642
6359 999993641
6360 999993640
6361 999993639
6362 999993638
6363 999993637
6364 999993636
6365 999993635
6366 999993634
6367 999993633
6368 999993632
6369 999993631
6370 999993630
6371 999993629
6372 999993628
6373 999993627
6374 999993626
6375 999993625
6376 999993624
6377 999993623
6378 999993622
6379 999993621
6380 999993620
6381 999993619
6382 999993618
6383 999993617
6384 999993616
6385 999993615
6386 999993614
6387 999993613
6388 999993612
6389 999993611
6390 999993610
6391 999993609
6392 999993608
6393 999993607
6394 999993606
6395 999993605
6396 999993604
6397 999993603
6398 999993602
6399 999993601
6400 999993600
6401 999993599
6402 999993598
6403 999993597
6404 999993596
6405 999993595
6406 999993594
6407 999993593
6408 999993592
6409 999993591
6410 999993590
6411 999993589
6412 999993588
6413 999993587
6414 999993586
6415 999993585
6416 999993584
6417 999993583
6418 999993582
6419 999993581
6420 999993580
6421 999993579
6422 999993578
6423 999993577
6424 999993576
6425 999993575
6426 999993574
6427 999993573
6428 999993572
6429 999993571
6430 999993570
6431 999993569
6432 999993568
6433 999993567
6434 999993566
6435 999993565
6436 999993564
6437 999993563
6438 999993562
6439 999993561
6440 999993560
6441 999993559
6442 999993558
6443 999993557
6444 999993556
6445 999993555
6446 999993554
6447 999993553
6448 999993552
6449 999993551
6450 999993550
6451 999993549
6452 999993548
6453 999993547
6454 999993546
6455 999993545
6456 999993544
6457 999993543
6458 999993542
6459 999993541
6460 999993540
6461 999993539
6462 999993538
6463 999993537
6464 999993536
6465 999993535
6466 999993534
6467 999993533
6468 999993532
6469 999993531
6470 999993530
6471 999993529
6472 999993528
6473 999993527
6474 999993526
6475 999993525
6476 999993524
6477 999993523
6478 999993522
6479 999993521
6480 999993520
6481 999993519
6482 999993518
6483 999993517
6484 999993516
6485 999993515
6486 999993514
6487 999993513
6488 999993512
6489 999993511
6490 999993510
6491 999993509
6492 999993508
6493 999993507
6494 999993506
6495 999993505
6496 999993504
6497 999993503
6498 999993502
6499 999993501
6500 999993500
6501 999993499
6502 999993498
6503 999993497
6504 999993496
6505 999993495
6506 999993494
6507 999993493
6508 999993492
6509 999993491
6510 999993490
6511 999993489
6512 999993488
6513 999993487
6514 999993486
6515 999993485
6516 999993484
6517 999993483
6518 999993482
6519 999993481
6520 999993480
6521 999993479
6522 999993478
6523 999993477
6524 999993476
6525 999993475
6526 999993474
6527 999993473
6528 999993472
6529 999993471
6530 999993470
6531 999993469
6532 999993468
6533 999993467
6534 999993466
6535 999993465
6536 999993464
6537 999993463
6538 999993462
6539 999993461
6540 999993460
6541 999993459
6542 999993458
6543 999993457
6544 999993456
6545 999993455
6546 999993454
6547 999993453
6548 999993452
6549 999993451
6550 999993450
6551 999993449
6552 999993448
6553 999993447
6554 999993446
6555 999993445
6556 999993444
6557 999993443
6558 999993442
6559 999993441
6560 999993440
6561 999993439
6562 999993438
6563 999993437
6564 999993436
6565 999993435
6566 999993434
6567 999993433
6568 999993432
6569 999993431
6570 999993430
6571 999993429
6572 999993428
6573 999993427
6574 999993426
6575 999993425
6576 999993424
6577 999993423
6578 999993422
6579 999993421
6580 999993420
6581 999993419
6582 999993418
6583 999993417
6584 999993416
6585 999993415
6586 999993414
6587 999993413
6588 999993412
6589 999993411
6590 999993410
6591 999993409
6592 999993408
6593 999993407
6594 999993406
6595 999993405
6596 999993404
6597 999993403
6598 999993402
6599 999993401
6600 999993400
6601 999993399
6602 999993398
6603 999993397
6604 999993396
6605 999993395
6606 999993394
6607 999993393
6608 999993392
6609 999993391
6610 999993390
6611 999993389
6612 999993388
6613 999993387
6614 999993386
6615 999993385
6616 999993384
6617 999993383
6618 999993382
6619 999993381
6620 999993380
6621 999993379
6622 999993378
6623 999993377
6624 999993376
6625 999993375
6626 999993374
6627 999993373
6628 999993372
6629 999993371
6630 999993370
6631 999993369
6632 999993368
6633 999993367
6634 999993366
6635 999993365
6636 999993364
6637 999993363
6638 999993362
6639 999993361
6640 999993360
6641 999993359
6642 999993358
6643 999993357
6644 999993356
6645 999993355
6646 999993354
6647 999993353
6648 999993352
6649 999993351
6650 999993350
6651 999993349
6652 999993348
6653 999993347
6654 999993346
6655 999993345
6656 999993344
6657 999993343
6658 999993342
6659 999993341
6660 999993340
6661 999993339
6662 999993338
6663 999993337
6664 999993336
6665 999993335
6666 999993334
6667 999993333
6668 999993332
6669 999993331
6670 999993330
6671 999993329
6672 999993328
6673 999993327
6674 999993326
6675 999993325
6676 999993324
6677 999993323
6678 999993322
6679 999993321
6680 999993320
6681 999993319
6682 999993318
6683 999993317
6684 999993316
6685 999993315
6686 999993314
6687 999993313
6688 999993312
6689 999993311
6690 999993310
6691 999993309
6692 999993308
6693 999993307
6694 999993306
6695 999993305
6696 999993304
6697 999993303
6698 999993302
6699 999993301
6700 999993300
6701 999993299
6702 999993298
6703 999993297
6704 999993296
6705 999993295
6706 999993294
6707 999993293
6708 999993292
6709 999993291
6710 999993290
6711 999993289
6712 999993288
6713 999993287
6714 999993286
6715 999993285
6716 999993284
6717 999993283
6718 999993282
6719 999993281
6720 999993280
6721 999993279
6722 999993278
6723 999993277
6724 999993276
6725 999993275
6726 999993274
6727 999993273
6728 999993272
6729 999993271
6730 999993270
6731 999993269
6732 999993268
6733 999993267
6734 999993266
6735 999993265
6736 999993264
6737 999993263
6738 999993262
6739 999993261
6740 999993260
6741 999993259
6742 999993258
6743 999993257
6744 999993256
6745 999993255
6746 999993254
6747 999993253
6748 999993252
6749 999993251
6750 999993250
6751 999993249
6752 999993248
6753 999993247
6754 999993246
6755 999993245
6756 999993244
6757 999993243
6758 999993242
6759 999993241
6760 999993240
6761 999993239
6762 999993238
6763 999993237
6764 999993236
6765 999993235
6766 999993234
6767 999993233
6768 999993232
6769 999993231
6770 999993230
6771 999993229
6772 999993228
6773 999993227
6774 999993226
6775 999993225
6776 999993224
6777 999993223
6778 999993222
6779 999993221
6780 999993220
6781 999993219
6782 999993218
6783 999993217
6784 999993216
6785 999993215
6786 999993214
6787 999993213
6788 999993212
6789 999993211
6790 999993210
6791 999993209
6792 999993208
6793 999993207
6794 999993206
6795 999993205
6796 999993204
6797 999993203
6798 999993202
6799 999993201
6800 999993200
6801 999993199
6802 999993198
6803 999993197
6804 999993196
6805 999993195
6806 999993194
6807 999993193
6808 999993192
6809 999993191
6810 999993190
6811 999993189
6812 999993188
6813 999993187
6814 999993186
6815 999993185
6816 999993184
6817 999993183
6818 999993182
6819 999993181
6820 999993180
6821 999993179
6822 999993178
6823 999993177
6824 999993176
6825 999993175
6826 999993174
6827 999993173
6828 999993172
6829 999993171
6830 999993170
6831 999993169
6832 999993168
6833 999993167
6834 999993166
6835 999993165
6836 999993164
6837 999993163
6838 999993162
6839 999993161
6840 999993160
6841 999993159
6842 999993158
6843 999993157
6844 999993156
6845 999993155
6846 999993154
6847 999993153
6848 999993152
6849 999993151
6850 999993150
6851 999993149
6852 999993148
6853 999993147
6854 999993146
6855 999993145
6856 999993144
6857 999993143
6858 999993142
6859 999993141
6860 999993140
6861 999993139
6862 999993138
6863 999993137
6864 999993136
6865 999993135
6866 999993134
6867 999993133
6868 999993132
6869 999993131
6870 999993130
6871 999993129
6872 999993128
6873 999993127
6874 999993126
6875 999993125
6876 999993124
6877 999993123
6878 999993122
6879 999993121
6880 999993120
6881 999993119
6882 999993118
6883 999993117
6884 999993116
6885 999993115
6886 999993114
6887 999993113
6888 999993112
6889 999993111
6890 999993110
6891 999993109
6892 999993108
6893 999993107
6894 999993106
6895 999993105
6896 999993104
6897 999993103
6898 999993102
6899 999993101
6900 999993100
6901 999993099
6902 999993098
6903 999993097
6904 999993096
6905 999993095
6906 999993094
6907 999993093
6908 999993092
6909 999993091
6910 999993090
6911 999993089
6912 999993088
6913 999993087
6914 999993086
6915 999993085
6916 999993084
6917 999993083
6918 999993082
6919 999993081
6920 999993080
6921 999993079
6922 999993078
6923 999993077
6924 999993076
6925 999993075
6926 999993074
6927 999993073
6928 999993072
6929 999993071
6930 999993070
6931 999993069
6932 999993068
6933 999993067
6934 999993066
6935 999993065
6936 999993064
6937 999993063
6938 999993062
6939 999993061
6940 999993060
6941 999993059
6942 999993058
6943 999993057
6944 999993056
6945 999993055
6946 999993054
6947 999993053
6948 999993052
6949 999993051
6950 999993050
6951 999993049
6952 999993048
6953 999993047
6954 999993046
6955 999993045
6956 999993044
6957 999993043
6958 999993042
6959 999993041
6960 999993040
6961 999993039
6962 999993038
6963 999993037
6964 999993036
6965 999993035
6966 999993034
6967 999993033
6968 999993032
6969 999993031
6970 999993030
6971 999993029
6972 999993028
6973 999993027
6974 999993026
6975 999993025
6976 999993024
6977 999993023
6978 999993022
6979 999993021
6980 999993020
6981 999993019
6982 999993018
6983 999993017
6984 999993016
6985 999993015
6986 999993014
6987 999993013
6988 999993012
6989 999993011
6990 999993010
6991 999993009
6992 999993008
6993 999993007
6994 999993006
6995 999993005
6996 999993004
6997 999993003
6998 999993002
6999 999993001
7000 999993000
7001 999992999
7002 999992998
7003 999992997
7004 999992996
7005 999992995
7006 999992994
7007 999992993
7008 999992992
7009 999992991
7010 999992990
7011 999992989
7012 999992988
7013 999992987
7014 999992986
7015 999992985
7016 999992984
7017 999992983
7018 999992982
7019 999992981
7020 999992980
7021 999992979
7022 999992978
7023 999992977
7024 999992976
7025 999992975
7026 999992974
7027 999992973
7028 999992972
7029 999992971
7030 999992970
7031 999992969
7032 999992968
7033 999992967
7034 999992966
7035 999992965
7036 999992964
7037 999992963
7038 999992962
7039 999992961
7040 999992960
7041 999992959
7042 999992958
7043 999992957
7044 999992956
7045 999992955
7046 999992954
7047 999992953
7048 999992952
7049 999992951
7050 999992950
7051 999992949
7052 999992948
7053 999992947
7054 999992946
7055 999992945
7056 999992944
7057 999992943
7058 999992942
7059 999992941
7060 999992940
7061 999992939
7062 999992938
7063 999992937
7064 999992936
7065 999992935
7066 999992934
7067 999992933
7068 999992932
7069 999992931
7070 999992930
7071 999992929
7072 999992928
7073 999992927
7074 999992926
7075 999992925
7076 999992924
7077 999992923
7078 999992922
7079 999992921
7080 999992920
7081 999992919
7082 999992918
7083 999992917
7084 999992916
7085 999992915
7086 999992914
7087 999992913
7088 999992912
7089 999992911
7090 999992910
7091 999992909
7092 999992908
7093 999992907
7094 999992906
7095 999992905
7096 999992904
7097 999992903
7098 999992902
7099 999992901
7100 999992900
7101 999992899
7102 999992898
7103 999992897
7104 999992896
7105 999992895
7106 999992894
7107 999992893
7108 999992892
7109 999992891
7110 999992890
7111 999992889
7112 999992888
7113 999992887
7114 999992886
7115 999992885
7116 999992884
7117 999992883
7118 999992882
7119 999992881
7120 999992880
7121 999992879
7122 999992878
7123 999992877
7124 999992876
7125 999992875
7126 999992874
7127 999992873
7128 999992872
7129 999992871
7130 999992870
7131 999992869
7132 999992868
7133 999992867
7134 999992866
7135 999992865
7136 999992864
7137 999992863
7138 999992862
7139 999992861
7140 999992860
7141 999992859
7142 999992858
7143 999992857
7144 999992856
7145 999992855
7146 999992854
7147 999992853
7148 999992852
7149 999992851
7150 999992850
7151 999992849
7152 999992848
7153 999992847
7154 999992846
7155 999992845
7156 999992844
7157 999992843
7158 999992842
7159 999992841
7160 999992840
7161 999992839
7162 999992838
7163 999992837
7164 999992836
7165 999992835
7166 999992834
7167 999992833
7168 999992832
7169 999992831
7170 999992830
7171 999992829
7172 999992828
7173 999992827
7174 999992826
7175 999992825
7176 999992824
7177 999992823
7178 999992822
7179 999992821
7180 999992820
7181 999992819
7182 999992818
7183 999992817
7184 999992816
7185 999992815
7186 999992814
7187 999992813
7188 999992812
7189 999992811
7190 999992810
7191 999992809
7192 999992808
7193 999992807
7194 999992806
7195 999992805
7196 999992804
7197 999992803
7198 999992802
7199 999992801
7200 999992800
7201 999992799
7202 999992798
7203 999992797
7204 999992796
7205 999992795
7206 999992794
7207 999992793
7208 999992792
7209 999992791
7210 999992790
7211 999992789
7212 999992788
7213 999992787
7214 999992786
7215 999992785
7216 999992784
7217 999992783
7218 999992782
7219 999992781
7220 999992780
7221 999992779
7222 999992778
7223 999992777
7224 999992776
7225 999992775
7226 999992774
7227 999992773
7228 999992772
7229 999992771
7230 999992770
7231 999992769
7232 999992768
7233 999992767
7234 999992766
7235 999992765
7236 999992764
7237 999992763
7238 999992762
7239 999992761
7240 999992760
7241 999992759
7242 999992758
7243 999992757
7244 999992756
7245 999992755
7246 999992754
7247 999992753
7248 999992752
7249 999992751
7250 999992750
7251 999992749
7252 999992748
7253 999992747
7254 999992746
7255 999992745
7256 999992744
7257 999992743
7258 999992742
7259 999992741
7260 999992740
7261 999992739
7262 999992738
7263 999992737
7264 999992736
7265 999992735
7266 999992734
7267 999992733
7268 999992732
7269 999992731
7270 999992730
7271 999992729
7272 999992728
7273 999992727
7274 999992726
7275 999992725
7276 999992724
7277 999992723
7278 999992722
7279 999992721
7280 999992720
7281 999992719
7282 999992718
7283 999992717
7284 999992716
7285 999992715
7286 999992714
7287 999992713
7288 999992712
7289 999992711
7290 999992710
7291 999992709
7292 999992708
7293 999992707
7294 999992706
7295 999992705
7296 999992704
7297 999992703
7298 999992702
7299 999992701
7300 999992700
7301 999992699
7302 999992698
7303 999992697
7304 999992696
7305 999992695
7306 999992694
7307 999992693
7308 999992692
7309 999992691
7310 999992690
7311 999992689
7312 999992688
7313 999992687
7314 999992686
7315 999992685
7316 999992684
7317 999992683
7318 999992682
7319 999992681
7320 999992680
7321 999992679
7322 999992678
7323 999992677
7324 999992676
7325 999992675
7326 999992674
7327 999992673
7328 999992672
7329 999992671
7330 999992670
7331 999992669
7332 999992668
7333 999992667
7334 999992666
7335 999992665
7336 999992664
7337 999992663
7338 999992662
7339 999992661
7340 999992660
7341 999992659
7342 999992658
7343 999992657
7344 999992656
7345 999992655
7346 999992654
7347 999992653
7348 999992652
7349 999992651
7350 999992650
7351 999992649
7352 999992648
7353 999992647
7354 999992646
7355 999992645
7356 999992644
7357 999992643
7358 999992642
7359 999992641
7360 999992640
7361 999992639
7362 999992638
7363 999992637
7364 999992636
7365 999992635
7366 999992634
7367 999992633
7368 999992632
7369 999992631
7370 999992630
7371 999992629
7372 999992628
7373 999992627
7374 999992626
7375 999992625
7376 999992624
7377 999992623
7378 999992622
7379 999992621
7380 999992620
7381 999992619
7382 999992618
7383 999992617
7384 999992616
7385 999992615
7386 999992614
7387 999992613
7388 999992612
7389 999992611
7390 999992610
7391 999992609
7392 999992608
7393 999992607
7394 999992606
7395 999992605
7396 999992604
7397 999992603
7398 999992602
7399 999992601
7400 999992600
7401 999992599
7402 999992598
7403 999992597
7404 999992596
7405 999992595
7406 999992594
7407 999992593
7408 999992592
7409 999992591
7410 999992590
7411 999992589
7412 999992588
7413 999992587
7414 999992586
7415 999992585
7416 999992584
7417 999992583
7418 999992582
7419 999992581
7420 999992580
7421 999992579
7422 999992578
7423 999992577
7424 999992576
7425 999992575
7426 999992574
7427 999992573
7428 999992572
7429 999992571
7430 999992570
7431 999992569
7432 999992568
7433 999992567
7434 999992566
7435 999992565
7436 999992564
7437 999992563
7438 999992562
7439 999992561
7440 999992560
7441 999992559
7442 999992558
7443 999992557
7444 999992556
7445 999992555
7446 999992554
7447 999992553
7448 999992552
7449 999992551
7450 999992550
7451 999992549
7452 999992548
7453 999992547
7454 999992546
7455 999992545
7456 999992544
7457 999992543
7458 999992542
7459 999992541
7460 999992540
7461 999992539
7462 999992538
7463 999992537
7464 999992536
7465 999992535
7466 999992534
7467 999992533
7468 999992532
7469 999992531
7470 999992530
7471 999992529
7472 999992528
7473 999992527
7474 999992526
7475 999992525
7476 999992524
7477 999992523
7478 999992522
7479 999992521
7480 999992520
7481 999992519
7482 999992518
7483 999992517
7484 999992516
7485 999992515
7486 999992514
7487 999992513
7488 999992512
7489 999992511
7490 999992510
7491 999992509
7492 999992508
7493 999992507
7494 999992506
7495 999992505
7496 999992504
7497 999992503
7498 999992502
7499 999992501
7500 999992500
7501 999992499
7502 999992498
7503 999992497
7504 999992496
7505 999992495
7506 999992494
7507 999992493
7508 999992492
7509 999992491
7510 999992490
7511 999992489
7512 999992488
7513 999992487
7514 999992486
7515 999992485
7516 999992484
7517 999992483
7518 999992482
7519 999992481
7520 999992480
7521 999992479
7522 999992478
7523 999992477
7524 999992476
7525 999992475
7526 999992474
7527 999992473
7528 999992472
7529 999992471
7530 999992470
7531 999992469
7532 999992468
7533 999992467
7534 999992466
7535 999992465
7536 999992464
7537 999992463
7538 999992462
7539 999992461
7540 999992460
7541 999992459
7542 999992458
7543 999992457
7544 999992456
7545 999992455
7546 999992454
7547 999992453
7548 999992452
7549 999992451
7550 999992450
7551 999992449
7552 999992448
7553 999992447
7554 999992446
7555 999992445
7556 999992444
7557 999992443
7558 999992442
7559 999992441
7560 999992440
7561 999992439
7562 999992438
7563 999992437
7564 999992436
7565 999992435
7566 999992434
7567 999992433
7568 999992432
7569 999992431
7570 999992430
7571 999992429
7572 999992428
7573 999992427
7574 999992426
7575 999992425
7576 999992424
7577 999992423
7578 999992422
7579 999992421
7580 999992420
7581 999992419
7582 999992418
7583 999992417
7584 999992416
7585 999992415
7586 999992414
7587 999992413
7588 999992412
7589 999992411
7590 999992410
7591 999992409
7592 999992408
7593 999992407
7594 999992406
7595 999992405
7596 999992404
7597 999992403
7598 999992402
7599 999992401
7600 999992400
7601 999992399
7602 999992398
7603 999992397
7604 999992396
7605 999992395
7606 999992394
7607 999992393
7608 999992392
7609 999992391
7610 999992390
7611 999992389
7612 999992388
7613 999992387
7614 999992386
7615 999992385
7616 999992384
7617 999992383
7618 999992382
7619 999992381
7620 999992380
7621 999992379
7622 999992378
7623 999992377
7624 999992376
7625 999992375
7626 999992374
7627 999992373
7628 999992372
7629 999992371
7630 999992370
7631 999992369
7632 999992368
7633 999992367
7634 999992366
7635 999992365
7636 999992364
7637 999992363
7638 999992362
7639 999992361
7640 999992360
7641 999992359
7642 999992358
7643 999992357
7644 999992356
7645 999992355
7646 999992354
7647 999992353
7648 999992352
7649 999992351
7650 999992350
7651 999992349
7652 999992348
7653 999992347
7654 999992346
7655 999992345
7656 999992344
7657 999992343
7658 999992342
7659 999992341
7660 999992340
7661 999992339
7662 999992338
7663 999992337
7664 999992336
7665 999992335
7666 999992334
7667 999992333
7668 999992332
7669 999992331
7670 999992330
7671 999992329
7672 999992328
7673 999992327
7674 999992326
7675 999992325
7676 999992324
7677 999992323
7678 999992322
7679 999992321
7680 999992320
7681 999992319
7682 999992318
7683 999992317
7684 999992316
7685 999992315
7686 999992314
7687 999992313
7688 999992312
7689 999992311
7690 999992310
7691 999992309
7692 999992308
7693 999992307
7694 999992306
7695 999992305
7696 999992304
7697 999992303
7698 999992302
7699 999992301
7700 999992300
7701 999992299
7702 999992298
7703 999992297
7704 999992296
7705 999992295
7706 999992294
7707 999992293
7708 999992292
7709 999992291
7710 999992290
7711 999992289
7712 999992288
7713 999992287
7714 999992286
7715 999992285
7716 999992284
7717 999992283
7718 999992282
7719 999992281
7720 999992280
7721 999992279
7722 999992278
7723 999992277
7724 999992276
7725 999992275
7726 999992274
7727 999992273
7728 999992272
7729 999992271
7730 999992270
7731 999992269
7732 999992268
7733 999992267
7734 999992266
7735 999992265
7736 999992264
7737 999992263
7738 999992262
7739 999992261
7740 999992260
7741 999992259
7742 999992258
7743 999992257
7744 999992256
7745 999992255
7746 999992254
7747 999992253
7748 999992252
7749 999992251
7750 999992250
7751 999992249
7752 999992248
7753 999992247
7754 999992246
7755 999992245
7756 999992244
7757 999992243
7758 999992242
7759 999992241
7760 999992240
7761 999992239
7762 999992238
7763 999992237
7764 999992236
7765 999992235
7766 999992234
7767 999992233
7768 999992232
7769 999992231
7770 999992230
7771 999992229
7772 999992228
7773 999992227
7774 999992226
7775 999992225
7776 999992224
7777 999992223
7778 999992222
7779 999992221
7780 999992220
7781 999992219
7782 999992218
7783 999992217
7784 999992216
7785 999992215
7786 999992214
7787 999992213
7788 999992212
7789 999992211
7790 999992210
7791 999992209
7792 999992208
7793 999992207
7794 999992206
7795 999992205
7796 999992204
7797 999992203
7798 999992202
7799 999992201
7800 999992200
7801 999992199
7802 999992198
7803 999992197
7804 999992196
7805 999992195
7806 999992194
7807 999992193
7808 999992192
7809 999992191
7810 999992190
7811 999992189
7812 999992188
7813 999992187
7814 999992186
7815 999992185
7816 999992184
7817 999992183
7818 999992182
7819 999992181
7820 999992180
7821 999992179
7822 999992178
7823 999992177
7824 999992176
7825 999992175
7826 999992174
7827 999992173
7828 999992172
7829 999992171
7830 999992170
7831 999992169
7832 999992168
7833 999992167
7834 999992166
7835 999992165
7836 999992164
7837 999992163
7838 999992162
7839 999992161
7840 999992160
7841 999992159
7842 999992158
7843 999992157
7844 999992156
7845 999992155
7846 999992154
7847 999992153
7848 999992152
7849 999992151
7850 999992150
7851 999992149
7852 999992148
7853 999992147
7854 999992146
7855 999992145
7856 999992144
7857 999992143
7858 999992142
7859 999992141
7860 999992140
7861 999992139
7862 999992138
7863 999992137
7864 999992136
7865 999992135
7866 999992134
7867 999992133
7868 999992132
7869 999992131
7870 999992130
7871 999992129
7872 999992128
7873 999992127
7874 999992126
7875 999992125
7876 999992124
7877 999992123
7878 999992122
7879 999992121
7880 999992120
7881 999992119
7882 999992118
7883 999992117
7884 999992116
7885 999992115
7886 999992114
7887 999992113
7888 999992112
7889 999992111
7890 999992110
7891 999992109
7892 999992108
7893 999992107
7894 999992106
7895 999992105
7896 999992104
7897 999992103
7898 999992102
7899 999992101
7900 999992100
7901 999992099
7902 999992098
7903 999992097
7904 999992096
7905 999992095
7906 999992094
7907 999992093
7908 999992092
7909 999992091
7910 999992090
7911 999992089
7912 999992088
7913 999992087
7914 999992086
7915 999992085
7916 999992084
7917 999992083
7918 999992082
7919 999992081
7920 999992080
7921 999992079
7922 999992078
7923 999992077
7924 999992076
7925 999992075
7926 999992074
7927 999992073
7928 999992072
7929 999992071
7930 999992070
7931 999992069
7932 999992068
7933 999992067
7934 999992066
7935 999992065
7936 999992064
7937 999992063
7938 999992062
7939 999992061
7940 999992060
7941 999992059
7942 999992058
7943 999992057
7944 999992056
7945 999992055
7946 999992054
7947 999992053
7948 999992052
7949 999992051
7950 999992050
7951 999992049
7952 999992048
7953 999992047
7954 999992046
7955 999992045
7956 999992044
7957 999992043
7958 999992042
7959 999992041
7960 999992040
7961 999992039
7962 999992038
7963 999992037
7964 999992036
7965 999992035
7966 999992034
7967 999992033
7968 999992032
7969 999992031
7970 999992030
7971 999992029
7972 999992028
7973 999992027
7974 999992026
7975 999992025
7976 999992024
7977 999992023
7978 999992022
7979 999992021
7980 999992020
7981 999992019
7982 999992018
7983 999992017
7984 999992016
7985 999992015
7986 999992014
7987 999992013
7988 999992012
7989 999992011
7990 999992010
7991 999992009
7992 999992008
7993 999992007
7994 999992006
7995 999992005
7996 999992004
7997 999992003
7998 999992002
7999 999992001
8000 999992000
8001 999991999
8002 999991998
8003 999991997
8004 999991996
8005 999991995
8006 999991994
8007 999991993
8008 999991992
8009 999991991
8010 999991990
8011 999991989
8012 999991988
8013 999991987
8014 999991986
8015 999991985
8016 999991984
8017 999991983
8018 999991982
8019 999991981
8020 999991980
8021 999991979
8022 999991978
8023 999991977
8024 999991976
8025 999991975
8026 999991974
8027 999991973
8028 999991972
8029 999991971
8030 999991970
8031 999991969
8032 999991968
8033 999991967
8034 999991966
8035 999991965
8036 999991964
8037 999991963
8038 999991962
8039 999991961
8040 999991960
8041 999991959
8042 999991958
8043 999991957
8044 999991956
8045 999991955
8046 999991954
8047 999991953
8048 999991952
8049 999991951
8050 999991950
8051 999991949
8052 999991948
8053 999991947
8054 999991946
8055 999991945
8056 999991944
8057 999991943
8058 999991942
8059 999991941
8060 999991940
8061 999991939
8062 999991938
8063 999991937
8064 999991936
8065 999991935
8066 999991934
8067 999991933
8068 999991932
8069 999991931
8070 999991930
8071 999991929
8072 999991928
8073 999991927
8074 999991926
8075 999991925
8076 999991924
8077 999991923
8078 999991922
8079 999991921
8080 999991920
8081 999991919
8082 999991918
8083 999991917
8084 999991916
8085 999991915
8086 999991914
8087 999991913
8088 999991912
8089 999991911
8090 999991910
8091 999991909
8092 999991908
8093 999991907
8094 999991906
8095 999991905
8096 999991904
8097 999991903
8098 999991902
8099 999991901
8100 999991900
8101 999991899
8102 999991898
8103 999991897
8104 999991896
8105 999991895
8106 999991894
8107 999991893
8108 999991892
8109 999991891
8110 999991890
8111 999991889
8112 999991888
8113 999991887
8114 999991886
8115 999991885
8116 999991884
8117 999991883
8118 999991882
8119 999991881
8120 999991880
8121 999991879
8122 999991878
8123 999991877
8124 999991876
8125 999991875
8126 999991874
8127 999991873
8128 999991872
8129 999991871
8130 999991870
8131 999991869
8132 999991868
8133 999991867
8134 999991866
8135 999991865
8136 999991864
8137 999991863
8138 999991862
8139 999991861
8140 999991860
8141 999991859
8142 999991858
8143 999991857
8144 999991856
8145 999991855
8146 999991854
8147 999991853
8148 999991852
8149 999991851
8150 999991850
8151 999991849
8152 999991848
8153 999991847
8154 999991846
8155 999991845
8156 999991844
8157 999991843
8158 999991842
8159 999991841
8160 999991840
8161 999991839
8162 999991838
8163 999991837
8164 999991836
8165 999991835
8166 999991834
8167 999991833
8168 999991832
8169 999991831
8170 999991830
8171 999991829
8172 999991828
8173 999991827
8174 999991826
8175 999991825
8176 999991824
8177 999991823
8178 999991822
8179 999991821
8180 999991820
8181 999991819
8182 999991818
8183 999991817
8184 999991816
8185 999991815
8186 999991814
8187 999991813
8188 999991812
8189 999991811
8190 999991810
8191 999991809
8192 999991808
8193 999991807
8194 999991806
8195 999991805
8196 999991804
8197 999991803
8198 999991802
8199 999991801
8200 999991800
8201 999991799
8202 999991798
8203 999991797
8204 999991796
8205 999991795
8206 999991794
8207 999991793
8208 999991792
8209 999991791
8210 999991790
8211 999991789
8212 999991788
8213 999991787
8214 999991786
8215 999991785
8216 999991784
8217 999991783
8218 999991782
8219 999991781
8220 999991780
8221 999991779
8222 999991778
8223 999991777
8224 999991776
8225 999991775
8226 999991774
8227 999991773
8228 999991772
8229 999991771
8230 999991770
8231 999991769
8232 999991768
8233 999991767
8234 999991766
8235 999991765
8236 999991764
8237 999991763
8238 999991762
8239 999991761
8240 999991760
8241 999991759
8242 999991758
8243 999991757
8244 999991756
8245 999991755
8246 999991754
8247 999991753
8248 999991752
8249 999991751
8250 999991750
8251 999991749
8252 999991748
8253 999991747
8254 999991746
8255 999991745
8256 999991744
8257 999991743
8258 999991742
8259 999991741
8260 999991740
8261 999991739
8262 999991738
8263 999991737
8264 999991736
8265 999991735
8266 999991734
8267 999991733
8268 999991732
8269 999991731
8270 999991730
8271 999991729
8272 999991728
8273 999991727
8274 999991726
8275 999991725
8276 999991724
8277 999991723
8278 999991722
8279 999991721
8280 999991720
8281 999991719
8282 999991718
8283 999991717
8284 999991716
8285 999991715
8286 999991714
8287 999991713
8288 999991712
8289 999991711
8290 999991710
8291 999991709
8292 999991708
8293 999991707
8294 999991706
8295 999991705
8296 999991704
8297 999991703
8298 999991702
8299 999991701
8300 999991700
8301 999991699
8302 999991698
8303 999991697
8304 999991696
8305 999991695
8306 999991694
8307 999991693
8308 999991692
8309 999991691
8310 999991690
8311 999991689
8312 999991688
8313 999991687
8314 999991686
8315 999991685
8316 999991684
8317 999991683
8318 999991682
8319 999991681
8320 999991680
8321 999991679
8322 999991678
8323 999991677
8324 999991676
8325 999991675
8326 999991674
8327 999991673
8328 999991672
8329 999991671
8330 999991670
8331 999991669
8332 999991668
8333 999991667
8334 999991666
8335 999991665
8336 999991664
8337 999991663
8338 999991662
8339 999991661
8340 999991660
8341 999991659
8342 999991658
8343 999991657
8344 999991656
8345 999991655
8346 999991654
8347 999991653
8348 999991652
8349 999991651
8350 999991650
8351 999991649
8352 999991648
8353 999991647
8354 999991646
8355 999991645
8356 999991644
8357 999991643
8358 999991642
8359 999991641
8360 999991640
8361 999991639
8362 999991638
8363 999991637
8364 999991636
8365 999991635
8366 999991634
8367 999991633
8368 999991632
8369 999991631
8370 999991630
8371 999991629
8372 999991628
8373 999991627
8374 999991626
8375 999991625
8376 999991624
8377 999991623
8378 999991622
8379 999991621
8380 999991620
8381 999991619
8382 999991618
8383 999991617
8384 999991616
8385 999991615
8386 999991614
8387 999991613
8388 999991612
8389 999991611
8390 999991610
8391 999991609
8392 999991608
8393 999991607
8394 999991606
8395 999991605
8396 999991604
8397 999991603
8398 999991602
8399 999991601
8400 999991600
8401 999991599
8402 999991598
8403 999991597
8404 999991596
8405 999991595
8406 999991594
8407 999991593
8408 999991592
8409 999991591
8410 999991590
8411 999991589
8412 999991588
8413 999991587
8414 999991586
8415 999991585
8416 999991584
8417 999991583
8418 999991582
8419 999991581
8420 999991580
8421 999991579
8422 999991578
8423 999991577
8424 999991576
8425 999991575
8426 999991574
8427 999991573
8428 999991572
8429 999991571
8430 999991570
8431 999991569
8432 999991568
8433 999991567
8434 999991566
8435 999991565
8436 999991564
8437 999991563
8438 999991562
8439 999991561
8440 999991560
8441 999991559
8442 999991558
8443 999991557
8444 999991556
8445 999991555
8446 999991554
8447 999991553
8448 999991552
8449 999991551
8450 999991550
8451 999991549
8452 999991548
8453 999991547
8454 999991546
8455 999991545
8456 999991544
8457 999991543
8458 999991542
8459 999991541
8460 999991540
8461 999991539
8462 999991538
8463 999991537
8464 999991536
8465 999991535
8466 999991534
8467 999991533
8468 999991532
8469 999991531
8470 999991530
8471 999991529
8472 999991528
8473 999991527
8474 999991526
8475 999991525
8476 999991524
8477 999991523
8478 999991522
8479 999991521
8480 999991520
8481 999991519
8482 999991518
8483 999991517
8484 999991516
8485 999991515
8486 999991514
8487 999991513
8488 999991512
8489 999991511
8490 999991510
8491 999991509
8492 999991508
8493 999991507
8494 999991506
8495 999991505
8496 999991504
8497 999991503
8498 999991502
8499 999991501
8500 999991500
8501 999991499
8502 999991498
8503 999991497
8504 999991496
8505 999991495
8506 999991494
8507 999991493
8508 999991492
8509 999991491
8510 999991490
8511 999991489
8512 999991488
8513 999991487
8514 999991486
8515 999991485
8516 999991484
8517 999991483
8518 999991482
8519 999991481
8520 999991480
8521 999991479
8522 999991478
8523 999991477
8524 999991476
8525 999991475
8526 999991474
8527 999991473
8528 999991472
8529 999991471
8530 999991470
8531 999991469
8532 999991468
8533 999991467
8534 999991466
8535 999991465
8536 999991464
8537 999991463
8538 999991462
8539 999991461
8540 999991460
8541 999991459
8542 999991458
8543 999991457
8544 999991456
8545 999991455
8546 999991454
8547 999991453
8548 999991452
8549 999991451
8550 999991450
8551 999991449
8552 999991448
8553 999991447
8554 999991446
8555 999991445
8556 999991444
8557 999991443
8558 999991442
8559 999991441
8560 999991440
8561 999991439
8562 999991438
8563 999991437
8564 999991436
8565 999991435
8566 999991434
8567 999991433
8568 999991432
8569 999991431
8570 999991430
8571 999991429
8572 999991428
8573 999991427
8574 999991426
8575 999991425
8576 999991424
8577 999991423
8578 999991422
8579 999991421
8580 999991420
8581 999991419
8582 999991418
8583 999991417
8584 999991416
8585 999991415
8586 999991414
8587 999991413
8588 999991412
8589 999991411
8590 999991410
8591 999991409
8592 999991408
8593 999991407
8594 999991406
8595 999991405
8596 999991404
8597 999991403
8598 999991402
8599 999991401
8600 999991400
8601 999991399
8602 999991398
8603 999991397
8604 999991396
8605 999991395
8606 999991394
8607 999991393
8608 999991392
8609 999991391
8610 999991390
8611 999991389
8612 999991388
8613 999991387
8614 999991386
8615 999991385
8616 999991384
8617 999991383
8618 999991382
8619 999991381
8620 999991380
8621 999991379
8622 999991378
8623 999991377
8624 999991376
8625 999991375
8626 999991374
8627 999991373
8628 999991372
8629 999991371
8630 999991370
8631 999991369
8632 999991368
8633 999991367
8634 999991366
8635 999991365
8636 999991364
8637 999991363
8638 999991362
8639 999991361
8640 999991360
8641 999991359
8642 999991358
8643 999991357
8644 999991356
8645 999991355
8646 999991354
8647 999991353
8648 999991352
8649 999991351
8650 999991350
8651 999991349
8652 999991348
8653 999991347
8654 999991346
8655 999991345
8656 999991344
8657 999991343
8658 999991342
8659 999991341
8660 999991340
8661 999991339
8662 999991338
8663 999991337
8664 999991336
8665 999991335
8666 999991334
8667 999991333
8668 999991332
8669 999991331
8670 999991330
8671 999991329
8672 999991328
8673 999991327
8674 999991326
8675 999991325
8676 999991324
8677 999991323
8678 999991322
8679 999991321
8680 999991320
8681 999991319
8682 999991318
8683 999991317
8684 999991316
8685 999991315
8686 999991314
8687 999991313
8688 999991312
8689 999991311
8690 999991310
8691 999991309
8692 999991308
8693 999991307
8694 999991306
8695 999991305
8696 999991304
8697 999991303
8698 999991302
8699 999991301
8700 999991300
8701 999991299
8702 999991298
8703 999991297
8704 999991296
8705 999991295
8706 999991294
8707 999991293
8708 999991292
8709 999991291
8710 999991290
8711 999991289
8712 999991288
8713 999991287
8714 999991286
8715 999991285
8716 999991284
8717 999991283
8718 999991282
8719 999991281
8720 999991280
8721 999991279
8722 999991278
8723 999991277
8724 999991276
8725 999991275
8726 999991274
8727 999991273
8728 999991272
8729 999991271
8730 999991270
8731 999991269
8732 999991268
8733 999991267
8734 999991266
8735 999991265
8736 999991264
8737 999991263
8738 999991262
8739 999991261
8740 999991260
8741 999991259
8742 999991258
8743 999991257
8744 999991256
8745 999991255
8746 999991254
8747 999991253
8748 999991252
8749 999991251
8750 999991250
8751 999991249
8752 999991248
8753 999991247
8754 999991246
8755 999991245
8756 999991244
8757 999991243
8758 999991242
8759 999991241
8760 999991240
8761 999991239
8762 999991238
8763 999991237
8764 999991236
8765 999991235
8766 999991234
8767 999991233
8768 999991232
8769 999991231
8770 999991230
8771 999991229
8772 999991228
8773 999991227
8774 999991226
8775 999991225
8776 999991224
8777 999991223
8778 999991222
8779 999991221
8780 999991220
8781 999991219
8782 999991218
8783 999991217
8784 999991216
8785 999991215
8786 999991214
8787 999991213
8788 999991212
8789 999991211
8790 999991210
8791 999991209
8792 999991208
8793 999991207
8794 999991206
8795 999991205
8796 999991204
8797 999991203
8798 999991202
8799 999991201
8800 999991200
8801 999991199
8802 999991198
8803 999991197
8804 999991196
8805 999991195
8806 999991194
8807 999991193
8808 999991192
8809 999991191
8810 999991190
8811 999991189
8812 999991188
8813 999991187
8814 999991186
8815 999991185
8816 999991184
8817 999991183
8818 999991182
8819 999991181
8820 999991180
8821 999991179
8822 999991178
8823 999991177
8824 999991176
8825 999991175
8826 999991174
8827 999991173
8828 999991172
8829 999991171
8830 999991170
8831 999991169
8832 999991168
8833 999991167
8834 999991166
8835 999991165
8836 999991164
8837 999991163
8838 999991162
8839 999991161
8840 999991160
8841 999991159
8842 999991158
8843 999991157
8844 999991156
8845 999991155
8846 999991154
8847 999991153
8848 999991152
8849 999991151
8850 999991150
8851 999991149
8852 999991148
8853 999991147
8854 999991146
8855 999991145
8856 999991144
8857 999991143
8858 999991142
8859 999991141
8860 999991140
8861 999991139
8862 999991138
8863 999991137
8864 999991136
8865 999991135
8866 999991134
8867 999991133
8868 999991132
8869 999991131
8870 999991130
8871 999991129
8872 999991128
8873 999991127
8874 999991126
8875 999991125
8876 999991124
8877 999991123
8878 999991122
8879 999991121
8880 999991120
8881 999991119
8882 999991118
8883 999991117
8884 999991116
8885 999991115
8886 999991114
8887 999991113
8888 999991112
8889 999991111
8890 999991110
8891 999991109
8892 999991108
8893 999991107
8894 999991106
8895 999991105
8896 999991104
8897 999991103
8898 999991102
8899 999991101
8900 999991100
8901 999991099
8902 999991098
8903 999991097
8904 999991096
8905 999991095
8906 999991094
8907 999991093
8908 999991092
8909 999991091
8910 999991090
8911 999991089
8912 999991088
8913 999991087
8914 999991086
8915 999991085
8916 999991084
8917 999991083
8918 999991082
8919 999991081
8920 999991080
8921 999991079
8922 999991078
8923 999991077
8924 999991076
8925 999991075
8926 999991074
8927 999991073
8928 999991072
8929 999991071
8930 999991070
8931 999991069
8932 999991068
8933 999991067
8934 999991066
8935 999991065
8936 999991064
8937 999991063
8938 999991062
8939 999991061
8940 999991060
8941 999991059
8942 999991058
8943 999991057
8944 999991056
8945 999991055
8946 999991054
8947 999991053
8948 999991052
8949 999991051
8950 999991050
8951 999991049
8952 999991048
8953 999991047
8954 999991046
8955 999991045
8956 999991044
8957 999991043
8958 999991042
8959 999991041
8960 999991040
8961 999991039
8962 999991038
8963 999991037
8964 999991036
8965 999991035
8966 999991034
8967 999991033
8968 999991032
8969 999991031
8970 999991030
8971 999991029
8972 999991028
8973 999991027
8974 999991026
8975 999991025
8976 999991024
8977 999991023
8978 999991022
8979 999991021
8980 999991020
8981 999991019
8982 999991018
8983 999991017
8984 999991016
8985 999991015
8986 999991014
8987 999991013
8988 999991012
8989 999991011
8990 999991010
8991 999991009
8992 999991008
8993 999991007
8994 999991006
8995 999991005
8996 999991004
8997 999991003
8998 999991002
8999 999991001
9000 999991000
9001 999990999
9002 999990998
9003 999990997
9004 999990996
9005 999990995
9006 999990994
9007 999990993
9008 999990992
9009 999990991
9010 999990990
9011 999990989
9012 999990988
9013 999990987
9014 999990986
9015 999990985
9016 999990984
9017 999990983
9018 999990982
9019 999990981
9020 999990980
9021 999990979
9022 999990978
9023 999990977
9024 999990976
9025 999990975
9026 999990974
9027 999990973
9028 999990972
9029 999990971
9030 999990970
9031 999990969
9032 999990968
9033 999990967
9034 999990966
9035 999990965
9036 999990964
9037 999990963
9038 999990962
9039 999990961
9040 999990960
9041 999990959
9042 999990958
9043 999990957
9044 999990956
9045 999990955
9046 999990954
9047 999990953
9048 999990952
9049 999990951
9050 999990950
9051 999990949
9052 999990948
9053 999990947
9054 999990946
9055 999990945
9056 999990944
9057 999990943
9058 999990942
9059 999990941
9060 999990940
9061 999990939
9062 999990938
9063 999990937
9064 999990936
9065 999990935
9066 999990934
9067 999990933
9068 999990932
9069 999990931
9070 999990930
9071 999990929
9072 999990928
9073 999990927
9074 999990926
9075 999990925
9076 999990924
9077 999990923
9078 999990922
9079 999990921
9080 999990920
9081 999990919
9082 999990918
9083 999990917
9084 999990916
9085 999990915
9086 999990914
9087 999990913
9088 999990912
9089 999990911
9090 999990910
9091 999990909
9092 999990908
9093 999990907
9094 999990906
9095 999990905
9096 999990904
9097 999990903
9098 999990902
9099 999990901
9100 999990900
9101 999990899
9102 999990898
9103 999990897
9104 999990896
9105 999990895
9106 999990894
9107 999990893
9108 999990892
9109 999990891
9110 999990890
9111 999990889
9112 999990888
9113 999990887
9114 999990886
9115 999990885
9116 999990884
9117 999990883
9118 999990882
9119 999990881
9120 999990880
9121 999990879
9122 999990878
9123 999990877
9124 999990876
9125 999990875
9126 999990874
9127 999990873
9128 999990872
9129 999990871
9130 999990870
9131 999990869
9132 999990868
9133 999990867
9134 999990866
9135 999990865
9136 999990864
9137 999990863
9138 999990862
9139 999990861
9140 999990860
9141 999990859
9142 999990858
9143 999990857
9144 999990856
9145 999990855
9146 999990854
9147 999990853
9148 999990852
9149 999990851
9150 999990850
9151 999990849
9152 999990848
9153 999990847
9154 999990846
9155 999990845
9156 999990844
9157 999990843
9158 999990842
9159 999990841
9160 999990840
9161 999990839
9162 999990838
9163 999990837
9164 999990836
9165 999990835
9166 999990834
9167 999990833
9168 999990832
9169 999990831
9170 999990830
9171 999990829
9172 999990828
9173 999990827
9174 999990826
9175 999990825
9176 999990824
9177 999990823
9178 999990822
9179 999990821
9180 999990820
9181 999990819
9182 999990818
9183 999990817
9184 999990816
9185 999990815
9186 999990814
9187 999990813
9188 999990812
9189 999990811
9190 999990810
9191 999990809
9192 999990808
9193 999990807
9194 999990806
9195 999990805
9196 999990804
9197 999990803
9198 999990802
9199 999990801
9200 999990800
9201 999990799
9202 999990798
9203 999990797
9204 999990796
9205 999990795
9206 999990794
9207 999990793
9208 999990792
9209 999990791
9210 999990790
9211 999990789
9212 999990788
9213 999990787
9214 999990786
9215 999990785
9216 999990784
9217 999990783
9218 999990782
9219 999990781
9220 999990780
9221 999990779
9222 999990778
9223 999990777
9224 999990776
9225 999990775
9226 999990774
9227 999990773
9228 999990772
9229 999990771
9230 999990770
9231 999990769
9232 999990768
9233 999990767
9234 999990766
9235 999990765
9236 999990764
9237 999990763
9238 999990762
9239 999990761
9240 999990760
9241 999990759
9242 999990758
9243 999990757
9244 999990756
9245 999990755
9246 999990754
9247 999990753
9248 999990752
9249 999990751
9250 999990750
9251 999990749
9252 999990748
9253 999990747
9254 999990746
9255 999990745
9256 999990744
9257 999990743
9258 999990742
9259 999990741
9260 999990740
9261 999990739
9262 999990738
9263 999990737
9264 999990736
9265 999990735
9266 999990734
9267 999990733
9268 999990732
9269 999990731
9270 999990730
9271 999990729
9272 999990728
9273 999990727
9274 999990726
9275 999990725
9276 999990724
9277 999990723
9278 999990722
9279 999990721
9280 999990720
9281 999990719
9282 999990718
9283 999990717
9284 999990716
9285 999990715
9286 999990714
9287 999990713
9288 999990712
9289 999990711
9290 999990710
9291 999990709
9292 999990708
9293 999990707
9294 999990706
9295 999990705
9296 999990704
9297 999990703
9298 999990702
9299 999990701
9300 999990700
9301 999990699
9302 999990698
9303 999990697
9304 999990696
9305 999990695
9306 999990694
9307 999990693
9308 999990692
9309 999990691
9310 999990690
9311 999990689
9312 999990688
9313 999990687
9314 999990686
9315 999990685
9316 999990684
9317 999990683
9318 999990682
9319 999990681
9320 999990680
9321 999990679
9322 999990678
9323 999990677
9324 999990676
9325 999990675
9326 999990674
9327 999990673
9328 999990672
9329 999990671
9330 999990670
9331 999990669
9332 999990668
9333 999990667
9334 999990666
9335 999990665
9336 999990664
9337 999990663
9338 999990662
9339 999990661
9340 999990660
9341 999990659
9342 999990658
9343 999990657
9344 999990656
9345 999990655
9346 999990654
9347 999990653
9348 999990652
9349 999990651
9350 999990650
9351 999990649
9352 999990648
9353 999990647
9354 999990646
9355 999990645
9356 999990644
9357 999990643
9358 999990642
9359 999990641
9360 999990640
9361 999990639
9362 999990638
9363 999990637
9364 999990636
9365 999990635
9366 999990634
9367 999990633
9368 999990632
9369 999990631
9370 999990630
9371 999990629
9372 999990628
9373 999990627
9374 999990626
9375 999990625
9376 999990624
9377 999990623
9378 999990622
9379 999990621
9380 999990620
9381 999990619
9382 999990618
9383 999990617
9384 999990616
9385 999990615
9386 999990614
9387 999990613
9388 999990612
9389 999990611
9390 999990610
9391 999990609
9392 999990608
9393 999990607
9394 999990606
9395 999990605
9396 999990604
9397 999990603
9398 999990602
9399 999990601
9400 999990600
9401 999990599
9402 999990598
9403 999990597
9404 999990596
9405 999990595
9406 999990594
9407 999990593
9408 999990592
9409 999990591
9410 999990590
9411 999990589
9412 999990588
9413 999990587
9414 999990586
9415 999990585
9416 999990584
9417 999990583
9418 999990582
9419 999990581
9420 999990580
9421 999990579
9422 999990578
9423 999990577
9424 999990576
9425 999990575
9426 999990574
9427 999990573
9428 999990572
9429 999990571
9430 999990570
9431 999990569
9432 999990568
9433 999990567
9434 999990566
9435 999990565
9436 999990564
9437 999990563
9438 999990562
9439 999990561
9440 999990560
9441 999990559
9442 999990558
9443 999990557
9444 999990556
9445 999990555
9446 999990554
9447 999990553
9448 999990552
9449 999990551
9450 999990550
9451 999990549
9452 999990548
9453 999990547
9454 999990546
9455 999990545
9456 999990544
9457 999990543
9458 999990542
9459 999990541
9460 999990540
9461 999990539
9462 999990538
9463 999990537
9464 999990536
9465 999990535
9466 999990534
9467 999990533
9468 999990532
9469 999990531
9470 999990530
9471 999990529
9472 999990528
9473 999990527
9474 999990526
9475 999990525
9476 999990524
9477 999990523
9478 999990522
9479 999990521
9480 999990520
9481 999990519
9482 999990518
9483 999990517
9484 999990516
9485 999990515
9486 999990514
9487 999990513
9488 999990512
9489 999990511
9490 999990510
9491 999990509
9492 999990508
9493 999990507
9494 999990506
9495 999990505
9496 999990504
9497 999990503
9498 999990502
9499 999990501
9500 999990500
9501 999990499
9502 999990498
9503 999990497
9504 999990496
9505 999990495
9506 999990494
9507 999990493
9508 999990492
9509 999990491
9510 999990490
9511 999990489
9512 999990488
9513 999990487
9514 999990486
9515 999990485
9516 999990484
9517 999990483
9518 999990482
9519 999990481
9520 999990480
9521 999990479
9522 999990478
9523 999990477
9524 999990476
9525 999990475
9526 999990474
9527 999990473
9528 999990472
9529 999990471
9530 999990470
9531 999990469
9532 999990468
9533 999990467
9534 999990466
9535 999990465
9536 999990464
9537 999990463
9538 999990462
9539 999990461
9540 999990460
9541 999990459
9542 999990458
9543 999990457
9544 999990456
9545 999990455
9546 999990454
9547 999990453
9548 999990452
9549 999990451
9550 999990450
9551 999990449
9552 999990448
9553 999990447
9554 999990446
9555 999990445
9556 999990444
9557 999990443
9558 999990442
9559 999990441
9560 999990440
9561 999990439
9562 999990438
9563 999990437
9564 999990436
9565 999990435
9566 999990434
9567 999990433
9568 999990432
9569 999990431
9570 999990430
9571 999990429
9572 999990428
9573 999990427
9574 999990426
9575 999990425
9576 999990424
9577 999990423
9578 999990422
9579 999990421
9580 999990420
9581 999990419
9582 999990418
9583 999990417
9584 999990416
9585 999990415
9586 999990414
9587 999990413
9588 999990412
9589 999990411
9590 999990410
9591 999990409
9592 999990408
9593 999990407
9594 999990406
9595 999990405
9596 999990404
9597 999990403
9598 999990402
9599 999990401
9600 999990400
9601 999990399
9602 999990398
9603 999990397
9604 999990396
9605 999990395
9606 999990394
9607 999990393
9608 999990392
9609 999990391
9610 999990390
9611 999990389
9612 999990388
9613 999990387
9614 999990386
9615 999990385
9616 999990384
9617 999990383
9618 999990382
9619 999990381
9620 999990380
9621 999990379
9622 999990378
9623 999990377
9624 999990376
9625 999990375
9626 999990374
9627 999990373
9628 999990372
9629 999990371
9630 999990370
9631 999990369
9632 999990368
9633 999990367
9634 999990366
9635 999990365
9636 999990364
9637 999990363
9638 999990362
9639 999990361
9640 999990360
9641 999990359
9642 999990358
9643 999990357
9644 999990356
9645 999990355
9646 999990354
9647 999990353
9648 999990352
9649 999990351
9650 999990350
9651 999990349
9652 999990348
9653 999990347
9654 999990346
9655 999990345
9656 999990344
9657 999990343
9658 999990342
9659 999990341
9660 999990340
9661 999990339
9662 999990338
9663 999990337
9664 999990336
9665 999990335
9666 999990334
9667 999990333
9668 999990332
9669 999990331
9670 999990330
9671 999990329
9672 999990328
9673 999990327
9674 999990326
9675 999990325
9676 999990324
9677 999990323
9678 999990322
9679 999990321
9680 999990320
9681 999990319
9682 999990318
9683 999990317
9684 999990316
9685 999990315
9686 999990314
9687 999990313
9688 999990312
9689 999990311
9690 999990310
9691 999990309
9692 999990308
9693 999990307
9694 999990306
9695 999990305
9696 999990304
9697 999990303
9698 999990302
9699 999990301
9700 999990300
9701 999990299
9702 999990298
9703 999990297
9704 999990296
9705 999990295
9706 999990294
9707 999990293
9708 999990292
9709 999990291
9710 999990290
9711 999990289
9712 999990288
9713 999990287
9714 999990286
9715 999990285
9716 999990284
9717 999990283
9718 999990282
9719 999990281
9720 999990280
9721 999990279
9722 999990278
9723 999990277
9724 999990276
9725 999990275
9726 999990274
9727 999990273
9728 999990272
9729 999990271
9730 999990270
9731 999990269
9732 999990268
9733 999990267
9734 999990266
9735 999990265
9736 999990264
9737 999990263
9738 999990262
9739 999990261
9740 999990260
9741 999990259
9742 999990258
9743 999990257
9744 999990256
9745 999990255
9746 999990254
9747 999990253
9748 999990252
9749 999990251
9750 999990250
9751 999990249
9752 999990248
9753 999990247
9754 999990246
9755 999990245
9756 999990244
9757 999990243
9758 999990242
9759 999990241
9760 999990240
9761 999990239
9762 999990238
9763 999990237
9764 999990236
9765 999990235
9766 999990234
9767 999990233
9768 999990232
9769 999990231
9770 999990230
9771 999990229
9772 999990228
9773 999990227
9774 999990226
9775 999990225
9776 999990224
9777 999990223
9778 999990222
9779 999990221
9780 999990220
9781 999990219
9782 999990218
9783 999990217
9784 999990216
9785 999990215
9786 999990214
9787 999990213
9788 999990212
9789 999990211
9790 999990210
9791 999990209
9792 999990208
9793 999990207
9794 999990206
9795 999990205
9796 999990204
9797 999990203
9798 999990202
9799 999990201
9800 999990200
9801 999990199
9802 999990198
9803 999990197
9804 999990196
9805 999990195
9806 999990194
9807 999990193
9808 999990192
9809 999990191
9810 999990190
9811 999990189
9812 999990188
9813 999990187
9814 999990186
9815 999990185
9816 999990184
9817 999990183
9818 999990182
9819 999990181
9820 999990180
9821 999990179
9822 999990178
9823 999990177
9824 999990176
9825 999990175
9826 999990174
9827 999990173
9828 999990172
9829 999990171
9830 999990170
9831 999990169
9832 999990168
9833 999990167
9834 999990166
9835 999990165
9836 999990164
9837 999990163
9838 999990162
9839 999990161
9840 999990160
9841 999990159
9842 999990158
9843 999990157
9844 999990156
9845 999990155
9846 999990154
9847 999990153
9848 999990152
9849 999990151
9850 999990150
9851 999990149
9852 999990148
9853 999990147
9854 999990146
9855 999990145
9856 999990144
9857 999990143
9858 999990142
9859 999990141
9860 999990140
9861 999990139
9862 999990138
9863 999990137
9864 999990136
9865 999990135
9866 999990134
9867 999990133
9868 999990132
9869 999990131
9870 999990130
9871 999990129
9872 999990128
9873 999990127
9874 999990126
9875 999990125
9876 999990124
9877 999990123
9878 999990122
9879 999990121
9880 999990120
9881 999990119
9882 999990118
9883 999990117
9884 999990116
9885 999990115
9886 999990114
9887 999990113
9888 999990112
9889 999990111
9890 999990110
9891 999990109
9892 999990108
9893 999990107
9894 999990106
9895 999990105
9896 999990104
9897 999990103
9898 999990102
9899 999990101
9900 999990100
9901 999990099
9902 999990098
9903 999990097
9904 999990096
9905 999990095
9906 999990094
9907 999990093
9908 999990092
9909 999990091
9910 999990090
9911 999990089
9912 999990088
9913 999990087
9914 999990086
9915 999990085
9916 999990084
9917 999990083
9918 999990082
9919 999990081
9920 999990080
9921 999990079
9922 999990078
9923 999990077
9924 999990076
9925 999990075
9926 999990074
9927 999990073
9928 999990072
9929 999990071
9930 999990070
9931 999990069
9932 999990068
9933 999990067
9934 999990066
9935 999990065
9936 999990064
9937 999990063
9938 999990062
9939 999990061
9940 999990060
9941 999990059
9942 999990058
9943 999990057
9944 999990056
9945 999990055
9946 999990054
9947 999990053
9948 999990052
9949 999990051
9950 999990050
9951 999990049
9952 999990048
9953 999990047
9954 999990046
9955 999990045
9956 999990044
9957 999990043
9958 999990042
9959 999990041
9960 999990040
9961 999990039
9962 999990038
9963 999990037
9964 999990036
9965 999990035
9966 999990034
9967 999990033
9968 999990032
9969 999990031
9970 999990030
9971 999990029
9972 999990028
9973 999990027
9974 999990026
9975 999990025
9976 999990024
9977 999990023
9978 999990022
9979 999990021
9980 999990020
9981 999990019
9982 999990018
9983 999990017
9984 999990016
9985 999990015
9986 999990014
9987 999990013
9988 999990012
9989 999990011
9990 999990010
9991 999990009
9992 999990008
9993 999990007
9994 999990006
9995 999990005
9996 999990004
9997 999990003
9998 999990002
9999 999990001
